--------------------------------------------------------
--  File created - Wednesday-March-08-2017   
--------------------------------------------------------
DROP TABLE "QMUSER"."C_PARAMETER" cascade constraints;
DROP TABLE "QMUSER"."C_PRODUCT" cascade constraints;
DROP TABLE "QMUSER"."C_RANGE_COMPONENT" cascade constraints;
DROP TABLE "QMUSER"."D_CEMENT_DAILY" cascade constraints;
DROP TABLE "QMUSER"."D_CEMENT_HOURLY" cascade constraints;
DROP TABLE "QMUSER"."D_PRODUCTION" cascade constraints;
DROP TABLE "QMUSER"."D_PRODUCTION_DAILY" cascade constraints;
DROP TABLE "QMUSER"."D_PRODUCTION_HOURLY" cascade constraints;
DROP TABLE "QMUSER"."M_AREA" cascade constraints;
DROP TABLE "QMUSER"."M_AUTHORITY" cascade constraints;
DROP TABLE "QMUSER"."M_COMPANY" cascade constraints;
DROP TABLE "QMUSER"."M_COMPONENT" cascade constraints;
DROP TABLE "QMUSER"."M_GROUPAREA" cascade constraints;
DROP TABLE "QMUSER"."M_LEVEL_USER" cascade constraints;
DROP TABLE "QMUSER"."M_MENU" cascade constraints;
DROP TABLE "QMUSER"."M_MESIN_STATUS" cascade constraints;
DROP TABLE "QMUSER"."M_PLANT" cascade constraints;
DROP TABLE "QMUSER"."M_PRODUCT" cascade constraints;
DROP TABLE "QMUSER"."M_USERGROUP" cascade constraints;
DROP TABLE "QMUSER"."M_USERS" cascade constraints;
DROP TABLE "QMUSER"."T_CEMENT_DAILY" cascade constraints;
DROP TABLE "QMUSER"."T_CEMENT_HOURLY" cascade constraints;
DROP TABLE "QMUSER"."T_PRODUCTION" cascade constraints;
DROP TABLE "QMUSER"."T_PRODUCTION_DAILY" cascade constraints;
DROP TABLE "QMUSER"."T_PRODUCTION_HOURLY" cascade constraints;
DROP SEQUENCE "QMUSER"."SEQ_ID_AREA";
DROP SEQUENCE "QMUSER"."SEQ_ID_COMPANY";
DROP SEQUENCE "QMUSER"."SEQ_ID_COMPONENT";
DROP SEQUENCE "QMUSER"."SEQ_ID_C_PRODUCT";
DROP SEQUENCE "QMUSER"."SEQ_ID_C_RANGE_COMPONENT";
DROP SEQUENCE "QMUSER"."SEQ_ID_GROUPAREA";
DROP SEQUENCE "QMUSER"."SEQ_ID_MENU";
DROP SEQUENCE "QMUSER"."SEQ_ID_MESIN_STATUS";
DROP SEQUENCE "QMUSER"."SEQ_ID_PARAMETER";
DROP SEQUENCE "QMUSER"."SEQ_ID_PLANT";
DROP SEQUENCE "QMUSER"."SEQ_ID_PRODUCT";
DROP SEQUENCE "QMUSER"."SEQ_ID_PRODUCTION_HOURLY";

--------------------------------------------------------
--  DDL for Table C_PARAMETER
--------------------------------------------------------

  CREATE TABLE "QMUSER"."C_PARAMETER" 
   (  "ID_PARAMETER" NUMBER(*,0), 
  "ID_PLANT" NUMBER(*,0), 
  "ID_GROUPAREA" NUMBER(*,0), 
  "ID_COMPONENT" NUMBER(*,0)
   ) SEGMENT CREATION IMMEDIATE 
  PCTFREE 10 PCTUSED 40 INITRANS 1 MAXTRANS 255 
 NOCOMPRESS LOGGING
  STORAGE(INITIAL 65536 NEXT 1048576 MINEXTENTS 1 MAXEXTENTS 2147483645
  PCTINCREASE 0 FREELISTS 1 FREELIST GROUPS 1
  BUFFER_POOL DEFAULT FLASH_CACHE DEFAULT CELL_FLASH_CACHE DEFAULT)
  TABLESPACE "USERS" ;
--------------------------------------------------------
--  DDL for Table C_PRODUCT
--------------------------------------------------------

  CREATE TABLE "QMUSER"."C_PRODUCT" 
   (  "ID_C_PRODUCT" NUMBER(*,0), 
  "ID_AREA" NUMBER(*,0), 
  "ID_PRODUCT" NUMBER(*,0)
   ) SEGMENT CREATION IMMEDIATE 
  PCTFREE 10 PCTUSED 40 INITRANS 1 MAXTRANS 255 
 NOCOMPRESS LOGGING
  STORAGE(INITIAL 65536 NEXT 1048576 MINEXTENTS 1 MAXEXTENTS 2147483645
  PCTINCREASE 0 FREELISTS 1 FREELIST GROUPS 1
  BUFFER_POOL DEFAULT FLASH_CACHE DEFAULT CELL_FLASH_CACHE DEFAULT)
  TABLESPACE "USERS" ;
--------------------------------------------------------
--  DDL for Table C_RANGE_COMPONENT
--------------------------------------------------------

  CREATE TABLE "QMUSER"."C_RANGE_COMPONENT" 
   (  "ID_RANGE_COMPONENT" NUMBER(*,0), 
  "ID_PARAMETER" NUMBER(*,0), 
  "V_MIN" NUMBER(4,2), 
  "V_MAX" NUMBER(4,1)
   ) SEGMENT CREATION IMMEDIATE 
  PCTFREE 10 PCTUSED 40 INITRANS 1 MAXTRANS 255 
 NOCOMPRESS LOGGING
  STORAGE(INITIAL 65536 NEXT 1048576 MINEXTENTS 1 MAXEXTENTS 2147483645
  PCTINCREASE 0 FREELISTS 1 FREELIST GROUPS 1
  BUFFER_POOL DEFAULT FLASH_CACHE DEFAULT CELL_FLASH_CACHE DEFAULT)
  TABLESPACE "USERS" ;
--------------------------------------------------------
--  DDL for Table D_CEMENT_DAILY
--------------------------------------------------------

  CREATE TABLE "QMUSER"."D_CEMENT_DAILY" 
   (  "ID_CEMENT_DAILY" NUMBER(*,0), 
  "ID_COMPONENT" NUMBER(*,0), 
  "NILAI" NUMBER(4,2)
   )  
  PCTFREE 10 PCTUSED 40 INITRANS 1 MAXTRANS 255 
 NOCOMPRESS LOGGING
  STORAGE( INITIAL 65536 NEXT 1048576 MINEXTENTS 1
  FREELISTS 1 FREELIST GROUPS 1
  BUFFER_POOL DEFAULT FLASH_CACHE DEFAULT CELL_FLASH_CACHE DEFAULT)
  TABLESPACE "USERS" ;
--------------------------------------------------------
--  DDL for Table D_CEMENT_HOURLY
--------------------------------------------------------

  CREATE TABLE "QMUSER"."D_CEMENT_HOURLY" 
   (  "ID_CEMENT_HOURLY" NUMBER(*,0), 
  "ID_COMPONENT" NUMBER(*,0), 
  "NILAI" NUMBER(4,2)
   )  
  PCTFREE 10 PCTUSED 40 INITRANS 1 MAXTRANS 255 
 NOCOMPRESS LOGGING
  STORAGE( INITIAL 65536 NEXT 1048576 MINEXTENTS 1
  FREELISTS 1 FREELIST GROUPS 1
  BUFFER_POOL DEFAULT FLASH_CACHE DEFAULT CELL_FLASH_CACHE DEFAULT)
  TABLESPACE "USERS" ;
--------------------------------------------------------
--  DDL for Table D_PRODUCTION
--------------------------------------------------------

  CREATE TABLE "QMUSER"."D_PRODUCTION" 
   (  "ID_PRODUCTION" NUMBER(*,0), 
  "ID_AREA" NUMBER(*,0), 
  "ID_PRODUCT" NUMBER(*,0), 
  "NILAI" NUMBER(6,3)
   )  
  PCTFREE 10 PCTUSED 40 INITRANS 1 MAXTRANS 255 
 NOCOMPRESS LOGGING
  STORAGE( INITIAL 65536 NEXT 1048576 MINEXTENTS 1
  FREELISTS 1 FREELIST GROUPS 1
  BUFFER_POOL DEFAULT FLASH_CACHE DEFAULT CELL_FLASH_CACHE DEFAULT)
  TABLESPACE "USERS" ;
--------------------------------------------------------
--  DDL for Table D_PRODUCTION_DAILY
--------------------------------------------------------

  CREATE TABLE "QMUSER"."D_PRODUCTION_DAILY" 
   (  "ID_PRODUCTION_DAILY" NUMBER(*,0), 
  "ID_COMPONENT" NUMBER(*,0), 
  "NILAI" NUMBER(4,2), 
  "NO_FIELD" NUMBER
   )  
  PCTFREE 10 PCTUSED 40 INITRANS 1 MAXTRANS 255 
 NOCOMPRESS LOGGING
  STORAGE( INITIAL 65536 NEXT 1048576 MINEXTENTS 1
  FREELISTS 1 FREELIST GROUPS 1
  BUFFER_POOL DEFAULT FLASH_CACHE DEFAULT CELL_FLASH_CACHE DEFAULT)
  TABLESPACE "USERS" ;
--------------------------------------------------------
--  DDL for Table D_PRODUCTION_HOURLY
--------------------------------------------------------

  CREATE TABLE "QMUSER"."D_PRODUCTION_HOURLY" 
   (  "ID_PRODUCTION_HOURLY" NUMBER(*,0), 
  "ID_COMPONENT" NUMBER(*,0), 
  "NILAI" NUMBER(4,2), 
  "NO_FIELD" NUMBER
   )  
  PCTFREE 10 PCTUSED 40 INITRANS 1 MAXTRANS 255 
 NOCOMPRESS LOGGING
  STORAGE( INITIAL 65536 NEXT 1048576 MINEXTENTS 1
  FREELISTS 1 FREELIST GROUPS 1
  BUFFER_POOL DEFAULT FLASH_CACHE DEFAULT CELL_FLASH_CACHE DEFAULT)
  TABLESPACE "USERS" ;
--------------------------------------------------------
--  DDL for Table M_AREA
--------------------------------------------------------

  CREATE TABLE "QMUSER"."M_AREA" 
   (  "ID_AREA" NUMBER(*,0), 
  "ID_PLANT" NUMBER(*,0), 
  "KD_AREA" CHAR(20 BYTE), 
  "NM_AREA" VARCHAR2(100 BYTE), 
  "ID_GROUPAREA" NUMBER
   ) SEGMENT CREATION IMMEDIATE 
  PCTFREE 10 PCTUSED 40 INITRANS 1 MAXTRANS 255 
 NOCOMPRESS LOGGING
  STORAGE(INITIAL 65536 NEXT 1048576 MINEXTENTS 1 MAXEXTENTS 2147483645
  PCTINCREASE 0 FREELISTS 1 FREELIST GROUPS 1
  BUFFER_POOL DEFAULT FLASH_CACHE DEFAULT CELL_FLASH_CACHE DEFAULT)
  TABLESPACE "USERS" ;
--------------------------------------------------------
--  DDL for Table M_AUTHORITY
--------------------------------------------------------

  CREATE TABLE "QMUSER"."M_AUTHORITY" 
   (  "ID_USERGROUP" NUMBER(*,0), 
  "ID_MENU" NUMBER(*,0), 
  "PERM_READ" CHAR(1 BYTE), 
  "PERM_WRITE" CHAR(1 BYTE)
   )  
  PCTFREE 10 PCTUSED 40 INITRANS 1 MAXTRANS 255 
 NOCOMPRESS LOGGING
  STORAGE( INITIAL 65536 NEXT 1048576 MINEXTENTS 1
  FREELISTS 1 FREELIST GROUPS 1
  BUFFER_POOL DEFAULT FLASH_CACHE DEFAULT CELL_FLASH_CACHE DEFAULT)
  TABLESPACE "USERS" ;
--------------------------------------------------------
--  DDL for Table M_COMPANY
--------------------------------------------------------

  CREATE TABLE "QMUSER"."M_COMPANY" 
   (  "ID_COMPANY" NUMBER(*,0), 
  "KD_COMPANY" CHAR(20 BYTE), 
  "NM_COMPANY" VARCHAR2(100 BYTE)
   ) SEGMENT CREATION IMMEDIATE 
  PCTFREE 10 PCTUSED 40 INITRANS 1 MAXTRANS 255 
 NOCOMPRESS LOGGING
  STORAGE(INITIAL 65536 NEXT 1048576 MINEXTENTS 1 MAXEXTENTS 2147483645
  PCTINCREASE 0 FREELISTS 1 FREELIST GROUPS 1
  BUFFER_POOL DEFAULT FLASH_CACHE DEFAULT CELL_FLASH_CACHE DEFAULT)
  TABLESPACE "USERS" ;
--------------------------------------------------------
--  DDL for Table M_COMPONENT
--------------------------------------------------------

  CREATE TABLE "QMUSER"."M_COMPONENT" 
   (  "ID_COMPONENT" NUMBER(*,0), 
  "KD_COMPONENT" CHAR(20 BYTE), 
  "NM_COMPONENT" VARCHAR2(100 BYTE)
   ) SEGMENT CREATION IMMEDIATE 
  PCTFREE 10 PCTUSED 40 INITRANS 1 MAXTRANS 255 
 NOCOMPRESS LOGGING
  STORAGE(INITIAL 65536 NEXT 1048576 MINEXTENTS 1 MAXEXTENTS 2147483645
  PCTINCREASE 0 FREELISTS 1 FREELIST GROUPS 1
  BUFFER_POOL DEFAULT FLASH_CACHE DEFAULT CELL_FLASH_CACHE DEFAULT)
  TABLESPACE "USERS" ;
--------------------------------------------------------
--  DDL for Table M_GROUPAREA
--------------------------------------------------------

  CREATE TABLE "QMUSER"."M_GROUPAREA" 
   (  "ID_GROUPAREA" NUMBER(*,0), 
  "KD_GROUPAREA" CHAR(20 BYTE), 
  "NM_GROUPAREA" VARCHAR2(100 BYTE)
   ) SEGMENT CREATION IMMEDIATE 
  PCTFREE 10 PCTUSED 40 INITRANS 1 MAXTRANS 255 
 NOCOMPRESS LOGGING
  STORAGE(INITIAL 65536 NEXT 1048576 MINEXTENTS 1 MAXEXTENTS 2147483645
  PCTINCREASE 0 FREELISTS 1 FREELIST GROUPS 1
  BUFFER_POOL DEFAULT FLASH_CACHE DEFAULT CELL_FLASH_CACHE DEFAULT)
  TABLESPACE "USERS" ;
--------------------------------------------------------
--  DDL for Table M_LEVEL_USER
--------------------------------------------------------

  CREATE TABLE "QMUSER"."M_LEVEL_USER" 
   (  "ID_LEVEL_USER" NUMBER(*,0), 
  "NM_LEVEL_USER" VARCHAR2(255 BYTE)
   )  
  PCTFREE 10 PCTUSED 40 INITRANS 1 MAXTRANS 255 
 NOCOMPRESS LOGGING
  STORAGE( INITIAL 65536 NEXT 1048576 MINEXTENTS 1
  FREELISTS 1 FREELIST GROUPS 1
  BUFFER_POOL DEFAULT FLASH_CACHE DEFAULT CELL_FLASH_CACHE DEFAULT)
  TABLESPACE "USERS" ;
--------------------------------------------------------
--  DDL for Table M_MENU
--------------------------------------------------------

  CREATE TABLE "QMUSER"."M_MENU" 
   (  "ID_MENU" NUMBER(*,0), 
  "NM_MENU" VARCHAR2(255 BYTE), 
  "URL_MENU" VARCHAR2(255 BYTE), 
  "ACTIVE" NUMBER(1,0) DEFAULT 1
   ) SEGMENT CREATION IMMEDIATE 
  PCTFREE 10 PCTUSED 40 INITRANS 1 MAXTRANS 255 
 NOCOMPRESS LOGGING
  STORAGE(INITIAL 65536 NEXT 1048576 MINEXTENTS 1 MAXEXTENTS 2147483645
  PCTINCREASE 0 FREELISTS 1 FREELIST GROUPS 1
  BUFFER_POOL DEFAULT FLASH_CACHE DEFAULT CELL_FLASH_CACHE DEFAULT)
  TABLESPACE "USERS" ;
--------------------------------------------------------
--  DDL for Table M_MESIN_STATUS
--------------------------------------------------------

  CREATE TABLE "QMUSER"."M_MESIN_STATUS" 
   (  "ID_MESIN_STATUS" NUMBER(*,0), 
  "KD_MESIN_STATUS" CHAR(20 BYTE), 
  "NM_MESIN_STATUS" VARCHAR2(100 BYTE)
   ) SEGMENT CREATION IMMEDIATE 
  PCTFREE 10 PCTUSED 40 INITRANS 1 MAXTRANS 255 
 NOCOMPRESS LOGGING
  STORAGE(INITIAL 65536 NEXT 1048576 MINEXTENTS 1 MAXEXTENTS 2147483645
  PCTINCREASE 0 FREELISTS 1 FREELIST GROUPS 1
  BUFFER_POOL DEFAULT FLASH_CACHE DEFAULT CELL_FLASH_CACHE DEFAULT)
  TABLESPACE "USERS" ;
--------------------------------------------------------
--  DDL for Table M_PLANT
--------------------------------------------------------

  CREATE TABLE "QMUSER"."M_PLANT" 
   (  "ID_PLANT" NUMBER(*,0), 
  "ID_COMPANY" NUMBER(*,0), 
  "KD_PLANT" CHAR(20 BYTE), 
  "NM_PLANT" VARCHAR2(100 BYTE)
   ) SEGMENT CREATION IMMEDIATE 
  PCTFREE 10 PCTUSED 40 INITRANS 1 MAXTRANS 255 
 NOCOMPRESS LOGGING
  STORAGE(INITIAL 65536 NEXT 1048576 MINEXTENTS 1 MAXEXTENTS 2147483645
  PCTINCREASE 0 FREELISTS 1 FREELIST GROUPS 1
  BUFFER_POOL DEFAULT FLASH_CACHE DEFAULT CELL_FLASH_CACHE DEFAULT)
  TABLESPACE "USERS" ;
--------------------------------------------------------
--  DDL for Table M_PRODUCT
--------------------------------------------------------

  CREATE TABLE "QMUSER"."M_PRODUCT" 
   (  "ID_PRODUCT" NUMBER(*,0), 
  "KD_PRODUCT" CHAR(20 BYTE), 
  "NM_PRODUCT" VARCHAR2(100 BYTE)
   ) SEGMENT CREATION IMMEDIATE 
  PCTFREE 10 PCTUSED 40 INITRANS 1 MAXTRANS 255 
 NOCOMPRESS LOGGING
  STORAGE(INITIAL 65536 NEXT 1048576 MINEXTENTS 1 MAXEXTENTS 2147483645
  PCTINCREASE 0 FREELISTS 1 FREELIST GROUPS 1
  BUFFER_POOL DEFAULT FLASH_CACHE DEFAULT CELL_FLASH_CACHE DEFAULT)
  TABLESPACE "USERS" ;
--------------------------------------------------------
--  DDL for Table M_USERGROUP
--------------------------------------------------------

  CREATE TABLE "QMUSER"."M_USERGROUP" 
   (  "ID_USERGROUP" NUMBER, 
  "KD_USERGROUP" CHAR(20 BYTE), 
  "NM_USERGROUP" VARCHAR2(100 BYTE)
   )  
  PCTFREE 10 PCTUSED 40 INITRANS 1 MAXTRANS 255 
 NOCOMPRESS LOGGING
  STORAGE( INITIAL 65536 NEXT 1048576 MINEXTENTS 1
  FREELISTS 1 FREELIST GROUPS 1
  BUFFER_POOL DEFAULT FLASH_CACHE DEFAULT CELL_FLASH_CACHE DEFAULT)
  TABLESPACE "USERS" ;
--------------------------------------------------------
--  DDL for Table M_USERS
--------------------------------------------------------

  CREATE TABLE "QMUSER"."M_USERS" 
   (  "ID_USER" NUMBER(*,0), 
  "ID_LEVEL_USER" NUMBER(*,0), 
  "USERNAME" VARCHAR2(100 BYTE), 
  "USERPASS" VARCHAR2(100 BYTE)
   )  
  PCTFREE 10 PCTUSED 40 INITRANS 1 MAXTRANS 255 
 NOCOMPRESS LOGGING
  STORAGE( INITIAL 65536 NEXT 1048576 MINEXTENTS 1
  FREELISTS 1 FREELIST GROUPS 1
  BUFFER_POOL DEFAULT FLASH_CACHE DEFAULT CELL_FLASH_CACHE DEFAULT)
  TABLESPACE "USERS" ;
--------------------------------------------------------
--  DDL for Table T_CEMENT_DAILY
--------------------------------------------------------

  CREATE TABLE "QMUSER"."T_CEMENT_DAILY" 
   (  "ID_CEMENT_DAILY" NUMBER(*,0), 
  "ID_AREA" NUMBER(*,0), 
  "ID_PRODUCT" NUMBER(*,0), 
  "DATE_DATA" DATE, 
  "DATE_ENTRY" DATE, 
  "USER_ENTRY" NUMBER(*,0), 
  "USER_UPDATE" NUMBER(*,0), 
  "MESIN_REMARK" VARCHAR2(255 BYTE)
   )  
  PCTFREE 10 PCTUSED 40 INITRANS 1 MAXTRANS 255 
 NOCOMPRESS LOGGING
  STORAGE( INITIAL 65536 NEXT 1048576 MINEXTENTS 1
  FREELISTS 1 FREELIST GROUPS 1
  BUFFER_POOL DEFAULT FLASH_CACHE DEFAULT CELL_FLASH_CACHE DEFAULT)
  TABLESPACE "USERS" ;
--------------------------------------------------------
--  DDL for Table T_CEMENT_HOURLY
--------------------------------------------------------

  CREATE TABLE "QMUSER"."T_CEMENT_HOURLY" 
   (  "ID_CEMENT_HOURLY" NUMBER(*,0), 
  "ID_AREA" NUMBER(*,0), 
  "ID_PRODUCT" NUMBER(*,0), 
  "DATE_DATA" DATE, 
  "JAM_DATA" NUMBER(*,0), 
  "DATE_ENTRY" DATE, 
  "JAM_ENTRY" NUMBER(*,0), 
  "USER_ENTRY" NUMBER(*,0), 
  "USER_UPDATE" NUMBER(*,0), 
  "MESIN_REMARK" VARCHAR2(255 BYTE)
   )  
  PCTFREE 10 PCTUSED 40 INITRANS 1 MAXTRANS 255 
 NOCOMPRESS LOGGING
  STORAGE( INITIAL 65536 NEXT 1048576 MINEXTENTS 1
  FREELISTS 1 FREELIST GROUPS 1
  BUFFER_POOL DEFAULT FLASH_CACHE DEFAULT CELL_FLASH_CACHE DEFAULT)
  TABLESPACE "USERS" ;
--------------------------------------------------------
--  DDL for Table T_PRODUCTION
--------------------------------------------------------

  CREATE TABLE "QMUSER"."T_PRODUCTION" 
   (  "ID_PRODUCTION" NUMBER(*,0), 
  "TAHUN" NUMBER(*,0), 
  "BULAN" NUMBER(*,0), 
  "DATE_ENTRY" DATE, 
  "DATE_UPDATE" DATE, 
  "USER_ENTRY" NUMBER(*,0), 
  "USER_UPDATE" NUMBER(*,0)
   )  
  PCTFREE 10 PCTUSED 40 INITRANS 1 MAXTRANS 255 
 NOCOMPRESS LOGGING
  STORAGE( INITIAL 65536 NEXT 1048576 MINEXTENTS 1
  FREELISTS 1 FREELIST GROUPS 1
  BUFFER_POOL DEFAULT FLASH_CACHE DEFAULT CELL_FLASH_CACHE DEFAULT)
  TABLESPACE "USERS" ;

   COMMENT ON TABLE "QMUSER"."T_PRODUCTION"  IS 'UNTUK QAF';
--------------------------------------------------------
--  DDL for Table T_PRODUCTION_DAILY
--------------------------------------------------------

  CREATE TABLE "QMUSER"."T_PRODUCTION_DAILY" 
   (  "ID_PRODUCTION_DAILY" NUMBER(*,0), 
  "ID_AREA" NUMBER(*,0), 
  "ID_MESIN_STATUS" NUMBER(*,0), 
  "DATE_DATA" DATE, 
  "DATE_ENTRY" DATE, 
  "USER_ENTRY" NUMBER(*,0), 
  "USER_UPDATE" NUMBER(*,0), 
  "MESIN_REMARK" VARCHAR2(255 BYTE)
   )  
  PCTFREE 10 PCTUSED 40 INITRANS 1 MAXTRANS 255 
 NOCOMPRESS LOGGING
  STORAGE( INITIAL 65536 NEXT 1048576 MINEXTENTS 1
  FREELISTS 1 FREELIST GROUPS 1
  BUFFER_POOL DEFAULT FLASH_CACHE DEFAULT CELL_FLASH_CACHE DEFAULT)
  TABLESPACE "USERS" ;
--------------------------------------------------------
--  DDL for Table T_PRODUCTION_HOURLY
--------------------------------------------------------

  CREATE TABLE "QMUSER"."T_PRODUCTION_HOURLY" 
   (  "ID_PRODUCTION_HOURLY" NUMBER(*,0), 
  "ID_AREA" NUMBER(*,0), 
  "ID_MESIN_STATUS" NUMBER(*,0), 
  "DATE_DATA" DATE, 
  "JAM_DATA" NUMBER(*,0), 
  "DATE_ENTRY" DATE, 
  "JAM_ENTRY" NUMBER(*,0), 
  "USER_ENTRY" NUMBER(*,0), 
  "USER_UPDATE" NUMBER(*,0), 
  "MESIN_REMARK" VARCHAR2(255 BYTE)
   )  
  PCTFREE 10 PCTUSED 40 INITRANS 1 MAXTRANS 255 
 NOCOMPRESS LOGGING
  STORAGE( INITIAL 65536 NEXT 1048576 MINEXTENTS 1
  FREELISTS 1 FREELIST GROUPS 1
  BUFFER_POOL DEFAULT FLASH_CACHE DEFAULT CELL_FLASH_CACHE DEFAULT)
  TABLESPACE "USERS" ;
--------------------------------------------------------
--  DDL for Sequence SEQ_ID_AREA
--------------------------------------------------------

   CREATE SEQUENCE  "QMUSER"."SEQ_ID_AREA"  MINVALUE 1 MAXVALUE 9999 INCREMENT BY 1 START WITH 61 CACHE 20 NOORDER  NOCYCLE ;
--------------------------------------------------------
--  DDL for Sequence SEQ_ID_COMPANY
--------------------------------------------------------

   CREATE SEQUENCE  "QMUSER"."SEQ_ID_COMPANY"  MINVALUE 1 MAXVALUE 9999 INCREMENT BY 1 START WITH 21 CACHE 20 NOORDER  NOCYCLE ;
--------------------------------------------------------
--  DDL for Sequence SEQ_ID_COMPONENT
--------------------------------------------------------

   CREATE SEQUENCE  "QMUSER"."SEQ_ID_COMPONENT"  MINVALUE 1 MAXVALUE 9999999 INCREMENT BY 1 START WITH 81 CACHE 20 NOORDER  NOCYCLE ;
--------------------------------------------------------
--  DDL for Sequence SEQ_ID_C_PRODUCT
--------------------------------------------------------

   CREATE SEQUENCE  "QMUSER"."SEQ_ID_C_PRODUCT"  MINVALUE 1 MAXVALUE 9999 INCREMENT BY 1 START WITH 61 CACHE 20 NOORDER  NOCYCLE ;
--------------------------------------------------------
--  DDL for Sequence SEQ_ID_C_RANGE_COMPONENT
--------------------------------------------------------

   CREATE SEQUENCE  "QMUSER"."SEQ_ID_C_RANGE_COMPONENT"  MINVALUE 1 MAXVALUE 99999999 INCREMENT BY 1 START WITH 61 CACHE 20 NOORDER  NOCYCLE ;
--------------------------------------------------------
--  DDL for Sequence SEQ_ID_GROUPAREA
--------------------------------------------------------

   CREATE SEQUENCE  "QMUSER"."SEQ_ID_GROUPAREA"  MINVALUE 1 MAXVALUE 999999999 INCREMENT BY 1 START WITH 21 CACHE 20 NOORDER  NOCYCLE ;
--------------------------------------------------------
--  DDL for Sequence SEQ_ID_MENU
--------------------------------------------------------

   CREATE SEQUENCE  "QMUSER"."SEQ_ID_MENU"  MINVALUE 1 MAXVALUE 999999 INCREMENT BY 1 START WITH 19 NOCACHE  NOORDER  NOCYCLE ;
--------------------------------------------------------
--  DDL for Sequence SEQ_ID_MESIN_STATUS
--------------------------------------------------------

   CREATE SEQUENCE  "QMUSER"."SEQ_ID_MESIN_STATUS"  MINVALUE 1 MAXVALUE 999999 INCREMENT BY 1 START WITH 21 CACHE 20 NOORDER  NOCYCLE ;
--------------------------------------------------------
--  DDL for Sequence SEQ_ID_PARAMETER
--------------------------------------------------------

   CREATE SEQUENCE  "QMUSER"."SEQ_ID_PARAMETER"  MINVALUE 1 MAXVALUE 9999999999 INCREMENT BY 1 START WITH 141 CACHE 20 NOORDER  NOCYCLE ;
--------------------------------------------------------
--  DDL for Sequence SEQ_ID_PLANT
--------------------------------------------------------

   CREATE SEQUENCE  "QMUSER"."SEQ_ID_PLANT"  MINVALUE 1 MAXVALUE 9999999999 INCREMENT BY 1 START WITH 21 CACHE 20 NOORDER  NOCYCLE ;
--------------------------------------------------------
--  DDL for Sequence SEQ_ID_PRODUCT
--------------------------------------------------------

   CREATE SEQUENCE  "QMUSER"."SEQ_ID_PRODUCT"  MINVALUE 1 MAXVALUE 999999 INCREMENT BY 1 START WITH 41 CACHE 20 NOORDER  NOCYCLE ;
--------------------------------------------------------
--  DDL for Sequence SEQ_ID_PRODUCTION_HOURLY
--------------------------------------------------------

   CREATE SEQUENCE  "QMUSER"."SEQ_ID_PRODUCTION_HOURLY"  MINVALUE 1 MAXVALUE 9999999999999999999999999999 INCREMENT BY 1 START WITH 1 CACHE 20 NOORDER  NOCYCLE ;
REM INSERTING into QMUSER.C_PARAMETER
SET DEFINE OFF;
Insert into QMUSER.C_PARAMETER (ID_PARAMETER,ID_PLANT,ID_GROUPAREA,ID_COMPONENT) values (123,6,6,3);
Insert into QMUSER.C_PARAMETER (ID_PARAMETER,ID_PLANT,ID_GROUPAREA,ID_COMPONENT) values (124,6,6,4);
Insert into QMUSER.C_PARAMETER (ID_PARAMETER,ID_PLANT,ID_GROUPAREA,ID_COMPONENT) values (125,6,1,28);
Insert into QMUSER.C_PARAMETER (ID_PARAMETER,ID_PLANT,ID_GROUPAREA,ID_COMPONENT) values (126,6,1,29);
Insert into QMUSER.C_PARAMETER (ID_PARAMETER,ID_PLANT,ID_GROUPAREA,ID_COMPONENT) values (121,6,6,1);
Insert into QMUSER.C_PARAMETER (ID_PARAMETER,ID_PLANT,ID_GROUPAREA,ID_COMPONENT) values (122,6,6,2);
Insert into QMUSER.C_PARAMETER (ID_PARAMETER,ID_PLANT,ID_GROUPAREA,ID_COMPONENT) values (127,6,1,30);
Insert into QMUSER.C_PARAMETER (ID_PARAMETER,ID_PLANT,ID_GROUPAREA,ID_COMPONENT) values (128,6,1,36);
Insert into QMUSER.C_PARAMETER (ID_PARAMETER,ID_PLANT,ID_GROUPAREA,ID_COMPONENT) values (62,1,7,1);
Insert into QMUSER.C_PARAMETER (ID_PARAMETER,ID_PLANT,ID_GROUPAREA,ID_COMPONENT) values (63,1,7,22);
Insert into QMUSER.C_PARAMETER (ID_PARAMETER,ID_PLANT,ID_GROUPAREA,ID_COMPONENT) values (64,1,7,23);
Insert into QMUSER.C_PARAMETER (ID_PARAMETER,ID_PLANT,ID_GROUPAREA,ID_COMPONENT) values (65,1,7,29);
Insert into QMUSER.C_PARAMETER (ID_PARAMETER,ID_PLANT,ID_GROUPAREA,ID_COMPONENT) values (66,1,7,35);
Insert into QMUSER.C_PARAMETER (ID_PARAMETER,ID_PLANT,ID_GROUPAREA,ID_COMPONENT) values (73,1,6,1);
Insert into QMUSER.C_PARAMETER (ID_PARAMETER,ID_PLANT,ID_GROUPAREA,ID_COMPONENT) values (74,1,6,2);
Insert into QMUSER.C_PARAMETER (ID_PARAMETER,ID_PLANT,ID_GROUPAREA,ID_COMPONENT) values (75,1,6,3);
Insert into QMUSER.C_PARAMETER (ID_PARAMETER,ID_PLANT,ID_GROUPAREA,ID_COMPONENT) values (76,1,6,4);
Insert into QMUSER.C_PARAMETER (ID_PARAMETER,ID_PLANT,ID_GROUPAREA,ID_COMPONENT) values (77,1,6,6);
REM INSERTING into QMUSER.C_PRODUCT
SET DEFINE OFF;
Insert into QMUSER.C_PRODUCT (ID_C_PRODUCT,ID_AREA,ID_PRODUCT) values (50,21,25);
Insert into QMUSER.C_PRODUCT (ID_C_PRODUCT,ID_AREA,ID_PRODUCT) values (39,3,2);
Insert into QMUSER.C_PRODUCT (ID_C_PRODUCT,ID_AREA,ID_PRODUCT) values (48,4,2);
Insert into QMUSER.C_PRODUCT (ID_C_PRODUCT,ID_AREA,ID_PRODUCT) values (49,4,25);
REM INSERTING into QMUSER.C_RANGE_COMPONENT
SET DEFINE OFF;
Insert into QMUSER.C_RANGE_COMPONENT (ID_RANGE_COMPONENT,ID_PARAMETER,V_MIN,V_MAX) values (35,75,12,77);
Insert into QMUSER.C_RANGE_COMPONENT (ID_RANGE_COMPONENT,ID_PARAMETER,V_MIN,V_MAX) values (36,74,13,66);
Insert into QMUSER.C_RANGE_COMPONENT (ID_RANGE_COMPONENT,ID_PARAMETER,V_MIN,V_MAX) values (37,73,14,55);
Insert into QMUSER.C_RANGE_COMPONENT (ID_RANGE_COMPONENT,ID_PARAMETER,V_MIN,V_MAX) values (53,66,5,9);
Insert into QMUSER.C_RANGE_COMPONENT (ID_RANGE_COMPONENT,ID_PARAMETER,V_MIN,V_MAX) values (54,65,5,9);
Insert into QMUSER.C_RANGE_COMPONENT (ID_RANGE_COMPONENT,ID_PARAMETER,V_MIN,V_MAX) values (55,64,5,9);
Insert into QMUSER.C_RANGE_COMPONENT (ID_RANGE_COMPONENT,ID_PARAMETER,V_MIN,V_MAX) values (56,63,5,9);
Insert into QMUSER.C_RANGE_COMPONENT (ID_RANGE_COMPONENT,ID_PARAMETER,V_MIN,V_MAX) values (57,62,5,9);
Insert into QMUSER.C_RANGE_COMPONENT (ID_RANGE_COMPONENT,ID_PARAMETER,V_MIN,V_MAX) values (33,77,10,99);
Insert into QMUSER.C_RANGE_COMPONENT (ID_RANGE_COMPONENT,ID_PARAMETER,V_MIN,V_MAX) values (34,76,11,88);
REM INSERTING into QMUSER.D_CEMENT_DAILY
SET DEFINE OFF;
REM INSERTING into QMUSER.D_CEMENT_HOURLY
SET DEFINE OFF;
REM INSERTING into QMUSER.D_PRODUCTION
SET DEFINE OFF;
REM INSERTING into QMUSER.D_PRODUCTION_DAILY
SET DEFINE OFF;
REM INSERTING into QMUSER.D_PRODUCTION_HOURLY
SET DEFINE OFF;
REM INSERTING into QMUSER.M_AREA
SET DEFINE OFF;
Insert into QMUSER.M_AREA (ID_AREA,ID_PLANT,KD_AREA,NM_AREA,ID_GROUPAREA) values (41,6,'rm                  ','RAWMILL1',6);
Insert into QMUSER.M_AREA (ID_AREA,ID_PLANT,KD_AREA,NM_AREA,ID_GROUPAREA) values (3,1,'FM1                 ','FINISH MILL 1',1);
Insert into QMUSER.M_AREA (ID_AREA,ID_PLANT,KD_AREA,NM_AREA,ID_GROUPAREA) values (4,1,'CL                  ','CLINKER',3);
Insert into QMUSER.M_AREA (ID_AREA,ID_PLANT,KD_AREA,NM_AREA,ID_GROUPAREA) values (5,1,'FC                  ','FINECOAL',7);
Insert into QMUSER.M_AREA (ID_AREA,ID_PLANT,KD_AREA,NM_AREA,ID_GROUPAREA) values (1,1,'RM1                 ','RAWMILL 1',6);
Insert into QMUSER.M_AREA (ID_AREA,ID_PLANT,KD_AREA,NM_AREA,ID_GROUPAREA) values (21,6,'007                 ','FINISHMILL',1);
REM INSERTING into QMUSER.M_AUTHORITY
SET DEFINE OFF;
REM INSERTING into QMUSER.M_COMPANY
SET DEFINE OFF;
Insert into QMUSER.M_COMPANY (ID_COMPANY,KD_COMPANY,NM_COMPANY) values (1,'2000                ','SEMEN INDONESIA GROUP');
Insert into QMUSER.M_COMPANY (ID_COMPANY,KD_COMPANY,NM_COMPANY) values (2,'3000                ','SEMEN PADANG');
Insert into QMUSER.M_COMPANY (ID_COMPANY,KD_COMPANY,NM_COMPANY) values (3,'4000                ','SEMEN TONASA');
Insert into QMUSER.M_COMPANY (ID_COMPANY,KD_COMPANY,NM_COMPANY) values (4,'6000                ','TANGLONG CEMENT COMPANY');
Insert into QMUSER.M_COMPANY (ID_COMPANY,KD_COMPANY,NM_COMPANY) values (6,'7000                ','SEMEN GRESIK');
REM INSERTING into QMUSER.M_COMPONENT
SET DEFINE OFF;
Insert into QMUSER.M_COMPONENT (ID_COMPONENT,KD_COMPONENT,NM_COMPONENT) values (62,'CV                  ','Calori Value (As Received)');
Insert into QMUSER.M_COMPONENT (ID_COMPONENT,KD_COMPONENT,NM_COMPONENT) values (3,'LSF                 ','Lime Saturation Factor');
Insert into QMUSER.M_COMPONENT (ID_COMPONENT,KD_COMPONENT,NM_COMPONENT) values (4,'SIM                 ','Silica Module');
Insert into QMUSER.M_COMPONENT (ID_COMPONENT,KD_COMPONENT,NM_COMPONENT) values (6,'ALM                 ','Alumina Module');
Insert into QMUSER.M_COMPONENT (ID_COMPONENT,KD_COMPONENT,NM_COMPONENT) values (21,'TM                  ','Total Moisture');
Insert into QMUSER.M_COMPONENT (ID_COMPONENT,KD_COMPONENT,NM_COMPONENT) values (22,'SO90                ','Sieve on 90um');
Insert into QMUSER.M_COMPONENT (ID_COMPONENT,KD_COMPONENT,NM_COMPONENT) values (23,'SO200               ','Sieve on 200um');
Insert into QMUSER.M_COMPONENT (ID_COMPONENT,KD_COMPONENT,NM_COMPONENT) values (24,'SO45                ','Sieve on 45um');
Insert into QMUSER.M_COMPONENT (ID_COMPONENT,KD_COMPONENT,NM_COMPONENT) values (25,'AC                  ','Ash Content');
Insert into QMUSER.M_COMPONENT (ID_COMPONENT,KD_COMPONENT,NM_COMPONENT) values (26,'SU                  ','Total Sulfur');
Insert into QMUSER.M_COMPONENT (ID_COMPONENT,KD_COMPONENT,NM_COMPONENT) values (27,'C3S                 ','TriCalcium Silicate');
Insert into QMUSER.M_COMPONENT (ID_COMPONENT,KD_COMPONENT,NM_COMPONENT) values (28,'C3A                 ','TriCalcium Aluminate');
Insert into QMUSER.M_COMPONENT (ID_COMPONENT,KD_COMPONENT,NM_COMPONENT) values (29,'FCaO                ','Free Lime');
Insert into QMUSER.M_COMPONENT (ID_COMPONENT,KD_COMPONENT,NM_COMPONENT) values (30,'BLAINE              ','BLAINE');
Insert into QMUSER.M_COMPONENT (ID_COMPONENT,KD_COMPONENT,NM_COMPONENT) values (31,'TEMP                ','TEMPERATURE');
Insert into QMUSER.M_COMPONENT (ID_COMPONENT,KD_COMPONENT,NM_COMPONENT) values (32,'SO3                 ','Sulfur Trioxide');
Insert into QMUSER.M_COMPONENT (ID_COMPONENT,KD_COMPONENT,NM_COMPONENT) values (33,'IR                  ','Insoluble Residue');
Insert into QMUSER.M_COMPONENT (ID_COMPONENT,KD_COMPONENT,NM_COMPONENT) values (34,'LOI                 ','Loss on Ignition');
Insert into QMUSER.M_COMPONENT (ID_COMPONENT,KD_COMPONENT,NM_COMPONENT) values (35,'CS1D                ','CS1D');
Insert into QMUSER.M_COMPONENT (ID_COMPONENT,KD_COMPONENT,NM_COMPONENT) values (36,'CS3D                ','CS3D');
Insert into QMUSER.M_COMPONENT (ID_COMPONENT,KD_COMPONENT,NM_COMPONENT) values (37,'CS7D                ','CS7D');
Insert into QMUSER.M_COMPONENT (ID_COMPONENT,KD_COMPONENT,NM_COMPONENT) values (38,'CS28D               ','CS28D');
Insert into QMUSER.M_COMPONENT (ID_COMPONENT,KD_COMPONENT,NM_COMPONENT) values (39,'IS                  ','INITIAL SETTING');
Insert into QMUSER.M_COMPONENT (ID_COMPONENT,KD_COMPONENT,NM_COMPONENT) values (40,'FS                  ','FINAL SETTING');
Insert into QMUSER.M_COMPONENT (ID_COMPONENT,KD_COMPONENT,NM_COMPONENT) values (41,'SO180               ','Sieve on 180um');
REM INSERTING into QMUSER.M_GROUPAREA
SET DEFINE OFF;
Insert into QMUSER.M_GROUPAREA (ID_GROUPAREA,KD_GROUPAREA,NM_GROUPAREA) values (1,'FM                  ','FINISH MILL');
Insert into QMUSER.M_GROUPAREA (ID_GROUPAREA,KD_GROUPAREA,NM_GROUPAREA) values (2,'RC                  ','RAW COAL');
Insert into QMUSER.M_GROUPAREA (ID_GROUPAREA,KD_GROUPAREA,NM_GROUPAREA) values (3,'CL                  ','CLINKER');
Insert into QMUSER.M_GROUPAREA (ID_GROUPAREA,KD_GROUPAREA,NM_GROUPAREA) values (4,'KF                  ','KILN FEED');
Insert into QMUSER.M_GROUPAREA (ID_GROUPAREA,KD_GROUPAREA,NM_GROUPAREA) values (7,'FC                  ','FINE COAL');
Insert into QMUSER.M_GROUPAREA (ID_GROUPAREA,KD_GROUPAREA,NM_GROUPAREA) values (6,'RM                  ','RAW MILL');
REM INSERTING into QMUSER.M_LEVEL_USER
SET DEFINE OFF;
REM INSERTING into QMUSER.M_MENU
SET DEFINE OFF;
Insert into QMUSER.M_MENU (ID_MENU,NM_MENU,URL_MENU,ACTIVE) values (15,'Product Assignment','product_assignment',1);
Insert into QMUSER.M_MENU (ID_MENU,NM_MENU,URL_MENU,ACTIVE) values (4,'Master Menu','menu',1);
Insert into QMUSER.M_MENU (ID_MENU,NM_MENU,URL_MENU,ACTIVE) values (5,'Master Company','company',1);
Insert into QMUSER.M_MENU (ID_MENU,NM_MENU,URL_MENU,ACTIVE) values (6,'Master Data Plant','plant',1);
Insert into QMUSER.M_MENU (ID_MENU,NM_MENU,URL_MENU,ACTIVE) values (7,'Master Group Area','grouparea',1);
Insert into QMUSER.M_MENU (ID_MENU,NM_MENU,URL_MENU,ACTIVE) values (8,'Master Product','product',1);
Insert into QMUSER.M_MENU (ID_MENU,NM_MENU,URL_MENU,ACTIVE) values (9,'Master Component','component',1);
Insert into QMUSER.M_MENU (ID_MENU,NM_MENU,URL_MENU,ACTIVE) values (10,'Master Machine Status','machinestatus',1);
Insert into QMUSER.M_MENU (ID_MENU,NM_MENU,URL_MENU,ACTIVE) values (11,'Master Area','area',1);
Insert into QMUSER.M_MENU (ID_MENU,NM_MENU,URL_MENU,ACTIVE) values (12,'Component Assignment','component_assignment',1);
Insert into QMUSER.M_MENU (ID_MENU,NM_MENU,URL_MENU,ACTIVE) values (16,'Config Component Range','config_component_range',1);
Insert into QMUSER.M_MENU (ID_MENU,NM_MENU,URL_MENU,ACTIVE) values (18,'Input Area Daily','input_area_daily',1);
Insert into QMUSER.M_MENU (ID_MENU,NM_MENU,URL_MENU,ACTIVE) values (17,'Input Area Hourly','input_area_hourly',1);
REM INSERTING into QMUSER.M_MESIN_STATUS
SET DEFINE OFF;
Insert into QMUSER.M_MESIN_STATUS (ID_MESIN_STATUS,KD_MESIN_STATUS,NM_MESIN_STATUS) values (2,'ON                  ','ON');
Insert into QMUSER.M_MESIN_STATUS (ID_MESIN_STATUS,KD_MESIN_STATUS,NM_MESIN_STATUS) values (1,'OFF                 ','OFF');
REM INSERTING into QMUSER.M_PLANT
SET DEFINE OFF;
Insert into QMUSER.M_PLANT (ID_PLANT,ID_COMPANY,KD_PLANT,NM_PLANT) values (5,3,'4301                ','TONASA II/III');
Insert into QMUSER.M_PLANT (ID_PLANT,ID_COMPANY,KD_PLANT,NM_PLANT) values (8,4,'6301                ','MAIN PLANT (QN)');
Insert into QMUSER.M_PLANT (ID_PLANT,ID_COMPANY,KD_PLANT,NM_PLANT) values (10,6,'7302                ','TUBAN I');
Insert into QMUSER.M_PLANT (ID_PLANT,ID_COMPANY,KD_PLANT,NM_PLANT) values (11,6,'7303                ','TUBAN II');
Insert into QMUSER.M_PLANT (ID_PLANT,ID_COMPANY,KD_PLANT,NM_PLANT) values (12,6,'7304                ','TUBAN III');
Insert into QMUSER.M_PLANT (ID_PLANT,ID_COMPANY,KD_PLANT,NM_PLANT) values (2,2,'3303                ','INDARUNG IV');
Insert into QMUSER.M_PLANT (ID_PLANT,ID_COMPANY,KD_PLANT,NM_PLANT) values (3,2,'3304                ','INDARUNG V');
Insert into QMUSER.M_PLANT (ID_PLANT,ID_COMPANY,KD_PLANT,NM_PLANT) values (6,3,'4302                ','TONASA IV');
Insert into QMUSER.M_PLANT (ID_PLANT,ID_COMPANY,KD_PLANT,NM_PLANT) values (7,3,'4303                ','TONASA V');
Insert into QMUSER.M_PLANT (ID_PLANT,ID_COMPANY,KD_PLANT,NM_PLANT) values (9,4,'6302                ','GRINDING PLANT (HCM)');
Insert into QMUSER.M_PLANT (ID_PLANT,ID_COMPANY,KD_PLANT,NM_PLANT) values (1,2,'3302                ','INDARUNG II/III');
Insert into QMUSER.M_PLANT (ID_PLANT,ID_COMPANY,KD_PLANT,NM_PLANT) values (4,2,'3305                ','INDARUNG VI');
Insert into QMUSER.M_PLANT (ID_PLANT,ID_COMPANY,KD_PLANT,NM_PLANT) values (13,6,'7305                ','TUBAN V');
REM INSERTING into QMUSER.M_PRODUCT
SET DEFINE OFF;
Insert into QMUSER.M_PRODUCT (ID_PRODUCT,KD_PRODUCT,NM_PRODUCT) values (1,'SQC                 ','SQC');
Insert into QMUSER.M_PRODUCT (ID_PRODUCT,KD_PRODUCT,NM_PRODUCT) values (2,'SPC                 ','SPC');
Insert into QMUSER.M_PRODUCT (ID_PRODUCT,KD_PRODUCT,NM_PRODUCT) values (3,'SBC                 ','SBC');
Insert into QMUSER.M_PRODUCT (ID_PRODUCT,KD_PRODUCT,NM_PRODUCT) values (21,'SPC1                ','SPC1');
Insert into QMUSER.M_PRODUCT (ID_PRODUCT,KD_PRODUCT,NM_PRODUCT) values (22,'SQC1                ','SQC1');
Insert into QMUSER.M_PRODUCT (ID_PRODUCT,KD_PRODUCT,NM_PRODUCT) values (23,'SBC1                ','SBC1');
Insert into QMUSER.M_PRODUCT (ID_PRODUCT,KD_PRODUCT,NM_PRODUCT) values (24,'SBC2                ','SBC2');
Insert into QMUSER.M_PRODUCT (ID_PRODUCT,KD_PRODUCT,NM_PRODUCT) values (25,'SBC3                ','SBC3');
REM INSERTING into QMUSER.M_USERGROUP
SET DEFINE OFF;
REM INSERTING into QMUSER.M_USERS
SET DEFINE OFF;
REM INSERTING into QMUSER.T_CEMENT_DAILY
SET DEFINE OFF;
REM INSERTING into QMUSER.T_CEMENT_HOURLY
SET DEFINE OFF;
REM INSERTING into QMUSER.T_PRODUCTION
SET DEFINE OFF;
REM INSERTING into QMUSER.T_PRODUCTION_DAILY
SET DEFINE OFF;
REM INSERTING into QMUSER.T_PRODUCTION_HOURLY
SET DEFINE OFF;
--------------------------------------------------------
--  DDL for Index I_COMPANY_CODE
--------------------------------------------------------

  CREATE UNIQUE INDEX "QMUSER"."I_COMPANY_CODE" ON "QMUSER"."M_COMPANY" ("KD_COMPANY") 
  PCTFREE 10 INITRANS 2 MAXTRANS 255 COMPUTE STATISTICS 
  STORAGE(INITIAL 65536 NEXT 1048576 MINEXTENTS 1 MAXEXTENTS 2147483645
  PCTINCREASE 0 FREELISTS 1 FREELIST GROUPS 1
  BUFFER_POOL DEFAULT FLASH_CACHE DEFAULT CELL_FLASH_CACHE DEFAULT)
  TABLESPACE "USERS" ;
--------------------------------------------------------
--  DDL for Index I_KD_COMPONENT
--------------------------------------------------------

  CREATE UNIQUE INDEX "QMUSER"."I_KD_COMPONENT" ON "QMUSER"."M_COMPONENT" ("KD_COMPONENT") 
  PCTFREE 10 INITRANS 2 MAXTRANS 255 COMPUTE STATISTICS 
  STORAGE(INITIAL 65536 NEXT 1048576 MINEXTENTS 1 MAXEXTENTS 2147483645
  PCTINCREASE 0 FREELISTS 1 FREELIST GROUPS 1
  BUFFER_POOL DEFAULT FLASH_CACHE DEFAULT CELL_FLASH_CACHE DEFAULT)
  TABLESPACE "USERS" ;
--------------------------------------------------------
--  DDL for Index I_KD_GROUPAREA
--------------------------------------------------------

  CREATE UNIQUE INDEX "QMUSER"."I_KD_GROUPAREA" ON "QMUSER"."M_GROUPAREA" ("KD_GROUPAREA") 
  PCTFREE 10 INITRANS 2 MAXTRANS 255 COMPUTE STATISTICS 
  STORAGE(INITIAL 65536 NEXT 1048576 MINEXTENTS 1 MAXEXTENTS 2147483645
  PCTINCREASE 0 FREELISTS 1 FREELIST GROUPS 1
  BUFFER_POOL DEFAULT FLASH_CACHE DEFAULT CELL_FLASH_CACHE DEFAULT)
  TABLESPACE "USERS" ;
--------------------------------------------------------
--  DDL for Index I_KD_PRODUCT
--------------------------------------------------------

  CREATE UNIQUE INDEX "QMUSER"."I_KD_PRODUCT" ON "QMUSER"."M_PRODUCT" ("KD_PRODUCT") 
  PCTFREE 10 INITRANS 2 MAXTRANS 255 COMPUTE STATISTICS 
  STORAGE(INITIAL 65536 NEXT 1048576 MINEXTENTS 1 MAXEXTENTS 2147483645
  PCTINCREASE 0 FREELISTS 1 FREELIST GROUPS 1
  BUFFER_POOL DEFAULT FLASH_CACHE DEFAULT CELL_FLASH_CACHE DEFAULT)
  TABLESPACE "USERS" ;
--------------------------------------------------------
--  DDL for Index I_PARAMETER_UNIK
--------------------------------------------------------

  CREATE UNIQUE INDEX "QMUSER"."I_PARAMETER_UNIK" ON "QMUSER"."C_PARAMETER" ("ID_PLANT", "ID_PARAMETER", "ID_GROUPAREA") 
  PCTFREE 10 INITRANS 2 MAXTRANS 255 COMPUTE STATISTICS 
  STORAGE(INITIAL 65536 NEXT 1048576 MINEXTENTS 1 MAXEXTENTS 2147483645
  PCTINCREASE 0 FREELISTS 1 FREELIST GROUPS 1
  BUFFER_POOL DEFAULT FLASH_CACHE DEFAULT CELL_FLASH_CACHE DEFAULT)
  TABLESPACE "USERS" ;
--------------------------------------------------------
--  DDL for Index I_PLANT_CODE
--------------------------------------------------------

  CREATE UNIQUE INDEX "QMUSER"."I_PLANT_CODE" ON "QMUSER"."M_PLANT" ("KD_PLANT") 
  PCTFREE 10 INITRANS 2 MAXTRANS 255 COMPUTE STATISTICS 
  STORAGE(INITIAL 65536 NEXT 1048576 MINEXTENTS 1 MAXEXTENTS 2147483645
  PCTINCREASE 0 FREELISTS 1 FREELIST GROUPS 1
  BUFFER_POOL DEFAULT FLASH_CACHE DEFAULT CELL_FLASH_CACHE DEFAULT)
  TABLESPACE "USERS" ;
--------------------------------------------------------
--  DDL for Index PK_C_PARAMETER
--------------------------------------------------------

  CREATE UNIQUE INDEX "QMUSER"."PK_C_PARAMETER" ON "QMUSER"."C_PARAMETER" ("ID_PARAMETER") 
  PCTFREE 10 INITRANS 2 MAXTRANS 255 COMPUTE STATISTICS 
  STORAGE(INITIAL 65536 NEXT 1048576 MINEXTENTS 1 MAXEXTENTS 2147483645
  PCTINCREASE 0 FREELISTS 1 FREELIST GROUPS 1
  BUFFER_POOL DEFAULT FLASH_CACHE DEFAULT CELL_FLASH_CACHE DEFAULT)
  TABLESPACE "USERS" ;
--------------------------------------------------------
--  DDL for Index PK_C_PRODUCT
--------------------------------------------------------

  CREATE UNIQUE INDEX "QMUSER"."PK_C_PRODUCT" ON "QMUSER"."C_PRODUCT" ("ID_C_PRODUCT") 
  PCTFREE 10 INITRANS 2 MAXTRANS 255 COMPUTE STATISTICS 
  STORAGE(INITIAL 65536 NEXT 1048576 MINEXTENTS 1 MAXEXTENTS 2147483645
  PCTINCREASE 0 FREELISTS 1 FREELIST GROUPS 1
  BUFFER_POOL DEFAULT FLASH_CACHE DEFAULT CELL_FLASH_CACHE DEFAULT)
  TABLESPACE "USERS" ;
--------------------------------------------------------
--  DDL for Index PK_C_RANGE_COMPONENT
--------------------------------------------------------

  CREATE UNIQUE INDEX "QMUSER"."PK_C_RANGE_COMPONENT" ON "QMUSER"."C_RANGE_COMPONENT" ("ID_RANGE_COMPONENT") 
  PCTFREE 10 INITRANS 2 MAXTRANS 255 COMPUTE STATISTICS 
  STORAGE(INITIAL 65536 NEXT 1048576 MINEXTENTS 1 MAXEXTENTS 2147483645
  PCTINCREASE 0 FREELISTS 1 FREELIST GROUPS 1
  BUFFER_POOL DEFAULT FLASH_CACHE DEFAULT CELL_FLASH_CACHE DEFAULT)
  TABLESPACE "USERS" ;
--------------------------------------------------------
--  DDL for Index PK_M_AREA
--------------------------------------------------------

  CREATE UNIQUE INDEX "QMUSER"."PK_M_AREA" ON "QMUSER"."M_AREA" ("ID_AREA") 
  PCTFREE 10 INITRANS 2 MAXTRANS 255 COMPUTE STATISTICS 
  STORAGE(INITIAL 65536 NEXT 1048576 MINEXTENTS 1 MAXEXTENTS 2147483645
  PCTINCREASE 0 FREELISTS 1 FREELIST GROUPS 1
  BUFFER_POOL DEFAULT FLASH_CACHE DEFAULT CELL_FLASH_CACHE DEFAULT)
  TABLESPACE "USERS" ;
--------------------------------------------------------
--  DDL for Index PK_M_COMPANY
--------------------------------------------------------

  CREATE UNIQUE INDEX "QMUSER"."PK_M_COMPANY" ON "QMUSER"."M_COMPANY" ("ID_COMPANY") 
  PCTFREE 10 INITRANS 2 MAXTRANS 255 COMPUTE STATISTICS 
  STORAGE(INITIAL 65536 NEXT 1048576 MINEXTENTS 1 MAXEXTENTS 2147483645
  PCTINCREASE 0 FREELISTS 1 FREELIST GROUPS 1
  BUFFER_POOL DEFAULT FLASH_CACHE DEFAULT CELL_FLASH_CACHE DEFAULT)
  TABLESPACE "USERS" ;
--------------------------------------------------------
--  DDL for Index PK_M_COMPONENT
--------------------------------------------------------

  CREATE UNIQUE INDEX "QMUSER"."PK_M_COMPONENT" ON "QMUSER"."M_COMPONENT" ("ID_COMPONENT") 
  PCTFREE 10 INITRANS 2 MAXTRANS 255 COMPUTE STATISTICS 
  STORAGE(INITIAL 65536 NEXT 1048576 MINEXTENTS 1 MAXEXTENTS 2147483645
  PCTINCREASE 0 FREELISTS 1 FREELIST GROUPS 1
  BUFFER_POOL DEFAULT FLASH_CACHE DEFAULT CELL_FLASH_CACHE DEFAULT)
  TABLESPACE "USERS" ;
--------------------------------------------------------
--  DDL for Index PK_M_GROUPAREA
--------------------------------------------------------

  CREATE UNIQUE INDEX "QMUSER"."PK_M_GROUPAREA" ON "QMUSER"."M_GROUPAREA" ("ID_GROUPAREA") 
  PCTFREE 10 INITRANS 2 MAXTRANS 255 COMPUTE STATISTICS 
  STORAGE(INITIAL 65536 NEXT 1048576 MINEXTENTS 1 MAXEXTENTS 2147483645
  PCTINCREASE 0 FREELISTS 1 FREELIST GROUPS 1
  BUFFER_POOL DEFAULT FLASH_CACHE DEFAULT CELL_FLASH_CACHE DEFAULT)
  TABLESPACE "USERS" ;
--------------------------------------------------------
--  DDL for Index PK_M_LEVEL_USER
--------------------------------------------------------

  CREATE UNIQUE INDEX "QMUSER"."PK_M_LEVEL_USER" ON "QMUSER"."M_LEVEL_USER" ("ID_LEVEL_USER") 
  PCTFREE 10 INITRANS 2 MAXTRANS 255 COMPUTE STATISTICS 
  STORAGE( INITIAL 65536 NEXT 1048576 MINEXTENTS 1
  FREELISTS 1 FREELIST GROUPS 1
  BUFFER_POOL DEFAULT FLASH_CACHE DEFAULT CELL_FLASH_CACHE DEFAULT)
  TABLESPACE "USERS" ;
--------------------------------------------------------
--  DDL for Index PK_M_MENU
--------------------------------------------------------

  CREATE UNIQUE INDEX "QMUSER"."PK_M_MENU" ON "QMUSER"."M_MENU" ("ID_MENU") 
  PCTFREE 10 INITRANS 2 MAXTRANS 255 COMPUTE STATISTICS 
  STORAGE(INITIAL 65536 NEXT 1048576 MINEXTENTS 1 MAXEXTENTS 2147483645
  PCTINCREASE 0 FREELISTS 1 FREELIST GROUPS 1
  BUFFER_POOL DEFAULT FLASH_CACHE DEFAULT CELL_FLASH_CACHE DEFAULT)
  TABLESPACE "USERS" ;
--------------------------------------------------------
--  DDL for Index PK_M_MESIN_STATUS
--------------------------------------------------------

  CREATE UNIQUE INDEX "QMUSER"."PK_M_MESIN_STATUS" ON "QMUSER"."M_MESIN_STATUS" ("ID_MESIN_STATUS") 
  PCTFREE 10 INITRANS 2 MAXTRANS 255 COMPUTE STATISTICS 
  STORAGE(INITIAL 65536 NEXT 1048576 MINEXTENTS 1 MAXEXTENTS 2147483645
  PCTINCREASE 0 FREELISTS 1 FREELIST GROUPS 1
  BUFFER_POOL DEFAULT FLASH_CACHE DEFAULT CELL_FLASH_CACHE DEFAULT)
  TABLESPACE "USERS" ;
--------------------------------------------------------
--  DDL for Index PK_M_PLANT
--------------------------------------------------------

  CREATE UNIQUE INDEX "QMUSER"."PK_M_PLANT" ON "QMUSER"."M_PLANT" ("ID_PLANT") 
  PCTFREE 10 INITRANS 2 MAXTRANS 255 COMPUTE STATISTICS 
  STORAGE(INITIAL 65536 NEXT 1048576 MINEXTENTS 1 MAXEXTENTS 2147483645
  PCTINCREASE 0 FREELISTS 1 FREELIST GROUPS 1
  BUFFER_POOL DEFAULT FLASH_CACHE DEFAULT CELL_FLASH_CACHE DEFAULT)
  TABLESPACE "USERS" ;
--------------------------------------------------------
--  DDL for Index PK_M_PRODUCT
--------------------------------------------------------

  CREATE UNIQUE INDEX "QMUSER"."PK_M_PRODUCT" ON "QMUSER"."M_PRODUCT" ("ID_PRODUCT") 
  PCTFREE 10 INITRANS 2 MAXTRANS 255 COMPUTE STATISTICS 
  STORAGE(INITIAL 65536 NEXT 1048576 MINEXTENTS 1 MAXEXTENTS 2147483645
  PCTINCREASE 0 FREELISTS 1 FREELIST GROUPS 1
  BUFFER_POOL DEFAULT FLASH_CACHE DEFAULT CELL_FLASH_CACHE DEFAULT)
  TABLESPACE "USERS" ;
--------------------------------------------------------
--  DDL for Index PK_M_USERS
--------------------------------------------------------

  CREATE UNIQUE INDEX "QMUSER"."PK_M_USERS" ON "QMUSER"."M_USERS" ("ID_USER") 
  PCTFREE 10 INITRANS 2 MAXTRANS 255 COMPUTE STATISTICS 
  STORAGE( INITIAL 65536 NEXT 1048576 MINEXTENTS 1
  FREELISTS 1 FREELIST GROUPS 1
  BUFFER_POOL DEFAULT FLASH_CACHE DEFAULT CELL_FLASH_CACHE DEFAULT)
  TABLESPACE "USERS" ;
--------------------------------------------------------
--  DDL for Index PK_T_CEMENT_DAILY
--------------------------------------------------------

  CREATE UNIQUE INDEX "QMUSER"."PK_T_CEMENT_DAILY" ON "QMUSER"."T_CEMENT_DAILY" ("ID_CEMENT_DAILY") 
  PCTFREE 10 INITRANS 2 MAXTRANS 255 COMPUTE STATISTICS 
  STORAGE( INITIAL 65536 NEXT 1048576 MINEXTENTS 1
  FREELISTS 1 FREELIST GROUPS 1
  BUFFER_POOL DEFAULT FLASH_CACHE DEFAULT CELL_FLASH_CACHE DEFAULT)
  TABLESPACE "USERS" ;
--------------------------------------------------------
--  DDL for Index PK_T_CEMENT_HOURLY
--------------------------------------------------------

  CREATE UNIQUE INDEX "QMUSER"."PK_T_CEMENT_HOURLY" ON "QMUSER"."T_CEMENT_HOURLY" ("ID_CEMENT_HOURLY") 
  PCTFREE 10 INITRANS 2 MAXTRANS 255 COMPUTE STATISTICS 
  STORAGE( INITIAL 65536 NEXT 1048576 MINEXTENTS 1
  FREELISTS 1 FREELIST GROUPS 1
  BUFFER_POOL DEFAULT FLASH_CACHE DEFAULT CELL_FLASH_CACHE DEFAULT)
  TABLESPACE "USERS" ;
--------------------------------------------------------
--  DDL for Index PK_T_PRODUCTION
--------------------------------------------------------

  CREATE UNIQUE INDEX "QMUSER"."PK_T_PRODUCTION" ON "QMUSER"."T_PRODUCTION" ("ID_PRODUCTION") 
  PCTFREE 10 INITRANS 2 MAXTRANS 255 COMPUTE STATISTICS 
  STORAGE( INITIAL 65536 NEXT 1048576 MINEXTENTS 1
  FREELISTS 1 FREELIST GROUPS 1
  BUFFER_POOL DEFAULT FLASH_CACHE DEFAULT CELL_FLASH_CACHE DEFAULT)
  TABLESPACE "USERS" ;
--------------------------------------------------------
--  DDL for Index PK_T_PRODUCTION_DAILY
--------------------------------------------------------

  CREATE UNIQUE INDEX "QMUSER"."PK_T_PRODUCTION_DAILY" ON "QMUSER"."T_PRODUCTION_DAILY" ("ID_PRODUCTION_DAILY") 
  PCTFREE 10 INITRANS 2 MAXTRANS 255 COMPUTE STATISTICS 
  STORAGE( INITIAL 65536 NEXT 1048576 MINEXTENTS 1
  FREELISTS 1 FREELIST GROUPS 1
  BUFFER_POOL DEFAULT FLASH_CACHE DEFAULT CELL_FLASH_CACHE DEFAULT)
  TABLESPACE "USERS" ;
--------------------------------------------------------
--  DDL for Index PK_T_PRODUCTION_HOURLY
--------------------------------------------------------

  CREATE UNIQUE INDEX "QMUSER"."PK_T_PRODUCTION_HOURLY" ON "QMUSER"."T_PRODUCTION_HOURLY" ("ID_PRODUCTION_HOURLY") 
  PCTFREE 10 INITRANS 2 MAXTRANS 255 COMPUTE STATISTICS 
  STORAGE( INITIAL 65536 NEXT 1048576 MINEXTENTS 1
  FREELISTS 1 FREELIST GROUPS 1
  BUFFER_POOL DEFAULT FLASH_CACHE DEFAULT CELL_FLASH_CACHE DEFAULT)
  TABLESPACE "USERS" ;
--------------------------------------------------------
--  Constraints for Table C_PARAMETER
--------------------------------------------------------

  ALTER TABLE "QMUSER"."C_PARAMETER" ADD CONSTRAINT "PK_C_PARAMETER" PRIMARY KEY ("ID_PARAMETER")
  USING INDEX PCTFREE 10 INITRANS 2 MAXTRANS 255 COMPUTE STATISTICS 
  STORAGE(INITIAL 65536 NEXT 1048576 MINEXTENTS 1 MAXEXTENTS 2147483645
  PCTINCREASE 0 FREELISTS 1 FREELIST GROUPS 1
  BUFFER_POOL DEFAULT FLASH_CACHE DEFAULT CELL_FLASH_CACHE DEFAULT)
  TABLESPACE "USERS"  ENABLE;
  ALTER TABLE "QMUSER"."C_PARAMETER" MODIFY ("ID_PARAMETER" NOT NULL ENABLE);
--------------------------------------------------------
--  Constraints for Table C_PRODUCT
--------------------------------------------------------

  ALTER TABLE "QMUSER"."C_PRODUCT" ADD CONSTRAINT "PK_C_PRODUCT" PRIMARY KEY ("ID_C_PRODUCT")
  USING INDEX PCTFREE 10 INITRANS 2 MAXTRANS 255 COMPUTE STATISTICS 
  STORAGE(INITIAL 65536 NEXT 1048576 MINEXTENTS 1 MAXEXTENTS 2147483645
  PCTINCREASE 0 FREELISTS 1 FREELIST GROUPS 1
  BUFFER_POOL DEFAULT FLASH_CACHE DEFAULT CELL_FLASH_CACHE DEFAULT)
  TABLESPACE "USERS"  ENABLE;
  ALTER TABLE "QMUSER"."C_PRODUCT" MODIFY ("ID_C_PRODUCT" NOT NULL ENABLE);
--------------------------------------------------------
--  Constraints for Table C_RANGE_COMPONENT
--------------------------------------------------------

  ALTER TABLE "QMUSER"."C_RANGE_COMPONENT" ADD CONSTRAINT "PK_C_RANGE_COMPONENT" PRIMARY KEY ("ID_RANGE_COMPONENT")
  USING INDEX PCTFREE 10 INITRANS 2 MAXTRANS 255 COMPUTE STATISTICS 
  STORAGE(INITIAL 65536 NEXT 1048576 MINEXTENTS 1 MAXEXTENTS 2147483645
  PCTINCREASE 0 FREELISTS 1 FREELIST GROUPS 1
  BUFFER_POOL DEFAULT FLASH_CACHE DEFAULT CELL_FLASH_CACHE DEFAULT)
  TABLESPACE "USERS"  ENABLE;
  ALTER TABLE "QMUSER"."C_RANGE_COMPONENT" MODIFY ("ID_RANGE_COMPONENT" NOT NULL ENABLE);
--------------------------------------------------------
--  Constraints for Table M_AREA
--------------------------------------------------------

  ALTER TABLE "QMUSER"."M_AREA" ADD CONSTRAINT "PK_M_AREA" PRIMARY KEY ("ID_AREA")
  USING INDEX PCTFREE 10 INITRANS 2 MAXTRANS 255 COMPUTE STATISTICS 
  STORAGE(INITIAL 65536 NEXT 1048576 MINEXTENTS 1 MAXEXTENTS 2147483645
  PCTINCREASE 0 FREELISTS 1 FREELIST GROUPS 1
  BUFFER_POOL DEFAULT FLASH_CACHE DEFAULT CELL_FLASH_CACHE DEFAULT)
  TABLESPACE "USERS"  ENABLE;
  ALTER TABLE "QMUSER"."M_AREA" MODIFY ("ID_AREA" NOT NULL ENABLE);
--------------------------------------------------------
--  Constraints for Table M_COMPANY
--------------------------------------------------------

  ALTER TABLE "QMUSER"."M_COMPANY" ADD CONSTRAINT "PK_M_COMPANY" PRIMARY KEY ("ID_COMPANY")
  USING INDEX PCTFREE 10 INITRANS 2 MAXTRANS 255 COMPUTE STATISTICS 
  STORAGE(INITIAL 65536 NEXT 1048576 MINEXTENTS 1 MAXEXTENTS 2147483645
  PCTINCREASE 0 FREELISTS 1 FREELIST GROUPS 1
  BUFFER_POOL DEFAULT FLASH_CACHE DEFAULT CELL_FLASH_CACHE DEFAULT)
  TABLESPACE "USERS"  ENABLE;
  ALTER TABLE "QMUSER"."M_COMPANY" MODIFY ("ID_COMPANY" NOT NULL ENABLE);
--------------------------------------------------------
--  Constraints for Table M_COMPONENT
--------------------------------------------------------

  ALTER TABLE "QMUSER"."M_COMPONENT" ADD CONSTRAINT "PK_M_COMPONENT" PRIMARY KEY ("ID_COMPONENT")
  USING INDEX PCTFREE 10 INITRANS 2 MAXTRANS 255 COMPUTE STATISTICS 
  STORAGE(INITIAL 65536 NEXT 1048576 MINEXTENTS 1 MAXEXTENTS 2147483645
  PCTINCREASE 0 FREELISTS 1 FREELIST GROUPS 1
  BUFFER_POOL DEFAULT FLASH_CACHE DEFAULT CELL_FLASH_CACHE DEFAULT)
  TABLESPACE "USERS"  ENABLE;
  ALTER TABLE "QMUSER"."M_COMPONENT" MODIFY ("ID_COMPONENT" NOT NULL ENABLE);
--------------------------------------------------------
--  Constraints for Table M_GROUPAREA
--------------------------------------------------------

  ALTER TABLE "QMUSER"."M_GROUPAREA" ADD CONSTRAINT "PK_M_GROUPAREA" PRIMARY KEY ("ID_GROUPAREA")
  USING INDEX PCTFREE 10 INITRANS 2 MAXTRANS 255 COMPUTE STATISTICS 
  STORAGE(INITIAL 65536 NEXT 1048576 MINEXTENTS 1 MAXEXTENTS 2147483645
  PCTINCREASE 0 FREELISTS 1 FREELIST GROUPS 1
  BUFFER_POOL DEFAULT FLASH_CACHE DEFAULT CELL_FLASH_CACHE DEFAULT)
  TABLESPACE "USERS"  ENABLE;
  ALTER TABLE "QMUSER"."M_GROUPAREA" MODIFY ("ID_GROUPAREA" NOT NULL ENABLE);
--------------------------------------------------------
--  Constraints for Table M_LEVEL_USER
--------------------------------------------------------

  ALTER TABLE "QMUSER"."M_LEVEL_USER" ADD CONSTRAINT "PK_M_LEVEL_USER" PRIMARY KEY ("ID_LEVEL_USER")
  USING INDEX PCTFREE 10 INITRANS 2 MAXTRANS 255 COMPUTE STATISTICS 
  STORAGE( INITIAL 65536 NEXT 1048576 MINEXTENTS 1
  FREELISTS 1 FREELIST GROUPS 1
  BUFFER_POOL DEFAULT FLASH_CACHE DEFAULT CELL_FLASH_CACHE DEFAULT)
  TABLESPACE "USERS"  ENABLE;
  ALTER TABLE "QMUSER"."M_LEVEL_USER" MODIFY ("ID_LEVEL_USER" NOT NULL ENABLE);
--------------------------------------------------------
--  Constraints for Table M_MENU
--------------------------------------------------------

  ALTER TABLE "QMUSER"."M_MENU" ADD CONSTRAINT "PK_M_MENU" PRIMARY KEY ("ID_MENU")
  USING INDEX PCTFREE 10 INITRANS 2 MAXTRANS 255 COMPUTE STATISTICS 
  STORAGE(INITIAL 65536 NEXT 1048576 MINEXTENTS 1 MAXEXTENTS 2147483645
  PCTINCREASE 0 FREELISTS 1 FREELIST GROUPS 1
  BUFFER_POOL DEFAULT FLASH_CACHE DEFAULT CELL_FLASH_CACHE DEFAULT)
  TABLESPACE "USERS"  ENABLE;
  ALTER TABLE "QMUSER"."M_MENU" MODIFY ("ID_MENU" NOT NULL ENABLE);
--------------------------------------------------------
--  Constraints for Table M_MESIN_STATUS
--------------------------------------------------------

  ALTER TABLE "QMUSER"."M_MESIN_STATUS" ADD CONSTRAINT "PK_M_MESIN_STATUS" PRIMARY KEY ("ID_MESIN_STATUS")
  USING INDEX PCTFREE 10 INITRANS 2 MAXTRANS 255 COMPUTE STATISTICS 
  STORAGE(INITIAL 65536 NEXT 1048576 MINEXTENTS 1 MAXEXTENTS 2147483645
  PCTINCREASE 0 FREELISTS 1 FREELIST GROUPS 1
  BUFFER_POOL DEFAULT FLASH_CACHE DEFAULT CELL_FLASH_CACHE DEFAULT)
  TABLESPACE "USERS"  ENABLE;
  ALTER TABLE "QMUSER"."M_MESIN_STATUS" MODIFY ("ID_MESIN_STATUS" NOT NULL ENABLE);
--------------------------------------------------------
--  Constraints for Table M_PLANT
--------------------------------------------------------

  ALTER TABLE "QMUSER"."M_PLANT" ADD CONSTRAINT "PK_M_PLANT" PRIMARY KEY ("ID_PLANT")
  USING INDEX PCTFREE 10 INITRANS 2 MAXTRANS 255 COMPUTE STATISTICS 
  STORAGE(INITIAL 65536 NEXT 1048576 MINEXTENTS 1 MAXEXTENTS 2147483645
  PCTINCREASE 0 FREELISTS 1 FREELIST GROUPS 1
  BUFFER_POOL DEFAULT FLASH_CACHE DEFAULT CELL_FLASH_CACHE DEFAULT)
  TABLESPACE "USERS"  ENABLE;
  ALTER TABLE "QMUSER"."M_PLANT" MODIFY ("ID_PLANT" NOT NULL ENABLE);
--------------------------------------------------------
--  Constraints for Table M_PRODUCT
--------------------------------------------------------

  ALTER TABLE "QMUSER"."M_PRODUCT" ADD CONSTRAINT "PK_M_PRODUCT" PRIMARY KEY ("ID_PRODUCT")
  USING INDEX PCTFREE 10 INITRANS 2 MAXTRANS 255 COMPUTE STATISTICS 
  STORAGE(INITIAL 65536 NEXT 1048576 MINEXTENTS 1 MAXEXTENTS 2147483645
  PCTINCREASE 0 FREELISTS 1 FREELIST GROUPS 1
  BUFFER_POOL DEFAULT FLASH_CACHE DEFAULT CELL_FLASH_CACHE DEFAULT)
  TABLESPACE "USERS"  ENABLE;
  ALTER TABLE "QMUSER"."M_PRODUCT" MODIFY ("ID_PRODUCT" NOT NULL ENABLE);
--------------------------------------------------------
--  Constraints for Table M_USERS
--------------------------------------------------------

  ALTER TABLE "QMUSER"."M_USERS" ADD CONSTRAINT "PK_M_USERS" PRIMARY KEY ("ID_USER")
  USING INDEX PCTFREE 10 INITRANS 2 MAXTRANS 255 COMPUTE STATISTICS 
  STORAGE( INITIAL 65536 NEXT 1048576 MINEXTENTS 1
  FREELISTS 1 FREELIST GROUPS 1
  BUFFER_POOL DEFAULT FLASH_CACHE DEFAULT CELL_FLASH_CACHE DEFAULT)
  TABLESPACE "USERS"  ENABLE;
  ALTER TABLE "QMUSER"."M_USERS" MODIFY ("ID_USER" NOT NULL ENABLE);
--------------------------------------------------------
--  Constraints for Table T_CEMENT_DAILY
--------------------------------------------------------

  ALTER TABLE "QMUSER"."T_CEMENT_DAILY" ADD CONSTRAINT "PK_T_CEMENT_DAILY" PRIMARY KEY ("ID_CEMENT_DAILY")
  USING INDEX PCTFREE 10 INITRANS 2 MAXTRANS 255 COMPUTE STATISTICS 
  STORAGE( INITIAL 65536 NEXT 1048576 MINEXTENTS 1
  FREELISTS 1 FREELIST GROUPS 1
  BUFFER_POOL DEFAULT FLASH_CACHE DEFAULT CELL_FLASH_CACHE DEFAULT)
  TABLESPACE "USERS"  ENABLE;
  ALTER TABLE "QMUSER"."T_CEMENT_DAILY" MODIFY ("ID_CEMENT_DAILY" NOT NULL ENABLE);
--------------------------------------------------------
--  Constraints for Table T_CEMENT_HOURLY
--------------------------------------------------------

  ALTER TABLE "QMUSER"."T_CEMENT_HOURLY" ADD CONSTRAINT "PK_T_CEMENT_HOURLY" PRIMARY KEY ("ID_CEMENT_HOURLY")
  USING INDEX PCTFREE 10 INITRANS 2 MAXTRANS 255 COMPUTE STATISTICS 
  STORAGE( INITIAL 65536 NEXT 1048576 MINEXTENTS 1
  FREELISTS 1 FREELIST GROUPS 1
  BUFFER_POOL DEFAULT FLASH_CACHE DEFAULT CELL_FLASH_CACHE DEFAULT)
  TABLESPACE "USERS"  ENABLE;
  ALTER TABLE "QMUSER"."T_CEMENT_HOURLY" MODIFY ("ID_CEMENT_HOURLY" NOT NULL ENABLE);
--------------------------------------------------------
--  Constraints for Table T_PRODUCTION
--------------------------------------------------------

  ALTER TABLE "QMUSER"."T_PRODUCTION" ADD CONSTRAINT "PK_T_PRODUCTION" PRIMARY KEY ("ID_PRODUCTION")
  USING INDEX PCTFREE 10 INITRANS 2 MAXTRANS 255 COMPUTE STATISTICS 
  STORAGE( INITIAL 65536 NEXT 1048576 MINEXTENTS 1
  FREELISTS 1 FREELIST GROUPS 1
  BUFFER_POOL DEFAULT FLASH_CACHE DEFAULT CELL_FLASH_CACHE DEFAULT)
  TABLESPACE "USERS"  ENABLE;
  ALTER TABLE "QMUSER"."T_PRODUCTION" MODIFY ("ID_PRODUCTION" NOT NULL ENABLE);
--------------------------------------------------------
--  Constraints for Table T_PRODUCTION_DAILY
--------------------------------------------------------

  ALTER TABLE "QMUSER"."T_PRODUCTION_DAILY" ADD CONSTRAINT "PK_T_PRODUCTION_DAILY" PRIMARY KEY ("ID_PRODUCTION_DAILY")
  USING INDEX PCTFREE 10 INITRANS 2 MAXTRANS 255 COMPUTE STATISTICS 
  STORAGE( INITIAL 65536 NEXT 1048576 MINEXTENTS 1
  FREELISTS 1 FREELIST GROUPS 1
  BUFFER_POOL DEFAULT FLASH_CACHE DEFAULT CELL_FLASH_CACHE DEFAULT)
  TABLESPACE "USERS"  ENABLE;
  ALTER TABLE "QMUSER"."T_PRODUCTION_DAILY" MODIFY ("ID_PRODUCTION_DAILY" NOT NULL ENABLE);
--------------------------------------------------------
--  Constraints for Table T_PRODUCTION_HOURLY
--------------------------------------------------------

  ALTER TABLE "QMUSER"."T_PRODUCTION_HOURLY" ADD CONSTRAINT "PK_T_PRODUCTION_HOURLY" PRIMARY KEY ("ID_PRODUCTION_HOURLY")
  USING INDEX PCTFREE 10 INITRANS 2 MAXTRANS 255 COMPUTE STATISTICS 
  STORAGE( INITIAL 65536 NEXT 1048576 MINEXTENTS 1
  FREELISTS 1 FREELIST GROUPS 1
  BUFFER_POOL DEFAULT FLASH_CACHE DEFAULT CELL_FLASH_CACHE DEFAULT)
  TABLESPACE "USERS"  ENABLE;
  ALTER TABLE "QMUSER"."T_PRODUCTION_HOURLY" MODIFY ("ID_PRODUCTION_HOURLY" NOT NULL ENABLE);
