--------------------------------------------------------
--  File created - Monday-April-03-2017   
--------------------------------------------------------
--------------------------------------------------------
--  DDL for View V_DASHBOARD
--------------------------------------------------------

  CREATE OR REPLACE FORCE VIEW "QMUSER"."V_DASHBOARD" ("ID_COMPANY", "ID_PLANT", "NM_PLANT", "ID_GROUPAREA", "ID_AREA", "DATE_DATA", "DATE_ENTRY", "ID_PRODUCTION_DAILY") AS 
  select a.ID_COMPANY, a.ID_PLANT, a.NM_PLANT, c.ID_GROUPAREA, d.ID_AREA, e.DATE_DATA, e.DATE_ENTRY, e.ID_PRODUCTION_DAILY
from m_plant a
left join c_parameter b on a.ID_PLANT=b.ID_PLANT
left join m_grouparea c on c.ID_GROUPAREA=c.ID_GROUPAREA
left join m_area d on a.ID_PLANT=d.ID_PLANT and d.ID_GROUPAREA=c.ID_GROUPAREA
left join t_production_daily e on e.ID_AREA=d.ID_AREA;
--------------------------------------------------------
--  DDL for View V_INCIDENT
--------------------------------------------------------

  CREATE OR REPLACE FORCE VIEW "QMUSER"."V_INCIDENT" ("ID_COMPANY", "ID_PLANT", "ID_AREA", "DAYDIFF", "SCORE", "ID_INCIDENT", "SUBJECT", "DESCRIPTION", "TANGGAL", "ID_TEKNISI", "DATE_ASSIGN", "ID_SOLUTION", "DATE_SOLUTION", "ID_COMPONENT", "NILAI_ANALISA", "NILAI_STANDARD_MIN", "NILAI_STANDARD_MAX", "ASSIGN_NOTE", "ID_INCIDENT_TYPE") AS 
  SELECT d.ID_COMPANY, c.ID_PLANT, a.ID_AREA, 
floor(24*(to_date(to_char(a.DATE_ASSIGN,'YYYY-MM-DD hh24:mi'),'YYYY-MM-DD hh24:mi') - to_date(to_char(a.TANGGAL,'YYYY-MM-DD hh24:mi'),'YYYY-MM-DD hh24:mi'))) daydiff,
 e.SCORE, 
a."ID_INCIDENT",a."SUBJECT",a."DESCRIPTION",a."TANGGAL",a."ID_TEKNISI",a."DATE_ASSIGN",a."ID_SOLUTION",a."DATE_SOLUTION",a."ID_COMPONENT",a."NILAI_ANALISA",a."NILAI_STANDARD_MIN",a."NILAI_STANDARD_MAX",a."ASSIGN_NOTE",a."ID_INCIDENT_TYPE"
FROM M_INCIDENT a, M_AREA b, M_PLANT c, M_COMPANY d
 , M_SCORE_PENANGANAN e
where a.ID_AREA=b.ID_AREA and b.ID_PLANT=c.ID_PLANT and c.ID_COMPANY=d.ID_COMPANY 
 and floor(24*(to_date(to_char(a.DATE_ASSIGN,'YYYY-MM-DD hh24:mi'),'YYYY-MM-DD hh24:mi') - to_date(to_char(a.TANGGAL,'YYYY-MM-DD hh24:mi'),'YYYY-MM-DD hh24:mi'))) >= e.JAM_MIN 
 and floor(24*(to_date(to_char(a.DATE_ASSIGN,'YYYY-MM-DD hh24:mi'),'YYYY-MM-DD hh24:mi') - to_date(to_char(a.TANGGAL,'YYYY-MM-DD hh24:mi'),'YYYY-MM-DD hh24:mi'))) <= e.JAM_MAX;
--------------------------------------------------------
--  DDL for View V_NOTICE_COMPANY
--------------------------------------------------------

  CREATE OR REPLACE FORCE VIEW "QMUSER"."V_NOTICE_COMPANY" ("ID_COMPANY", "ID_PLANT", "ID_AREA", "NM_PLANT", "NM_AREA", "MINOR1", "MINOR2", "MAYOR") AS 
  select c.ID_COMPANY, b.ID_PLANT, a.ID_AREA, b.NM_PLANT, a.NM_AREA,
(select count(z.ID_INCIDENT) FROM M_INCIDENT z where z.ID_AREA=a.ID_AREA AND z.ID_INCIDENT_TYPE=1) as MINOR1,
(select count(z.ID_INCIDENT) FROM M_INCIDENT z where z.ID_AREA=a.ID_AREA AND z.ID_INCIDENT_TYPE=2) as MINOR2,
(select count(z.ID_INCIDENT) FROM M_INCIDENT z where z.ID_AREA=a.ID_AREA AND z.ID_INCIDENT_TYPE>=3) as MAYOR
from m_area a, m_plant b, m_company c
where
a.ID_PLANT=b.ID_PLANT and b.ID_COMPANY=c.ID_COMPANY
order by ID_PLANT asc, ID_AREA asc;
--------------------------------------------------------
--  DDL for Table C_PARAMETER
--------------------------------------------------------

  CREATE TABLE "QMUSER"."C_PARAMETER" 
   (	"ID_PARAMETER" NUMBER(*,0), 
	"ID_PLANT" NUMBER(*,0), 
	"ID_GROUPAREA" NUMBER(*,0), 
	"ID_COMPONENT" NUMBER(*,0), 
	"DISPLAY" CHAR(1 BYTE)
   ) SEGMENT CREATION IMMEDIATE 
  PCTFREE 10 PCTUSED 40 INITRANS 1 MAXTRANS 255 
 NOCOMPRESS LOGGING
  STORAGE(INITIAL 65536 NEXT 1048576 MINEXTENTS 1 MAXEXTENTS 2147483645
  PCTINCREASE 0 FREELISTS 1 FREELIST GROUPS 1
  BUFFER_POOL DEFAULT FLASH_CACHE DEFAULT CELL_FLASH_CACHE DEFAULT)
  TABLESPACE "USERS" ;

   COMMENT ON COLUMN "QMUSER"."C_PARAMETER"."DISPLAY" IS '[d]aily  [h]ourly ';
--------------------------------------------------------
--  DDL for Table C_PRODUCT
--------------------------------------------------------

  CREATE TABLE "QMUSER"."C_PRODUCT" 
   (	"ID_C_PRODUCT" NUMBER(*,0), 
	"ID_AREA" NUMBER(*,0), 
	"ID_PRODUCT" NUMBER(*,0)
   ) SEGMENT CREATION IMMEDIATE 
  PCTFREE 10 PCTUSED 40 INITRANS 1 MAXTRANS 255 
 NOCOMPRESS LOGGING
  STORAGE(INITIAL 65536 NEXT 1048576 MINEXTENTS 1 MAXEXTENTS 2147483645
  PCTINCREASE 0 FREELISTS 1 FREELIST GROUPS 1
  BUFFER_POOL DEFAULT FLASH_CACHE DEFAULT CELL_FLASH_CACHE DEFAULT)
  TABLESPACE "USERS" ;
--------------------------------------------------------
--  DDL for Table C_RANGE_COMPONENT
--------------------------------------------------------

  CREATE TABLE "QMUSER"."C_RANGE_COMPONENT" 
   (	"ID_RANGE_COMPONENT" NUMBER(*,0), 
	"ID_PARAMETER" NUMBER(*,0), 
	"V_MIN" NUMBER(4,2), 
	"V_MAX" NUMBER(4,1)
   ) SEGMENT CREATION IMMEDIATE 
  PCTFREE 10 PCTUSED 40 INITRANS 1 MAXTRANS 255 
 NOCOMPRESS LOGGING
  STORAGE(INITIAL 65536 NEXT 1048576 MINEXTENTS 1 MAXEXTENTS 2147483645
  PCTINCREASE 0 FREELISTS 1 FREELIST GROUPS 1
  BUFFER_POOL DEFAULT FLASH_CACHE DEFAULT CELL_FLASH_CACHE DEFAULT)
  TABLESPACE "USERS" ;
--------------------------------------------------------
--  DDL for Table D_CEMENT_DAILY
--------------------------------------------------------

  CREATE TABLE "QMUSER"."D_CEMENT_DAILY" 
   (	"ID_CEMENT_DAILY" NUMBER(*,0), 
	"ID_COMPONENT" NUMBER(*,0), 
	"NILAI" NUMBER(4,2), 
	"NO_FIELD" NUMBER
   ) SEGMENT CREATION DEFERRED 
  PCTFREE 10 PCTUSED 40 INITRANS 1 MAXTRANS 255 
 NOCOMPRESS LOGGING
  STORAGE( INITIAL 65536 NEXT 1048576 MINEXTENTS 1
  FREELISTS 1 FREELIST GROUPS 1
  BUFFER_POOL DEFAULT FLASH_CACHE DEFAULT CELL_FLASH_CACHE DEFAULT)
  TABLESPACE "USERS" ;
--------------------------------------------------------
--  DDL for Table D_CEMENT_HOURLY
--------------------------------------------------------

  CREATE TABLE "QMUSER"."D_CEMENT_HOURLY" 
   (	"ID_CEMENT_HOURLY" NUMBER(*,0), 
	"ID_COMPONENT" NUMBER(*,0), 
	"NILAI" NUMBER(4,2)
   ) SEGMENT CREATION DEFERRED 
  PCTFREE 10 PCTUSED 40 INITRANS 1 MAXTRANS 255 
 NOCOMPRESS LOGGING
  STORAGE( INITIAL 65536 NEXT 1048576 MINEXTENTS 1
  FREELISTS 1 FREELIST GROUPS 1
  BUFFER_POOL DEFAULT FLASH_CACHE DEFAULT CELL_FLASH_CACHE DEFAULT)
  TABLESPACE "USERS" ;
--------------------------------------------------------
--  DDL for Table D_PARAMETER
--------------------------------------------------------

  CREATE TABLE "QMUSER"."D_PARAMETER" 
   (	"ID_PARAMETER" NUMBER(*,0), 
	"ID_PLANT" NUMBER(*,0), 
	"ID_GROUPAREA" NUMBER(*,0), 
	"ID_COMPONENT" NUMBER(*,0), 
	"DISPLAY" CHAR(1 BYTE)
   ) SEGMENT CREATION IMMEDIATE 
  PCTFREE 10 PCTUSED 40 INITRANS 1 MAXTRANS 255 
 NOCOMPRESS LOGGING
  STORAGE(INITIAL 65536 NEXT 1048576 MINEXTENTS 1 MAXEXTENTS 2147483645
  PCTINCREASE 0 FREELISTS 1 FREELIST GROUPS 1
  BUFFER_POOL DEFAULT FLASH_CACHE DEFAULT CELL_FLASH_CACHE DEFAULT)
  TABLESPACE "USERS" ;
--------------------------------------------------------
--  DDL for Table D_PRODUCTION
--------------------------------------------------------

  CREATE TABLE "QMUSER"."D_PRODUCTION" 
   (	"ID_PRODUCTION" NUMBER(*,0), 
	"ID_AREA" NUMBER(*,0), 
	"ID_PRODUCT" NUMBER(*,0), 
	"NILAI" NUMBER(6,3)
   ) SEGMENT CREATION DEFERRED 
  PCTFREE 10 PCTUSED 40 INITRANS 1 MAXTRANS 255 
 NOCOMPRESS LOGGING
  STORAGE( INITIAL 65536 NEXT 1048576 MINEXTENTS 1
  FREELISTS 1 FREELIST GROUPS 1
  BUFFER_POOL DEFAULT FLASH_CACHE DEFAULT CELL_FLASH_CACHE DEFAULT)
  TABLESPACE "USERS" ;
--------------------------------------------------------
--  DDL for Table D_PRODUCTION_DAILY
--------------------------------------------------------

  CREATE TABLE "QMUSER"."D_PRODUCTION_DAILY" 
   (	"ID_PRODUCTION_DAILY" NUMBER(*,0), 
	"ID_COMPONENT" NUMBER(*,0), 
	"NILAI" NUMBER(4,2), 
	"NO_FIELD" NUMBER
   ) SEGMENT CREATION IMMEDIATE 
  PCTFREE 10 PCTUSED 40 INITRANS 1 MAXTRANS 255 
 NOCOMPRESS LOGGING
  STORAGE(INITIAL 65536 NEXT 1048576 MINEXTENTS 1 MAXEXTENTS 2147483645
  PCTINCREASE 0 FREELISTS 1 FREELIST GROUPS 1
  BUFFER_POOL DEFAULT FLASH_CACHE DEFAULT CELL_FLASH_CACHE DEFAULT)
  TABLESPACE "USERS" ;
--------------------------------------------------------
--  DDL for Table D_PRODUCTION_HOURLY
--------------------------------------------------------

  CREATE TABLE "QMUSER"."D_PRODUCTION_HOURLY" 
   (	"ID_PRODUCTION_HOURLY" NUMBER(*,0), 
	"ID_COMPONENT" NUMBER(*,0), 
	"NILAI" NUMBER(4,2), 
	"NO_FIELD" NUMBER
   ) SEGMENT CREATION IMMEDIATE 
  PCTFREE 10 PCTUSED 40 INITRANS 1 MAXTRANS 255 
 NOCOMPRESS LOGGING
  STORAGE(INITIAL 65536 NEXT 1048576 MINEXTENTS 1 MAXEXTENTS 2147483645
  PCTINCREASE 0 FREELISTS 1 FREELIST GROUPS 1
  BUFFER_POOL DEFAULT FLASH_CACHE DEFAULT CELL_FLASH_CACHE DEFAULT)
  TABLESPACE "USERS" ;
--------------------------------------------------------
--  DDL for Table M_AREA
--------------------------------------------------------

  CREATE TABLE "QMUSER"."M_AREA" 
   (	"ID_AREA" NUMBER(*,0), 
	"ID_PLANT" NUMBER(*,0), 
	"KD_AREA" CHAR(20 BYTE), 
	"NM_AREA" VARCHAR2(100 BYTE), 
	"ID_GROUPAREA" NUMBER
   ) SEGMENT CREATION IMMEDIATE 
  PCTFREE 10 PCTUSED 40 INITRANS 1 MAXTRANS 255 
 NOCOMPRESS LOGGING
  STORAGE(INITIAL 65536 NEXT 1048576 MINEXTENTS 1 MAXEXTENTS 2147483645
  PCTINCREASE 0 FREELISTS 1 FREELIST GROUPS 1
  BUFFER_POOL DEFAULT FLASH_CACHE DEFAULT CELL_FLASH_CACHE DEFAULT)
  TABLESPACE "USERS" ;
--------------------------------------------------------
--  DDL for Table M_ASPEK
--------------------------------------------------------

  CREATE TABLE "QMUSER"."M_ASPEK" 
   (	"ID_ASPEK" NUMBER(22,0), 
	"ID_JENIS_ASPEK" NUMBER(22,0), 
	"ASPEK" VARCHAR2(4000 BYTE)
   ) SEGMENT CREATION IMMEDIATE 
  PCTFREE 10 PCTUSED 40 INITRANS 1 MAXTRANS 255 
 NOCOMPRESS LOGGING
  STORAGE(INITIAL 65536 NEXT 1048576 MINEXTENTS 1 MAXEXTENTS 2147483645
  PCTINCREASE 0 FREELISTS 1 FREELIST GROUPS 1
  BUFFER_POOL DEFAULT FLASH_CACHE DEFAULT CELL_FLASH_CACHE DEFAULT)
  TABLESPACE "USERS" ;
--------------------------------------------------------
--  DDL for Table M_AUTHORITY
--------------------------------------------------------

  CREATE TABLE "QMUSER"."M_AUTHORITY" 
   (	"ID_USERGROUP" NUMBER(*,0), 
	"ID_MENU" NUMBER(*,0)
   ) SEGMENT CREATION IMMEDIATE 
  PCTFREE 10 PCTUSED 40 INITRANS 1 MAXTRANS 255 
 NOCOMPRESS LOGGING
  STORAGE(INITIAL 65536 NEXT 1048576 MINEXTENTS 1 MAXEXTENTS 2147483645
  PCTINCREASE 0 FREELISTS 1 FREELIST GROUPS 1
  BUFFER_POOL DEFAULT FLASH_CACHE DEFAULT CELL_FLASH_CACHE DEFAULT)
  TABLESPACE "USERS" ;
--------------------------------------------------------
--  DDL for Table M_BATASAN
--------------------------------------------------------

  CREATE TABLE "QMUSER"."M_BATASAN" 
   (	"ID_KRITERIA" NUMBER(22,0), 
	"ID_BATASAN" NUMBER(22,0), 
	"BATASAN" VARCHAR2(4000 BYTE)
   ) SEGMENT CREATION IMMEDIATE 
  PCTFREE 10 PCTUSED 40 INITRANS 1 MAXTRANS 255 
 NOCOMPRESS LOGGING
  STORAGE(INITIAL 65536 NEXT 1048576 MINEXTENTS 1 MAXEXTENTS 2147483645
  PCTINCREASE 0 FREELISTS 1 FREELIST GROUPS 1
  BUFFER_POOL DEFAULT FLASH_CACHE DEFAULT CELL_FLASH_CACHE DEFAULT)
  TABLESPACE "USERS" ;

   COMMENT ON TABLE "QMUSER"."M_BATASAN"  IS 'SI RAMAH';
--------------------------------------------------------
--  DDL for Table M_COMPANY
--------------------------------------------------------

  CREATE TABLE "QMUSER"."M_COMPANY" 
   (	"ID_COMPANY" NUMBER(*,0), 
	"KD_COMPANY" CHAR(20 BYTE), 
	"NM_COMPANY" VARCHAR2(100 BYTE)
   ) SEGMENT CREATION IMMEDIATE 
  PCTFREE 10 PCTUSED 40 INITRANS 1 MAXTRANS 255 
 NOCOMPRESS LOGGING
  STORAGE(INITIAL 65536 NEXT 1048576 MINEXTENTS 1 MAXEXTENTS 2147483645
  PCTINCREASE 0 FREELISTS 1 FREELIST GROUPS 1
  BUFFER_POOL DEFAULT FLASH_CACHE DEFAULT CELL_FLASH_CACHE DEFAULT)
  TABLESPACE "USERS" ;
--------------------------------------------------------
--  DDL for Table M_COMPONENT
--------------------------------------------------------

  CREATE TABLE "QMUSER"."M_COMPONENT" 
   (	"ID_COMPONENT" NUMBER(*,0), 
	"KD_COMPONENT" CHAR(20 BYTE), 
	"NM_COMPONENT" VARCHAR2(100 BYTE)
   ) SEGMENT CREATION IMMEDIATE 
  PCTFREE 10 PCTUSED 40 INITRANS 1 MAXTRANS 255 
 NOCOMPRESS LOGGING
  STORAGE(INITIAL 65536 NEXT 1048576 MINEXTENTS 1 MAXEXTENTS 2147483645
  PCTINCREASE 0 FREELISTS 1 FREELIST GROUPS 1
  BUFFER_POOL DEFAULT FLASH_CACHE DEFAULT CELL_FLASH_CACHE DEFAULT)
  TABLESPACE "USERS" ;
--------------------------------------------------------
--  DDL for Table M_GROUPAREA
--------------------------------------------------------

  CREATE TABLE "QMUSER"."M_GROUPAREA" 
   (	"ID_GROUPAREA" NUMBER(*,0), 
	"KD_GROUPAREA" CHAR(20 BYTE), 
	"NM_GROUPAREA" VARCHAR2(100 BYTE)
   ) SEGMENT CREATION IMMEDIATE 
  PCTFREE 10 PCTUSED 40 INITRANS 1 MAXTRANS 255 
 NOCOMPRESS LOGGING
  STORAGE(INITIAL 65536 NEXT 1048576 MINEXTENTS 1 MAXEXTENTS 2147483645
  PCTINCREASE 0 FREELISTS 1 FREELIST GROUPS 1
  BUFFER_POOL DEFAULT FLASH_CACHE DEFAULT CELL_FLASH_CACHE DEFAULT)
  TABLESPACE "USERS" ;
--------------------------------------------------------
--  DDL for Table M_GROUPMENU
--------------------------------------------------------

  CREATE TABLE "QMUSER"."M_GROUPMENU" 
   (	"ID_GROUPMENU" NUMBER(*,0), 
	"NM_GROUPMENU" VARCHAR2(50 BYTE), 
	"NO_ORDER" NUMBER(*,0) DEFAULT 0, 
	"APP" CHAR(2 BYTE)
   ) SEGMENT CREATION IMMEDIATE 
  PCTFREE 10 PCTUSED 40 INITRANS 1 MAXTRANS 255 
 NOCOMPRESS LOGGING
  STORAGE(INITIAL 65536 NEXT 1048576 MINEXTENTS 1 MAXEXTENTS 2147483645
  PCTINCREASE 0 FREELISTS 1 FREELIST GROUPS 1
  BUFFER_POOL DEFAULT FLASH_CACHE DEFAULT CELL_FLASH_CACHE DEFAULT)
  TABLESPACE "USERS" ;
--------------------------------------------------------
--  DDL for Table M_INCIDENT
--------------------------------------------------------

  CREATE TABLE "QMUSER"."M_INCIDENT" 
   (	"ID_INCIDENT" NUMBER, 
	"ID_AREA" NUMBER, 
	"SUBJECT" VARCHAR2(4000 BYTE), 
	"DESCRIPTION" VARCHAR2(4000 BYTE), 
	"TANGGAL" DATE, 
	"ID_TEKNISI" NUMBER, 
	"DATE_ASSIGN" DATE, 
	"ID_SOLUTION" NUMBER, 
	"DATE_SOLUTION" DATE, 
	"ID_COMPONENT" NUMBER, 
	"NILAI_ANALISA" NUMBER(4,2), 
	"NILAI_STANDARD_MIN" NUMBER(4,2), 
	"NILAI_STANDARD_MAX" NUMBER(4,2), 
	"ASSIGN_NOTE" VARCHAR2(4000 BYTE), 
	"ID_INCIDENT_TYPE" NUMBER(22,0) DEFAULT 1
   ) SEGMENT CREATION IMMEDIATE 
  PCTFREE 10 PCTUSED 40 INITRANS 1 MAXTRANS 255 
 NOCOMPRESS LOGGING
  STORAGE(INITIAL 65536 NEXT 1048576 MINEXTENTS 1 MAXEXTENTS 2147483645
  PCTINCREASE 0 FREELISTS 1 FREELIST GROUPS 1
  BUFFER_POOL DEFAULT FLASH_CACHE DEFAULT CELL_FLASH_CACHE DEFAULT)
  TABLESPACE "USERS" ;
--------------------------------------------------------
--  DDL for Table M_INCIDENT_TYPE
--------------------------------------------------------

  CREATE TABLE "QMUSER"."M_INCIDENT_TYPE" 
   (	"ID_INCIDENT_TYPE" NUMBER, 
	"NM_INCIDENT_TYPE" VARCHAR2(50 BYTE)
   ) SEGMENT CREATION IMMEDIATE 
  PCTFREE 10 PCTUSED 40 INITRANS 1 MAXTRANS 255 
 NOCOMPRESS LOGGING
  STORAGE(INITIAL 65536 NEXT 1048576 MINEXTENTS 1 MAXEXTENTS 2147483645
  PCTINCREASE 0 FREELISTS 1 FREELIST GROUPS 1
  BUFFER_POOL DEFAULT FLASH_CACHE DEFAULT CELL_FLASH_CACHE DEFAULT)
  TABLESPACE "USERS" ;
--------------------------------------------------------
--  DDL for Table M_INDIKATOR
--------------------------------------------------------

  CREATE TABLE "QMUSER"."M_INDIKATOR" 
   (	"ID_INDIKATOR" NUMBER(22,0), 
	"ID_BATASAN" NUMBER(22,0), 
	"RASIO_AWAL" FLOAT(126), 
	"RASIO_AKHIR" FLOAT(126), 
	"SKOR" NUMBER(22,0), 
	"CATATAN" VARCHAR2(4000 BYTE)
   ) SEGMENT CREATION IMMEDIATE 
  PCTFREE 10 PCTUSED 40 INITRANS 1 MAXTRANS 255 
 NOCOMPRESS LOGGING
  STORAGE(INITIAL 65536 NEXT 1048576 MINEXTENTS 1 MAXEXTENTS 2147483645
  PCTINCREASE 0 FREELISTS 1 FREELIST GROUPS 1
  BUFFER_POOL DEFAULT FLASH_CACHE DEFAULT CELL_FLASH_CACHE DEFAULT)
  TABLESPACE "USERS" ;

   COMMENT ON TABLE "QMUSER"."M_INDIKATOR"  IS 'SI RAMAH';
--------------------------------------------------------
--  DDL for Table M_JABATAN
--------------------------------------------------------

  CREATE TABLE "QMUSER"."M_JABATAN" 
   (	"ID_JABATAN" NUMBER(*,0), 
	"NM_JABATAN" VARCHAR2(200 BYTE), 
	"KD_JABATAN" VARCHAR2(10 BYTE)
   ) SEGMENT CREATION IMMEDIATE 
  PCTFREE 10 PCTUSED 40 INITRANS 1 MAXTRANS 255 
 NOCOMPRESS LOGGING
  STORAGE(INITIAL 65536 NEXT 1048576 MINEXTENTS 1 MAXEXTENTS 2147483645
  PCTINCREASE 0 FREELISTS 1 FREELIST GROUPS 1
  BUFFER_POOL DEFAULT FLASH_CACHE DEFAULT CELL_FLASH_CACHE DEFAULT)
  TABLESPACE "USERS" ;
--------------------------------------------------------
--  DDL for Table M_JENIS_ASPEK
--------------------------------------------------------

  CREATE TABLE "QMUSER"."M_JENIS_ASPEK" 
   (	"ID_JENIS_ASPEK" NUMBER(22,0), 
	"JENIS_ASPEK" VARCHAR2(1000 BYTE), 
	"BOBOT" NUMBER(22,0)
   ) SEGMENT CREATION IMMEDIATE 
  PCTFREE 10 PCTUSED 40 INITRANS 1 MAXTRANS 255 
 NOCOMPRESS LOGGING
  STORAGE(INITIAL 65536 NEXT 1048576 MINEXTENTS 1 MAXEXTENTS 2147483645
  PCTINCREASE 0 FREELISTS 1 FREELIST GROUPS 1
  BUFFER_POOL DEFAULT FLASH_CACHE DEFAULT CELL_FLASH_CACHE DEFAULT)
  TABLESPACE "USERS" ;
--------------------------------------------------------
--  DDL for Table M_KRITERIA
--------------------------------------------------------

  CREATE TABLE "QMUSER"."M_KRITERIA" 
   (	"ID_KRITERIA" NUMBER(22,0), 
	"ID_ASPEK" NUMBER(22,0), 
	"KRITERIA" VARCHAR2(4000 BYTE)
   ) SEGMENT CREATION IMMEDIATE 
  PCTFREE 10 PCTUSED 40 INITRANS 1 MAXTRANS 255 
 NOCOMPRESS LOGGING
  STORAGE(INITIAL 65536 NEXT 1048576 MINEXTENTS 1 MAXEXTENTS 2147483645
  PCTINCREASE 0 FREELISTS 1 FREELIST GROUPS 1
  BUFFER_POOL DEFAULT FLASH_CACHE DEFAULT CELL_FLASH_CACHE DEFAULT)
  TABLESPACE "USERS" ;

   COMMENT ON TABLE "QMUSER"."M_KRITERIA"  IS 'SI RAMAH';
--------------------------------------------------------
--  DDL for Table M_LEVEL_USER
--------------------------------------------------------

  CREATE TABLE "QMUSER"."M_LEVEL_USER" 
   (	"ID_LEVEL_USER" NUMBER(*,0), 
	"NM_LEVEL_USER" VARCHAR2(255 BYTE)
   ) SEGMENT CREATION IMMEDIATE 
  PCTFREE 10 PCTUSED 40 INITRANS 1 MAXTRANS 255 
 NOCOMPRESS LOGGING
  STORAGE(INITIAL 65536 NEXT 1048576 MINEXTENTS 1 MAXEXTENTS 2147483645
  PCTINCREASE 0 FREELISTS 1 FREELIST GROUPS 1
  BUFFER_POOL DEFAULT FLASH_CACHE DEFAULT CELL_FLASH_CACHE DEFAULT)
  TABLESPACE "USERS" ;
--------------------------------------------------------
--  DDL for Table M_MENU
--------------------------------------------------------

  CREATE TABLE "QMUSER"."M_MENU" 
   (	"ID_MENU" NUMBER(*,0), 
	"NM_MENU" VARCHAR2(255 BYTE), 
	"URL_MENU" VARCHAR2(255 BYTE), 
	"ACTIVE" NUMBER(1,0) DEFAULT 1, 
	"NO_ORDER" NUMBER(*,0) DEFAULT 0, 
	"ID_GROUPMENU" NUMBER(*,0), 
	"APP" CHAR(2 BYTE)
   ) SEGMENT CREATION IMMEDIATE 
  PCTFREE 10 PCTUSED 40 INITRANS 1 MAXTRANS 255 
 NOCOMPRESS LOGGING
  STORAGE(INITIAL 65536 NEXT 1048576 MINEXTENTS 1 MAXEXTENTS 2147483645
  PCTINCREASE 0 FREELISTS 1 FREELIST GROUPS 1
  BUFFER_POOL DEFAULT FLASH_CACHE DEFAULT CELL_FLASH_CACHE DEFAULT)
  TABLESPACE "USERS" ;
--------------------------------------------------------
--  DDL for Table M_MESIN_STATUS
--------------------------------------------------------

  CREATE TABLE "QMUSER"."M_MESIN_STATUS" 
   (	"ID_MESIN_STATUS" NUMBER(*,0), 
	"KD_MESIN_STATUS" CHAR(20 BYTE), 
	"NM_MESIN_STATUS" VARCHAR2(100 BYTE)
   ) SEGMENT CREATION IMMEDIATE 
  PCTFREE 10 PCTUSED 40 INITRANS 1 MAXTRANS 255 
 NOCOMPRESS LOGGING
  STORAGE(INITIAL 65536 NEXT 1048576 MINEXTENTS 1 MAXEXTENTS 2147483645
  PCTINCREASE 0 FREELISTS 1 FREELIST GROUPS 1
  BUFFER_POOL DEFAULT FLASH_CACHE DEFAULT CELL_FLASH_CACHE DEFAULT)
  TABLESPACE "USERS" ;
--------------------------------------------------------
--  DDL for Table M_OPCO
--------------------------------------------------------

  CREATE TABLE "QMUSER"."M_OPCO" 
   (	"ID_OPCO" NUMBER, 
	"FULLNAME" VARCHAR2(200 BYTE), 
	"EMAIL" VARCHAR2(500 BYTE), 
	"ID_AREA" NUMBER, 
	"ID_JABATAN" NUMBER, 
	"DELETED" NUMBER(*,0) DEFAULT 0
   ) SEGMENT CREATION IMMEDIATE 
  PCTFREE 10 PCTUSED 40 INITRANS 1 MAXTRANS 255 
 NOCOMPRESS LOGGING
  STORAGE(INITIAL 65536 NEXT 1048576 MINEXTENTS 1 MAXEXTENTS 2147483645
  PCTINCREASE 0 FREELISTS 1 FREELIST GROUPS 1
  BUFFER_POOL DEFAULT FLASH_CACHE DEFAULT CELL_FLASH_CACHE DEFAULT)
  TABLESPACE "USERS" ;
--------------------------------------------------------
--  DDL for Table M_PLANT
--------------------------------------------------------

  CREATE TABLE "QMUSER"."M_PLANT" 
   (	"ID_PLANT" NUMBER(*,0), 
	"ID_COMPANY" NUMBER(*,0), 
	"KD_PLANT" CHAR(20 BYTE), 
	"NM_PLANT" VARCHAR2(100 BYTE)
   ) SEGMENT CREATION IMMEDIATE 
  PCTFREE 10 PCTUSED 40 INITRANS 1 MAXTRANS 255 
 NOCOMPRESS LOGGING
  STORAGE(INITIAL 65536 NEXT 1048576 MINEXTENTS 1 MAXEXTENTS 2147483645
  PCTINCREASE 0 FREELISTS 1 FREELIST GROUPS 1
  BUFFER_POOL DEFAULT FLASH_CACHE DEFAULT CELL_FLASH_CACHE DEFAULT)
  TABLESPACE "USERS" ;
--------------------------------------------------------
--  DDL for Table M_PRODUCT
--------------------------------------------------------

  CREATE TABLE "QMUSER"."M_PRODUCT" 
   (	"ID_PRODUCT" NUMBER(*,0), 
	"KD_PRODUCT" CHAR(20 BYTE), 
	"NM_PRODUCT" VARCHAR2(100 BYTE)
   ) SEGMENT CREATION IMMEDIATE 
  PCTFREE 10 PCTUSED 40 INITRANS 1 MAXTRANS 255 
 NOCOMPRESS LOGGING
  STORAGE(INITIAL 65536 NEXT 1048576 MINEXTENTS 1 MAXEXTENTS 2147483645
  PCTINCREASE 0 FREELISTS 1 FREELIST GROUPS 1
  BUFFER_POOL DEFAULT FLASH_CACHE DEFAULT CELL_FLASH_CACHE DEFAULT)
  TABLESPACE "USERS" ;
--------------------------------------------------------
--  DDL for Table M_SCORE_PENANGANAN
--------------------------------------------------------

  CREATE TABLE "QMUSER"."M_SCORE_PENANGANAN" 
   (	"ID_SCORE_PENANGANAN" NUMBER, 
	"JAM_MIN" NUMBER, 
	"JAM_MAX" NUMBER, 
	"SCORE" NUMBER
   ) SEGMENT CREATION IMMEDIATE 
  PCTFREE 10 PCTUSED 40 INITRANS 1 MAXTRANS 255 
 NOCOMPRESS LOGGING
  STORAGE(INITIAL 65536 NEXT 1048576 MINEXTENTS 1 MAXEXTENTS 2147483645
  PCTINCREASE 0 FREELISTS 1 FREELIST GROUPS 1
  BUFFER_POOL DEFAULT FLASH_CACHE DEFAULT CELL_FLASH_CACHE DEFAULT)
  TABLESPACE "USERS" ;
--------------------------------------------------------
--  DDL for Table M_SOLUTION
--------------------------------------------------------

  CREATE TABLE "QMUSER"."M_SOLUTION" 
   (	"ID_SOLUTION" NUMBER(*,0), 
	"JUDUL_SOLUTION" VARCHAR2(4000 BYTE), 
	"DETAIL_SOLUTION" VARCHAR2(4000 BYTE), 
	"MASALAH" VARCHAR2(4000 BYTE)
   ) SEGMENT CREATION IMMEDIATE 
  PCTFREE 10 PCTUSED 40 INITRANS 1 MAXTRANS 255 
 NOCOMPRESS LOGGING
  STORAGE(INITIAL 65536 NEXT 1048576 MINEXTENTS 1 MAXEXTENTS 2147483645
  PCTINCREASE 0 FREELISTS 1 FREELIST GROUPS 1
  BUFFER_POOL DEFAULT FLASH_CACHE DEFAULT CELL_FLASH_CACHE DEFAULT)
  TABLESPACE "USERS" ;
--------------------------------------------------------
--  DDL for Table M_TEKNISI
--------------------------------------------------------

  CREATE TABLE "QMUSER"."M_TEKNISI" 
   (	"ID_TEKNISI" NUMBER, 
	"NM_TEKNISI" VARCHAR2(200 BYTE), 
	"PIC_TEKNISI" VARCHAR2(200 BYTE), 
	"TELP_TEKNISI" VARCHAR2(20 BYTE), 
	"EMAIL_TEKNISI" VARCHAR2(200 BYTE)
   ) SEGMENT CREATION IMMEDIATE 
  PCTFREE 10 PCTUSED 40 INITRANS 1 MAXTRANS 255 
 NOCOMPRESS LOGGING
  STORAGE(INITIAL 65536 NEXT 1048576 MINEXTENTS 1 MAXEXTENTS 2147483645
  PCTINCREASE 0 FREELISTS 1 FREELIST GROUPS 1
  BUFFER_POOL DEFAULT FLASH_CACHE DEFAULT CELL_FLASH_CACHE DEFAULT)
  TABLESPACE "USERS" ;
--------------------------------------------------------
--  DDL for Table M_USERGROUP
--------------------------------------------------------

  CREATE TABLE "QMUSER"."M_USERGROUP" 
   (	"ID_USERGROUP" NUMBER, 
	"KD_USERGROUP" CHAR(20 BYTE), 
	"NM_USERGROUP" VARCHAR2(100 BYTE), 
	"PERM_READ" CHAR(1 BYTE), 
	"PERM_WRITE" CHAR(1 BYTE)
   ) SEGMENT CREATION IMMEDIATE 
  PCTFREE 10 PCTUSED 40 INITRANS 1 MAXTRANS 255 
 NOCOMPRESS LOGGING
  STORAGE(INITIAL 65536 NEXT 1048576 MINEXTENTS 1 MAXEXTENTS 2147483645
  PCTINCREASE 0 FREELISTS 1 FREELIST GROUPS 1
  BUFFER_POOL DEFAULT FLASH_CACHE DEFAULT CELL_FLASH_CACHE DEFAULT)
  TABLESPACE "USERS" ;
--------------------------------------------------------
--  DDL for Table M_USERS
--------------------------------------------------------

  CREATE TABLE "QMUSER"."M_USERS" 
   (	"ID_USER" NUMBER(*,0), 
	"FULLNAME" VARCHAR2(20 BYTE), 
	"USERNAME" VARCHAR2(100 BYTE), 
	"ID_COMPANY" NUMBER(*,0), 
	"ID_PLANT" NUMBER(*,0), 
	"ID_AREA" NUMBER(*,0), 
	"ID_USERGROUP" NUMBER, 
	"DELETED" NUMBER(*,0) DEFAULT 0
   ) SEGMENT CREATION IMMEDIATE 
  PCTFREE 10 PCTUSED 40 INITRANS 1 MAXTRANS 255 
 NOCOMPRESS LOGGING
  STORAGE(INITIAL 65536 NEXT 1048576 MINEXTENTS 1 MAXEXTENTS 2147483645
  PCTINCREASE 0 FREELISTS 1 FREELIST GROUPS 1
  BUFFER_POOL DEFAULT FLASH_CACHE DEFAULT CELL_FLASH_CACHE DEFAULT)
  TABLESPACE "USERS" ;
--------------------------------------------------------
--  DDL for Table T_CEMENT_DAILY
--------------------------------------------------------

  CREATE TABLE "QMUSER"."T_CEMENT_DAILY" 
   (	"ID_CEMENT_DAILY" NUMBER(*,0), 
	"ID_AREA" NUMBER(*,0), 
	"ID_PRODUCT" NUMBER(*,0), 
	"DATE_DATA" DATE, 
	"DATE_ENTRY" DATE, 
	"USER_ENTRY" NUMBER(*,0), 
	"USER_UPDATE" NUMBER(*,0), 
	"MESIN_REMARK" VARCHAR2(255 BYTE)
   ) SEGMENT CREATION DEFERRED 
  PCTFREE 10 PCTUSED 40 INITRANS 1 MAXTRANS 255 
 NOCOMPRESS LOGGING
  STORAGE( INITIAL 65536 NEXT 1048576 MINEXTENTS 1
  FREELISTS 1 FREELIST GROUPS 1
  BUFFER_POOL DEFAULT FLASH_CACHE DEFAULT CELL_FLASH_CACHE DEFAULT)
  TABLESPACE "USERS" ;
--------------------------------------------------------
--  DDL for Table T_CEMENT_HOURLY
--------------------------------------------------------

  CREATE TABLE "QMUSER"."T_CEMENT_HOURLY" 
   (	"ID_CEMENT_HOURLY" NUMBER(*,0), 
	"ID_AREA" NUMBER(*,0), 
	"ID_PRODUCT" NUMBER(*,0), 
	"DATE_DATA" DATE, 
	"JAM_DATA" NUMBER(*,0), 
	"DATE_ENTRY" DATE, 
	"JAM_ENTRY" NUMBER(*,0), 
	"USER_ENTRY" NUMBER(*,0), 
	"USER_UPDATE" NUMBER(*,0), 
	"MESIN_REMARK" VARCHAR2(255 BYTE)
   ) SEGMENT CREATION DEFERRED 
  PCTFREE 10 PCTUSED 40 INITRANS 1 MAXTRANS 255 
 NOCOMPRESS LOGGING
  STORAGE( INITIAL 65536 NEXT 1048576 MINEXTENTS 1
  FREELISTS 1 FREELIST GROUPS 1
  BUFFER_POOL DEFAULT FLASH_CACHE DEFAULT CELL_FLASH_CACHE DEFAULT)
  TABLESPACE "USERS" ;
--------------------------------------------------------
--  DDL for Table T_PRODUCTION
--------------------------------------------------------

  CREATE TABLE "QMUSER"."T_PRODUCTION" 
   (	"ID_PRODUCTION" NUMBER(*,0), 
	"TAHUN" NUMBER(*,0), 
	"BULAN" NUMBER(*,0), 
	"DATE_ENTRY" DATE, 
	"DATE_UPDATE" DATE, 
	"USER_ENTRY" NUMBER(*,0), 
	"USER_UPDATE" NUMBER(*,0)
   ) SEGMENT CREATION DEFERRED 
  PCTFREE 10 PCTUSED 40 INITRANS 1 MAXTRANS 255 
 NOCOMPRESS LOGGING
  STORAGE( INITIAL 65536 NEXT 1048576 MINEXTENTS 1
  FREELISTS 1 FREELIST GROUPS 1
  BUFFER_POOL DEFAULT FLASH_CACHE DEFAULT CELL_FLASH_CACHE DEFAULT)
  TABLESPACE "USERS" ;

   COMMENT ON TABLE "QMUSER"."T_PRODUCTION"  IS 'UNTUK QAF';
--------------------------------------------------------
--  DDL for Table T_PRODUCTION_DAILY
--------------------------------------------------------

  CREATE TABLE "QMUSER"."T_PRODUCTION_DAILY" 
   (	"ID_PRODUCTION_DAILY" NUMBER(*,0), 
	"ID_AREA" NUMBER(*,0), 
	"ID_MESIN_STATUS" NUMBER(*,0), 
	"DATE_DATA" DATE, 
	"DATE_ENTRY" DATE, 
	"USER_ENTRY" NUMBER(*,0), 
	"USER_UPDATE" NUMBER(*,0), 
	"MESIN_REMARK" VARCHAR2(255 BYTE)
   ) SEGMENT CREATION IMMEDIATE 
  PCTFREE 10 PCTUSED 40 INITRANS 1 MAXTRANS 255 
 NOCOMPRESS LOGGING
  STORAGE(INITIAL 65536 NEXT 1048576 MINEXTENTS 1 MAXEXTENTS 2147483645
  PCTINCREASE 0 FREELISTS 1 FREELIST GROUPS 1
  BUFFER_POOL DEFAULT FLASH_CACHE DEFAULT CELL_FLASH_CACHE DEFAULT)
  TABLESPACE "USERS" ;
--------------------------------------------------------
--  DDL for Table T_PRODUCTION_HOURLY
--------------------------------------------------------

  CREATE TABLE "QMUSER"."T_PRODUCTION_HOURLY" 
   (	"ID_PRODUCTION_HOURLY" NUMBER(*,0), 
	"ID_AREA" NUMBER(*,0), 
	"ID_MESIN_STATUS" NUMBER(*,0), 
	"DATE_DATA" DATE, 
	"JAM_DATA" NUMBER(*,0), 
	"DATE_ENTRY" DATE, 
	"JAM_ENTRY" NUMBER(*,0), 
	"USER_ENTRY" NUMBER(*,0), 
	"USER_UPDATE" NUMBER(*,0), 
	"MESIN_REMARK" VARCHAR2(255 BYTE)
   ) SEGMENT CREATION IMMEDIATE 
  PCTFREE 10 PCTUSED 40 INITRANS 1 MAXTRANS 255 
 NOCOMPRESS LOGGING
  STORAGE(INITIAL 65536 NEXT 1048576 MINEXTENTS 1 MAXEXTENTS 2147483645
  PCTINCREASE 0 FREELISTS 1 FREELIST GROUPS 1
  BUFFER_POOL DEFAULT FLASH_CACHE DEFAULT CELL_FLASH_CACHE DEFAULT)
  TABLESPACE "USERS" ;
--------------------------------------------------------
--  DDL for Table T_SKORING_RAMAH
--------------------------------------------------------

  CREATE TABLE "QMUSER"."T_SKORING_RAMAH" 
   (	"ID_SKORING" NUMBER(22,0), 
	"ID_KRITERIA" NUMBER(22,0), 
	"ID_COMPANY" NUMBER(22,0), 
	"NILAI_ASPEK" FLOAT(126), 
	"NILAI_SKORING" NUMBER(22,0), 
	"DATE_INSERT" DATE
   ) SEGMENT CREATION IMMEDIATE 
  PCTFREE 10 PCTUSED 40 INITRANS 1 MAXTRANS 255 
 NOCOMPRESS LOGGING
  STORAGE(INITIAL 65536 NEXT 1048576 MINEXTENTS 1 MAXEXTENTS 2147483645
  PCTINCREASE 0 FREELISTS 1 FREELIST GROUPS 1
  BUFFER_POOL DEFAULT FLASH_CACHE DEFAULT CELL_FLASH_CACHE DEFAULT)
  TABLESPACE "SYSTEM" ;
--------------------------------------------------------
--  DDL for Sequence SEQ_ID_AREA
--------------------------------------------------------

   CREATE SEQUENCE  "QMUSER"."SEQ_ID_AREA"  MINVALUE 1 MAXVALUE 9999 INCREMENT BY 1 START WITH 261 CACHE 20 ORDER  NOCYCLE ;
--------------------------------------------------------
--  DDL for Sequence SEQ_ID_ASPEK
--------------------------------------------------------

   CREATE SEQUENCE  "QMUSER"."SEQ_ID_ASPEK"  MINVALUE 1 MAXVALUE 9999999999999999999999999999 INCREMENT BY 1 START WITH 41 CACHE 20 ORDER  NOCYCLE ;
--------------------------------------------------------
--  DDL for Sequence SEQ_ID_BATASAN
--------------------------------------------------------

   CREATE SEQUENCE  "QMUSER"."SEQ_ID_BATASAN"  MINVALUE 1 MAXVALUE 999999999999 INCREMENT BY 1 START WITH 41 CACHE 20 ORDER  NOCYCLE ;
--------------------------------------------------------
--  DDL for Sequence SEQ_ID_CEMENT_DAILY
--------------------------------------------------------

   CREATE SEQUENCE  "QMUSER"."SEQ_ID_CEMENT_DAILY"  MINVALUE 1 MAXVALUE 9999999999999999999999999999 INCREMENT BY 1 START WITH 101 CACHE 20 ORDER  NOCYCLE ;
--------------------------------------------------------
--  DDL for Sequence SEQ_ID_CEMENT_HOURLY
--------------------------------------------------------

   CREATE SEQUENCE  "QMUSER"."SEQ_ID_CEMENT_HOURLY"  MINVALUE 1 MAXVALUE 9999999999999999999999999999 INCREMENT BY 1 START WITH 101 CACHE 20 ORDER  NOCYCLE ;
--------------------------------------------------------
--  DDL for Sequence SEQ_ID_COMPANY
--------------------------------------------------------

   CREATE SEQUENCE  "QMUSER"."SEQ_ID_COMPANY"  MINVALUE 1 MAXVALUE 9999 INCREMENT BY 1 START WITH 41 CACHE 20 ORDER  NOCYCLE ;
--------------------------------------------------------
--  DDL for Sequence SEQ_ID_COMPONENT
--------------------------------------------------------

   CREATE SEQUENCE  "QMUSER"."SEQ_ID_COMPONENT"  MINVALUE 1 MAXVALUE 9999999 INCREMENT BY 1 START WITH 181 CACHE 20 ORDER  NOCYCLE ;
--------------------------------------------------------
--  DDL for Sequence SEQ_ID_C_PRODUCT
--------------------------------------------------------

   CREATE SEQUENCE  "QMUSER"."SEQ_ID_C_PRODUCT"  MINVALUE 1 MAXVALUE 9999 INCREMENT BY 1 START WITH 61 CACHE 20 ORDER  NOCYCLE ;
--------------------------------------------------------
--  DDL for Sequence SEQ_ID_C_RANGE_COMPONENT
--------------------------------------------------------

   CREATE SEQUENCE  "QMUSER"."SEQ_ID_C_RANGE_COMPONENT"  MINVALUE 1 MAXVALUE 99999999 INCREMENT BY 1 START WITH 61 CACHE 20 ORDER  NOCYCLE ;
--------------------------------------------------------
--  DDL for Sequence SEQ_ID_GROUPAREA
--------------------------------------------------------

   CREATE SEQUENCE  "QMUSER"."SEQ_ID_GROUPAREA"  MINVALUE 1 MAXVALUE 999999999 INCREMENT BY 1 START WITH 41 CACHE 20 ORDER  NOCYCLE ;
--------------------------------------------------------
--  DDL for Sequence SEQ_ID_GROUPMENU
--------------------------------------------------------

   CREATE SEQUENCE  "QMUSER"."SEQ_ID_GROUPMENU"  MINVALUE 1 MAXVALUE 999999 INCREMENT BY 1 START WITH 27 CACHE 20 ORDER  NOCYCLE ;
--------------------------------------------------------
--  DDL for Sequence SEQ_ID_INCIDENT
--------------------------------------------------------

   CREATE SEQUENCE  "QMUSER"."SEQ_ID_INCIDENT"  MINVALUE 1 MAXVALUE 9999999999999999999999999999 INCREMENT BY 1 START WITH 1 CACHE 20 ORDER  NOCYCLE ;
--------------------------------------------------------
--  DDL for Sequence SEQ_ID_INDIKATOR
--------------------------------------------------------

   CREATE SEQUENCE  "QMUSER"."SEQ_ID_INDIKATOR"  MINVALUE 1 MAXVALUE 999999999999 INCREMENT BY 1 START WITH 41 CACHE 20 ORDER  NOCYCLE ;
--------------------------------------------------------
--  DDL for Sequence SEQ_ID_JABATAN
--------------------------------------------------------

   CREATE SEQUENCE  "QMUSER"."SEQ_ID_JABATAN"  MINVALUE 1 MAXVALUE 999 INCREMENT BY 1 START WITH 21 CACHE 20 ORDER  NOCYCLE ;
--------------------------------------------------------
--  DDL for Sequence SEQ_ID_JENIS_ASPEK
--------------------------------------------------------

   CREATE SEQUENCE  "QMUSER"."SEQ_ID_JENIS_ASPEK"  MINVALUE 1 MAXVALUE 9999999999999999999999999999 INCREMENT BY 1 START WITH 41 CACHE 20 ORDER  NOCYCLE ;
--------------------------------------------------------
--  DDL for Sequence SEQ_ID_KRITERIA
--------------------------------------------------------

   CREATE SEQUENCE  "QMUSER"."SEQ_ID_KRITERIA"  MINVALUE 1 MAXVALUE 999999999999 INCREMENT BY 1 START WITH 41 CACHE 20 ORDER  NOCYCLE ;
--------------------------------------------------------
--  DDL for Sequence SEQ_ID_LEVEL_USER
--------------------------------------------------------

   CREATE SEQUENCE  "QMUSER"."SEQ_ID_LEVEL_USER"  MINVALUE 1 MAXVALUE 9999999999 INCREMENT BY 1 START WITH 1 CACHE 20 ORDER  NOCYCLE ;
--------------------------------------------------------
--  DDL for Sequence SEQ_ID_MENU
--------------------------------------------------------

   CREATE SEQUENCE  "QMUSER"."SEQ_ID_MENU"  MINVALUE 1 MAXVALUE 999999 INCREMENT BY 1 START WITH 22 NOCACHE  ORDER  NOCYCLE ;
--------------------------------------------------------
--  DDL for Sequence SEQ_ID_MESIN_STATUS
--------------------------------------------------------

   CREATE SEQUENCE  "QMUSER"."SEQ_ID_MESIN_STATUS"  MINVALUE 1 MAXVALUE 999999 INCREMENT BY 1 START WITH 41 CACHE 20 ORDER  NOCYCLE ;
--------------------------------------------------------
--  DDL for Sequence SEQ_ID_OPCO
--------------------------------------------------------

   CREATE SEQUENCE  "QMUSER"."SEQ_ID_OPCO"  MINVALUE 1 MAXVALUE 999999 INCREMENT BY 1 START WITH 21 CACHE 20 ORDER  NOCYCLE ;
--------------------------------------------------------
--  DDL for Sequence SEQ_ID_PARAMETER
--------------------------------------------------------

   CREATE SEQUENCE  "QMUSER"."SEQ_ID_PARAMETER"  MINVALUE 1 MAXVALUE 9999999999 INCREMENT BY 1 START WITH 2441 CACHE 20 ORDER  NOCYCLE ;
--------------------------------------------------------
--  DDL for Sequence SEQ_ID_PLANT
--------------------------------------------------------

   CREATE SEQUENCE  "QMUSER"."SEQ_ID_PLANT"  MINVALUE 1 MAXVALUE 9999999999 INCREMENT BY 1 START WITH 61 CACHE 20 ORDER  NOCYCLE ;
--------------------------------------------------------
--  DDL for Sequence SEQ_ID_PRODUCT
--------------------------------------------------------

   CREATE SEQUENCE  "QMUSER"."SEQ_ID_PRODUCT"  MINVALUE 1 MAXVALUE 999999 INCREMENT BY 1 START WITH 81 CACHE 20 ORDER  NOCYCLE ;
--------------------------------------------------------
--  DDL for Sequence SEQ_ID_PRODUCTION_DAILY
--------------------------------------------------------

   CREATE SEQUENCE  "QMUSER"."SEQ_ID_PRODUCTION_DAILY"  MINVALUE 1 MAXVALUE 999999999999999999999 INCREMENT BY 1 START WITH 88 CACHE 20 ORDER  NOCYCLE ;
--------------------------------------------------------
--  DDL for Sequence SEQ_ID_PRODUCTION_HOURLY
--------------------------------------------------------

   CREATE SEQUENCE  "QMUSER"."SEQ_ID_PRODUCTION_HOURLY"  MINVALUE 1 MAXVALUE 9999999999999999999999999999 INCREMENT BY 1 START WITH 1 CACHE 20 ORDER  NOCYCLE ;
--------------------------------------------------------
--  DDL for Sequence SEQ_ID_SCORE_PENANGANAN
--------------------------------------------------------

   CREATE SEQUENCE  "QMUSER"."SEQ_ID_SCORE_PENANGANAN"  MINVALUE 1 MAXVALUE 999999 INCREMENT BY 1 START WITH 41 CACHE 20 ORDER  NOCYCLE ;
--------------------------------------------------------
--  DDL for Sequence SEQ_ID_SKORING
--------------------------------------------------------

   CREATE SEQUENCE  "QMUSER"."SEQ_ID_SKORING"  MINVALUE 1 MAXVALUE 9999999999999999999999999999 INCREMENT BY 1 START WITH 41 CACHE 20 ORDER  NOCYCLE ;
--------------------------------------------------------
--  DDL for Sequence SEQ_ID_SOLUTION
--------------------------------------------------------

   CREATE SEQUENCE  "QMUSER"."SEQ_ID_SOLUTION"  MINVALUE 1 MAXVALUE 999999999999999999 INCREMENT BY 1 START WITH 21 CACHE 20 ORDER  NOCYCLE ;
--------------------------------------------------------
--  DDL for Sequence SEQ_ID_TEKNISI
--------------------------------------------------------

   CREATE SEQUENCE  "QMUSER"."SEQ_ID_TEKNISI"  MINVALUE 1 MAXVALUE 9999999 INCREMENT BY 1 START WITH 21 CACHE 20 ORDER  NOCYCLE ;
--------------------------------------------------------
--  DDL for Sequence SEQ_ID_USER
--------------------------------------------------------

   CREATE SEQUENCE  "QMUSER"."SEQ_ID_USER"  MINVALUE 1 MAXVALUE 999999999999999999 INCREMENT BY 1 START WITH 41 CACHE 20 ORDER  NOCYCLE ;
--------------------------------------------------------
--  DDL for Sequence SEQ_ID_USERGROUP
--------------------------------------------------------

   CREATE SEQUENCE  "QMUSER"."SEQ_ID_USERGROUP"  MINVALUE 1 MAXVALUE 9999 INCREMENT BY 1 START WITH 21 CACHE 20 ORDER  NOCYCLE ;
REM INSERTING into QMUSER.C_PARAMETER
SET DEFINE OFF;
Insert into QMUSER.C_PARAMETER (ID_PARAMETER,ID_PLANT,ID_GROUPAREA,ID_COMPONENT,DISPLAY) values (181,8,1,36,null);
Insert into QMUSER.C_PARAMETER (ID_PARAMETER,ID_PLANT,ID_GROUPAREA,ID_COMPONENT,DISPLAY) values (179,8,1,24,null);
Insert into QMUSER.C_PARAMETER (ID_PARAMETER,ID_PLANT,ID_GROUPAREA,ID_COMPONENT,DISPLAY) values (251,8,1,37,'D');
Insert into QMUSER.C_PARAMETER (ID_PARAMETER,ID_PLANT,ID_GROUPAREA,ID_COMPONENT,DISPLAY) values (252,8,1,38,'D');
Insert into QMUSER.C_PARAMETER (ID_PARAMETER,ID_PLANT,ID_GROUPAREA,ID_COMPONENT,DISPLAY) values (185,8,1,30,null);
Insert into QMUSER.C_PARAMETER (ID_PARAMETER,ID_PLANT,ID_GROUPAREA,ID_COMPONENT,DISPLAY) values (254,8,1,26,'D');
Insert into QMUSER.C_PARAMETER (ID_PARAMETER,ID_PLANT,ID_GROUPAREA,ID_COMPONENT,DISPLAY) values (256,8,1,31,'D');
Insert into QMUSER.C_PARAMETER (ID_PARAMETER,ID_PLANT,ID_GROUPAREA,ID_COMPONENT,DISPLAY) values (260,8,1,39,'D');
Insert into QMUSER.C_PARAMETER (ID_PARAMETER,ID_PLANT,ID_GROUPAREA,ID_COMPONENT,DISPLAY) values (307,8,1,3,'H');
Insert into QMUSER.C_PARAMETER (ID_PARAMETER,ID_PLANT,ID_GROUPAREA,ID_COMPONENT,DISPLAY) values (287,8,1,40,'D');
Insert into QMUSER.C_PARAMETER (ID_PARAMETER,ID_PLANT,ID_GROUPAREA,ID_COMPONENT,DISPLAY) values (308,8,1,24,'H');
Insert into QMUSER.C_PARAMETER (ID_PARAMETER,ID_PLANT,ID_GROUPAREA,ID_COMPONENT,DISPLAY) values (309,8,1,30,'H');
Insert into QMUSER.C_PARAMETER (ID_PARAMETER,ID_PLANT,ID_GROUPAREA,ID_COMPONENT,DISPLAY) values (310,9,6,3,'D');
Insert into QMUSER.C_PARAMETER (ID_PARAMETER,ID_PLANT,ID_GROUPAREA,ID_COMPONENT,DISPLAY) values (311,9,6,4,'D');
Insert into QMUSER.C_PARAMETER (ID_PARAMETER,ID_PLANT,ID_GROUPAREA,ID_COMPONENT,DISPLAY) values (312,9,6,24,'D');
Insert into QMUSER.C_PARAMETER (ID_PARAMETER,ID_PLANT,ID_GROUPAREA,ID_COMPONENT,DISPLAY) values (313,9,6,25,'D');
Insert into QMUSER.C_PARAMETER (ID_PARAMETER,ID_PLANT,ID_GROUPAREA,ID_COMPONENT,DISPLAY) values (197,21,1,24,'D');
Insert into QMUSER.C_PARAMETER (ID_PARAMETER,ID_PLANT,ID_GROUPAREA,ID_COMPONENT,DISPLAY) values (198,21,1,28,'D');
Insert into QMUSER.C_PARAMETER (ID_PARAMETER,ID_PLANT,ID_GROUPAREA,ID_COMPONENT,DISPLAY) values (199,21,1,29,'D');
Insert into QMUSER.C_PARAMETER (ID_PARAMETER,ID_PLANT,ID_GROUPAREA,ID_COMPONENT,DISPLAY) values (200,21,1,30,'D');
Insert into QMUSER.C_PARAMETER (ID_PARAMETER,ID_PLANT,ID_GROUPAREA,ID_COMPONENT,DISPLAY) values (201,21,1,32,'D');
Insert into QMUSER.C_PARAMETER (ID_PARAMETER,ID_PLANT,ID_GROUPAREA,ID_COMPONENT,DISPLAY) values (202,21,1,33,'D');
Insert into QMUSER.C_PARAMETER (ID_PARAMETER,ID_PLANT,ID_GROUPAREA,ID_COMPONENT,DISPLAY) values (203,21,1,34,'D');
Insert into QMUSER.C_PARAMETER (ID_PARAMETER,ID_PLANT,ID_GROUPAREA,ID_COMPONENT,DISPLAY) values (204,21,1,35,'D');
Insert into QMUSER.C_PARAMETER (ID_PARAMETER,ID_PLANT,ID_GROUPAREA,ID_COMPONENT,DISPLAY) values (205,21,1,36,'D');
Insert into QMUSER.C_PARAMETER (ID_PARAMETER,ID_PLANT,ID_GROUPAREA,ID_COMPONENT,DISPLAY) values (206,21,1,37,'D');
Insert into QMUSER.C_PARAMETER (ID_PARAMETER,ID_PLANT,ID_GROUPAREA,ID_COMPONENT,DISPLAY) values (207,21,1,38,'D');
Insert into QMUSER.C_PARAMETER (ID_PARAMETER,ID_PLANT,ID_GROUPAREA,ID_COMPONENT,DISPLAY) values (208,21,1,39,'D');
Insert into QMUSER.C_PARAMETER (ID_PARAMETER,ID_PLANT,ID_GROUPAREA,ID_COMPONENT,DISPLAY) values (209,21,1,40,'D');
Insert into QMUSER.C_PARAMETER (ID_PARAMETER,ID_PLANT,ID_GROUPAREA,ID_COMPONENT,DISPLAY) values (210,9,1,24,'D');
Insert into QMUSER.C_PARAMETER (ID_PARAMETER,ID_PLANT,ID_GROUPAREA,ID_COMPONENT,DISPLAY) values (211,9,1,28,'D');
Insert into QMUSER.C_PARAMETER (ID_PARAMETER,ID_PLANT,ID_GROUPAREA,ID_COMPONENT,DISPLAY) values (212,9,1,29,'D');
Insert into QMUSER.C_PARAMETER (ID_PARAMETER,ID_PLANT,ID_GROUPAREA,ID_COMPONENT,DISPLAY) values (213,9,1,30,'D');
Insert into QMUSER.C_PARAMETER (ID_PARAMETER,ID_PLANT,ID_GROUPAREA,ID_COMPONENT,DISPLAY) values (214,9,1,32,'D');
Insert into QMUSER.C_PARAMETER (ID_PARAMETER,ID_PLANT,ID_GROUPAREA,ID_COMPONENT,DISPLAY) values (215,9,1,33,'D');
Insert into QMUSER.C_PARAMETER (ID_PARAMETER,ID_PLANT,ID_GROUPAREA,ID_COMPONENT,DISPLAY) values (216,9,1,34,'D');
Insert into QMUSER.C_PARAMETER (ID_PARAMETER,ID_PLANT,ID_GROUPAREA,ID_COMPONENT,DISPLAY) values (217,9,1,35,'D');
Insert into QMUSER.C_PARAMETER (ID_PARAMETER,ID_PLANT,ID_GROUPAREA,ID_COMPONENT,DISPLAY) values (218,9,1,36,'D');
Insert into QMUSER.C_PARAMETER (ID_PARAMETER,ID_PLANT,ID_GROUPAREA,ID_COMPONENT,DISPLAY) values (219,9,1,37,'D');
Insert into QMUSER.C_PARAMETER (ID_PARAMETER,ID_PLANT,ID_GROUPAREA,ID_COMPONENT,DISPLAY) values (220,9,1,38,'D');
Insert into QMUSER.C_PARAMETER (ID_PARAMETER,ID_PLANT,ID_GROUPAREA,ID_COMPONENT,DISPLAY) values (221,9,1,39,'D');
Insert into QMUSER.C_PARAMETER (ID_PARAMETER,ID_PLANT,ID_GROUPAREA,ID_COMPONENT,DISPLAY) values (222,9,1,40,'D');
Insert into QMUSER.C_PARAMETER (ID_PARAMETER,ID_PLANT,ID_GROUPAREA,ID_COMPONENT,DISPLAY) values (223,22,1,24,'D');
Insert into QMUSER.C_PARAMETER (ID_PARAMETER,ID_PLANT,ID_GROUPAREA,ID_COMPONENT,DISPLAY) values (224,22,1,28,'D');
Insert into QMUSER.C_PARAMETER (ID_PARAMETER,ID_PLANT,ID_GROUPAREA,ID_COMPONENT,DISPLAY) values (225,22,1,29,'D');
Insert into QMUSER.C_PARAMETER (ID_PARAMETER,ID_PLANT,ID_GROUPAREA,ID_COMPONENT,DISPLAY) values (226,22,1,30,'D');
Insert into QMUSER.C_PARAMETER (ID_PARAMETER,ID_PLANT,ID_GROUPAREA,ID_COMPONENT,DISPLAY) values (227,22,1,32,'D');
Insert into QMUSER.C_PARAMETER (ID_PARAMETER,ID_PLANT,ID_GROUPAREA,ID_COMPONENT,DISPLAY) values (228,22,1,33,'D');
Insert into QMUSER.C_PARAMETER (ID_PARAMETER,ID_PLANT,ID_GROUPAREA,ID_COMPONENT,DISPLAY) values (229,22,1,34,'D');
Insert into QMUSER.C_PARAMETER (ID_PARAMETER,ID_PLANT,ID_GROUPAREA,ID_COMPONENT,DISPLAY) values (230,22,1,35,'D');
Insert into QMUSER.C_PARAMETER (ID_PARAMETER,ID_PLANT,ID_GROUPAREA,ID_COMPONENT,DISPLAY) values (231,22,1,37,'D');
Insert into QMUSER.C_PARAMETER (ID_PARAMETER,ID_PLANT,ID_GROUPAREA,ID_COMPONENT,DISPLAY) values (232,22,1,38,'D');
Insert into QMUSER.C_PARAMETER (ID_PARAMETER,ID_PLANT,ID_GROUPAREA,ID_COMPONENT,DISPLAY) values (233,22,1,39,'D');
Insert into QMUSER.C_PARAMETER (ID_PARAMETER,ID_PLANT,ID_GROUPAREA,ID_COMPONENT,DISPLAY) values (234,22,1,40,'D');
Insert into QMUSER.C_PARAMETER (ID_PARAMETER,ID_PLANT,ID_GROUPAREA,ID_COMPONENT,DISPLAY) values (235,23,1,24,'D');
Insert into QMUSER.C_PARAMETER (ID_PARAMETER,ID_PLANT,ID_GROUPAREA,ID_COMPONENT,DISPLAY) values (236,23,1,28,'D');
Insert into QMUSER.C_PARAMETER (ID_PARAMETER,ID_PLANT,ID_GROUPAREA,ID_COMPONENT,DISPLAY) values (237,23,1,29,'D');
Insert into QMUSER.C_PARAMETER (ID_PARAMETER,ID_PLANT,ID_GROUPAREA,ID_COMPONENT,DISPLAY) values (238,23,1,30,'D');
Insert into QMUSER.C_PARAMETER (ID_PARAMETER,ID_PLANT,ID_GROUPAREA,ID_COMPONENT,DISPLAY) values (239,23,1,32,'D');
Insert into QMUSER.C_PARAMETER (ID_PARAMETER,ID_PLANT,ID_GROUPAREA,ID_COMPONENT,DISPLAY) values (240,23,1,33,'D');
Insert into QMUSER.C_PARAMETER (ID_PARAMETER,ID_PLANT,ID_GROUPAREA,ID_COMPONENT,DISPLAY) values (241,23,1,34,'D');
Insert into QMUSER.C_PARAMETER (ID_PARAMETER,ID_PLANT,ID_GROUPAREA,ID_COMPONENT,DISPLAY) values (242,23,1,35,'D');
Insert into QMUSER.C_PARAMETER (ID_PARAMETER,ID_PLANT,ID_GROUPAREA,ID_COMPONENT,DISPLAY) values (243,23,1,36,'D');
Insert into QMUSER.C_PARAMETER (ID_PARAMETER,ID_PLANT,ID_GROUPAREA,ID_COMPONENT,DISPLAY) values (244,23,1,37,'D');
Insert into QMUSER.C_PARAMETER (ID_PARAMETER,ID_PLANT,ID_GROUPAREA,ID_COMPONENT,DISPLAY) values (245,23,1,38,'D');
Insert into QMUSER.C_PARAMETER (ID_PARAMETER,ID_PLANT,ID_GROUPAREA,ID_COMPONENT,DISPLAY) values (246,23,1,39,'D');
Insert into QMUSER.C_PARAMETER (ID_PARAMETER,ID_PLANT,ID_GROUPAREA,ID_COMPONENT,DISPLAY) values (247,23,1,40,'D');
Insert into QMUSER.C_PARAMETER (ID_PARAMETER,ID_PLANT,ID_GROUPAREA,ID_COMPONENT,DISPLAY) values (123,6,6,3,'D');
Insert into QMUSER.C_PARAMETER (ID_PARAMETER,ID_PLANT,ID_GROUPAREA,ID_COMPONENT,DISPLAY) values (124,6,6,4,'D');
Insert into QMUSER.C_PARAMETER (ID_PARAMETER,ID_PLANT,ID_GROUPAREA,ID_COMPONENT,DISPLAY) values (125,6,1,28,'D');
Insert into QMUSER.C_PARAMETER (ID_PARAMETER,ID_PLANT,ID_GROUPAREA,ID_COMPONENT,DISPLAY) values (126,6,1,29,'D');
Insert into QMUSER.C_PARAMETER (ID_PARAMETER,ID_PLANT,ID_GROUPAREA,ID_COMPONENT,DISPLAY) values (121,6,6,1,'D');
Insert into QMUSER.C_PARAMETER (ID_PARAMETER,ID_PLANT,ID_GROUPAREA,ID_COMPONENT,DISPLAY) values (122,6,6,2,'D');
Insert into QMUSER.C_PARAMETER (ID_PARAMETER,ID_PLANT,ID_GROUPAREA,ID_COMPONENT,DISPLAY) values (127,6,1,30,'D');
Insert into QMUSER.C_PARAMETER (ID_PARAMETER,ID_PLANT,ID_GROUPAREA,ID_COMPONENT,DISPLAY) values (128,6,1,36,'D');
Insert into QMUSER.C_PARAMETER (ID_PARAMETER,ID_PLANT,ID_GROUPAREA,ID_COMPONENT,DISPLAY) values (62,1,7,1,'D');
Insert into QMUSER.C_PARAMETER (ID_PARAMETER,ID_PLANT,ID_GROUPAREA,ID_COMPONENT,DISPLAY) values (63,1,7,22,'D');
Insert into QMUSER.C_PARAMETER (ID_PARAMETER,ID_PLANT,ID_GROUPAREA,ID_COMPONENT,DISPLAY) values (64,1,7,23,'D');
Insert into QMUSER.C_PARAMETER (ID_PARAMETER,ID_PLANT,ID_GROUPAREA,ID_COMPONENT,DISPLAY) values (65,1,7,29,'D');
Insert into QMUSER.C_PARAMETER (ID_PARAMETER,ID_PLANT,ID_GROUPAREA,ID_COMPONENT,DISPLAY) values (66,1,7,35,'D');
Insert into QMUSER.C_PARAMETER (ID_PARAMETER,ID_PLANT,ID_GROUPAREA,ID_COMPONENT,DISPLAY) values (172,8,1,24,'D');
Insert into QMUSER.C_PARAMETER (ID_PARAMETER,ID_PLANT,ID_GROUPAREA,ID_COMPONENT,DISPLAY) values (175,8,1,30,'D');
Insert into QMUSER.C_PARAMETER (ID_PARAMETER,ID_PLANT,ID_GROUPAREA,ID_COMPONENT,DISPLAY) values (180,8,1,36,'D');
REM INSERTING into QMUSER.C_PRODUCT
SET DEFINE OFF;
Insert into QMUSER.C_PRODUCT (ID_C_PRODUCT,ID_AREA,ID_PRODUCT) values (50,21,25);
Insert into QMUSER.C_PRODUCT (ID_C_PRODUCT,ID_AREA,ID_PRODUCT) values (39,3,2);
Insert into QMUSER.C_PRODUCT (ID_C_PRODUCT,ID_AREA,ID_PRODUCT) values (48,4,2);
Insert into QMUSER.C_PRODUCT (ID_C_PRODUCT,ID_AREA,ID_PRODUCT) values (49,4,25);
REM INSERTING into QMUSER.C_RANGE_COMPONENT
SET DEFINE OFF;
Insert into QMUSER.C_RANGE_COMPONENT (ID_RANGE_COMPONENT,ID_PARAMETER,V_MIN,V_MAX) values (35,75,12,77);
Insert into QMUSER.C_RANGE_COMPONENT (ID_RANGE_COMPONENT,ID_PARAMETER,V_MIN,V_MAX) values (36,74,13,66);
Insert into QMUSER.C_RANGE_COMPONENT (ID_RANGE_COMPONENT,ID_PARAMETER,V_MIN,V_MAX) values (37,73,14,55);
Insert into QMUSER.C_RANGE_COMPONENT (ID_RANGE_COMPONENT,ID_PARAMETER,V_MIN,V_MAX) values (53,66,5,9);
Insert into QMUSER.C_RANGE_COMPONENT (ID_RANGE_COMPONENT,ID_PARAMETER,V_MIN,V_MAX) values (54,65,5,9);
Insert into QMUSER.C_RANGE_COMPONENT (ID_RANGE_COMPONENT,ID_PARAMETER,V_MIN,V_MAX) values (55,64,5,9);
Insert into QMUSER.C_RANGE_COMPONENT (ID_RANGE_COMPONENT,ID_PARAMETER,V_MIN,V_MAX) values (56,63,5,9);
Insert into QMUSER.C_RANGE_COMPONENT (ID_RANGE_COMPONENT,ID_PARAMETER,V_MIN,V_MAX) values (57,62,5,9);
Insert into QMUSER.C_RANGE_COMPONENT (ID_RANGE_COMPONENT,ID_PARAMETER,V_MIN,V_MAX) values (33,77,10,99);
Insert into QMUSER.C_RANGE_COMPONENT (ID_RANGE_COMPONENT,ID_PARAMETER,V_MIN,V_MAX) values (34,76,11,88);
REM INSERTING into QMUSER.D_CEMENT_DAILY
SET DEFINE OFF;
REM INSERTING into QMUSER.D_CEMENT_HOURLY
SET DEFINE OFF;
REM INSERTING into QMUSER.D_PARAMETER
SET DEFINE OFF;
Insert into QMUSER.D_PARAMETER (ID_PARAMETER,ID_PLANT,ID_GROUPAREA,ID_COMPONENT,DISPLAY) values (261,8,1,24,null);
Insert into QMUSER.D_PARAMETER (ID_PARAMETER,ID_PLANT,ID_GROUPAREA,ID_COMPONENT,DISPLAY) values (262,8,1,28,null);
Insert into QMUSER.D_PARAMETER (ID_PARAMETER,ID_PLANT,ID_GROUPAREA,ID_COMPONENT,DISPLAY) values (263,8,1,29,null);
Insert into QMUSER.D_PARAMETER (ID_PARAMETER,ID_PLANT,ID_GROUPAREA,ID_COMPONENT,DISPLAY) values (264,8,1,30,null);
Insert into QMUSER.D_PARAMETER (ID_PARAMETER,ID_PLANT,ID_GROUPAREA,ID_COMPONENT,DISPLAY) values (265,8,1,32,null);
Insert into QMUSER.D_PARAMETER (ID_PARAMETER,ID_PLANT,ID_GROUPAREA,ID_COMPONENT,DISPLAY) values (266,8,1,33,null);
Insert into QMUSER.D_PARAMETER (ID_PARAMETER,ID_PLANT,ID_GROUPAREA,ID_COMPONENT,DISPLAY) values (267,8,1,34,null);
Insert into QMUSER.D_PARAMETER (ID_PARAMETER,ID_PLANT,ID_GROUPAREA,ID_COMPONENT,DISPLAY) values (268,8,1,35,null);
Insert into QMUSER.D_PARAMETER (ID_PARAMETER,ID_PLANT,ID_GROUPAREA,ID_COMPONENT,DISPLAY) values (269,8,1,36,null);
Insert into QMUSER.D_PARAMETER (ID_PARAMETER,ID_PLANT,ID_GROUPAREA,ID_COMPONENT,DISPLAY) values (270,8,1,37,null);
Insert into QMUSER.D_PARAMETER (ID_PARAMETER,ID_PLANT,ID_GROUPAREA,ID_COMPONENT,DISPLAY) values (271,8,1,38,null);
Insert into QMUSER.D_PARAMETER (ID_PARAMETER,ID_PLANT,ID_GROUPAREA,ID_COMPONENT,DISPLAY) values (197,21,1,24,null);
Insert into QMUSER.D_PARAMETER (ID_PARAMETER,ID_PLANT,ID_GROUPAREA,ID_COMPONENT,DISPLAY) values (198,21,1,28,null);
Insert into QMUSER.D_PARAMETER (ID_PARAMETER,ID_PLANT,ID_GROUPAREA,ID_COMPONENT,DISPLAY) values (199,21,1,29,null);
Insert into QMUSER.D_PARAMETER (ID_PARAMETER,ID_PLANT,ID_GROUPAREA,ID_COMPONENT,DISPLAY) values (200,21,1,30,null);
Insert into QMUSER.D_PARAMETER (ID_PARAMETER,ID_PLANT,ID_GROUPAREA,ID_COMPONENT,DISPLAY) values (201,21,1,32,null);
Insert into QMUSER.D_PARAMETER (ID_PARAMETER,ID_PLANT,ID_GROUPAREA,ID_COMPONENT,DISPLAY) values (202,21,1,33,null);
Insert into QMUSER.D_PARAMETER (ID_PARAMETER,ID_PLANT,ID_GROUPAREA,ID_COMPONENT,DISPLAY) values (203,21,1,34,null);
Insert into QMUSER.D_PARAMETER (ID_PARAMETER,ID_PLANT,ID_GROUPAREA,ID_COMPONENT,DISPLAY) values (204,21,1,35,null);
Insert into QMUSER.D_PARAMETER (ID_PARAMETER,ID_PLANT,ID_GROUPAREA,ID_COMPONENT,DISPLAY) values (205,21,1,36,null);
Insert into QMUSER.D_PARAMETER (ID_PARAMETER,ID_PLANT,ID_GROUPAREA,ID_COMPONENT,DISPLAY) values (206,21,1,37,null);
Insert into QMUSER.D_PARAMETER (ID_PARAMETER,ID_PLANT,ID_GROUPAREA,ID_COMPONENT,DISPLAY) values (207,21,1,38,null);
Insert into QMUSER.D_PARAMETER (ID_PARAMETER,ID_PLANT,ID_GROUPAREA,ID_COMPONENT,DISPLAY) values (208,21,1,39,null);
Insert into QMUSER.D_PARAMETER (ID_PARAMETER,ID_PLANT,ID_GROUPAREA,ID_COMPONENT,DISPLAY) values (209,21,1,40,null);
Insert into QMUSER.D_PARAMETER (ID_PARAMETER,ID_PLANT,ID_GROUPAREA,ID_COMPONENT,DISPLAY) values (272,8,1,39,null);
Insert into QMUSER.D_PARAMETER (ID_PARAMETER,ID_PLANT,ID_GROUPAREA,ID_COMPONENT,DISPLAY) values (273,8,1,40,null);
Insert into QMUSER.D_PARAMETER (ID_PARAMETER,ID_PLANT,ID_GROUPAREA,ID_COMPONENT,DISPLAY) values (274,8,1,41,null);
Insert into QMUSER.D_PARAMETER (ID_PARAMETER,ID_PLANT,ID_GROUPAREA,ID_COMPONENT,DISPLAY) values (275,8,1,106,null);
Insert into QMUSER.D_PARAMETER (ID_PARAMETER,ID_PLANT,ID_GROUPAREA,ID_COMPONENT,DISPLAY) values (276,8,1,107,null);
Insert into QMUSER.D_PARAMETER (ID_PARAMETER,ID_PLANT,ID_GROUPAREA,ID_COMPONENT,DISPLAY) values (277,8,1,24,null);
Insert into QMUSER.D_PARAMETER (ID_PARAMETER,ID_PLANT,ID_GROUPAREA,ID_COMPONENT,DISPLAY) values (278,8,1,28,null);
Insert into QMUSER.D_PARAMETER (ID_PARAMETER,ID_PLANT,ID_GROUPAREA,ID_COMPONENT,DISPLAY) values (279,8,1,29,null);
Insert into QMUSER.D_PARAMETER (ID_PARAMETER,ID_PLANT,ID_GROUPAREA,ID_COMPONENT,DISPLAY) values (280,8,1,30,null);
Insert into QMUSER.D_PARAMETER (ID_PARAMETER,ID_PLANT,ID_GROUPAREA,ID_COMPONENT,DISPLAY) values (281,8,1,32,null);
Insert into QMUSER.D_PARAMETER (ID_PARAMETER,ID_PLANT,ID_GROUPAREA,ID_COMPONENT,DISPLAY) values (282,8,1,33,null);
Insert into QMUSER.D_PARAMETER (ID_PARAMETER,ID_PLANT,ID_GROUPAREA,ID_COMPONENT,DISPLAY) values (283,8,1,34,null);
Insert into QMUSER.D_PARAMETER (ID_PARAMETER,ID_PLANT,ID_GROUPAREA,ID_COMPONENT,DISPLAY) values (284,8,1,35,null);
Insert into QMUSER.D_PARAMETER (ID_PARAMETER,ID_PLANT,ID_GROUPAREA,ID_COMPONENT,DISPLAY) values (223,22,1,24,null);
Insert into QMUSER.D_PARAMETER (ID_PARAMETER,ID_PLANT,ID_GROUPAREA,ID_COMPONENT,DISPLAY) values (224,22,1,28,null);
Insert into QMUSER.D_PARAMETER (ID_PARAMETER,ID_PLANT,ID_GROUPAREA,ID_COMPONENT,DISPLAY) values (225,22,1,29,null);
Insert into QMUSER.D_PARAMETER (ID_PARAMETER,ID_PLANT,ID_GROUPAREA,ID_COMPONENT,DISPLAY) values (226,22,1,30,null);
Insert into QMUSER.D_PARAMETER (ID_PARAMETER,ID_PLANT,ID_GROUPAREA,ID_COMPONENT,DISPLAY) values (227,22,1,32,null);
Insert into QMUSER.D_PARAMETER (ID_PARAMETER,ID_PLANT,ID_GROUPAREA,ID_COMPONENT,DISPLAY) values (228,22,1,33,null);
Insert into QMUSER.D_PARAMETER (ID_PARAMETER,ID_PLANT,ID_GROUPAREA,ID_COMPONENT,DISPLAY) values (229,22,1,34,null);
Insert into QMUSER.D_PARAMETER (ID_PARAMETER,ID_PLANT,ID_GROUPAREA,ID_COMPONENT,DISPLAY) values (230,22,1,35,null);
Insert into QMUSER.D_PARAMETER (ID_PARAMETER,ID_PLANT,ID_GROUPAREA,ID_COMPONENT,DISPLAY) values (231,22,1,37,null);
Insert into QMUSER.D_PARAMETER (ID_PARAMETER,ID_PLANT,ID_GROUPAREA,ID_COMPONENT,DISPLAY) values (232,22,1,38,null);
Insert into QMUSER.D_PARAMETER (ID_PARAMETER,ID_PLANT,ID_GROUPAREA,ID_COMPONENT,DISPLAY) values (233,22,1,39,null);
Insert into QMUSER.D_PARAMETER (ID_PARAMETER,ID_PLANT,ID_GROUPAREA,ID_COMPONENT,DISPLAY) values (234,22,1,40,null);
Insert into QMUSER.D_PARAMETER (ID_PARAMETER,ID_PLANT,ID_GROUPAREA,ID_COMPONENT,DISPLAY) values (235,23,1,24,null);
Insert into QMUSER.D_PARAMETER (ID_PARAMETER,ID_PLANT,ID_GROUPAREA,ID_COMPONENT,DISPLAY) values (236,23,1,28,null);
Insert into QMUSER.D_PARAMETER (ID_PARAMETER,ID_PLANT,ID_GROUPAREA,ID_COMPONENT,DISPLAY) values (237,23,1,29,null);
Insert into QMUSER.D_PARAMETER (ID_PARAMETER,ID_PLANT,ID_GROUPAREA,ID_COMPONENT,DISPLAY) values (238,23,1,30,null);
Insert into QMUSER.D_PARAMETER (ID_PARAMETER,ID_PLANT,ID_GROUPAREA,ID_COMPONENT,DISPLAY) values (239,23,1,32,null);
Insert into QMUSER.D_PARAMETER (ID_PARAMETER,ID_PLANT,ID_GROUPAREA,ID_COMPONENT,DISPLAY) values (240,23,1,33,null);
Insert into QMUSER.D_PARAMETER (ID_PARAMETER,ID_PLANT,ID_GROUPAREA,ID_COMPONENT,DISPLAY) values (241,23,1,34,null);
Insert into QMUSER.D_PARAMETER (ID_PARAMETER,ID_PLANT,ID_GROUPAREA,ID_COMPONENT,DISPLAY) values (242,23,1,35,null);
Insert into QMUSER.D_PARAMETER (ID_PARAMETER,ID_PLANT,ID_GROUPAREA,ID_COMPONENT,DISPLAY) values (243,23,1,36,null);
Insert into QMUSER.D_PARAMETER (ID_PARAMETER,ID_PLANT,ID_GROUPAREA,ID_COMPONENT,DISPLAY) values (244,23,1,37,null);
Insert into QMUSER.D_PARAMETER (ID_PARAMETER,ID_PLANT,ID_GROUPAREA,ID_COMPONENT,DISPLAY) values (245,23,1,38,null);
Insert into QMUSER.D_PARAMETER (ID_PARAMETER,ID_PLANT,ID_GROUPAREA,ID_COMPONENT,DISPLAY) values (246,23,1,39,null);
Insert into QMUSER.D_PARAMETER (ID_PARAMETER,ID_PLANT,ID_GROUPAREA,ID_COMPONENT,DISPLAY) values (247,23,1,40,null);
Insert into QMUSER.D_PARAMETER (ID_PARAMETER,ID_PLANT,ID_GROUPAREA,ID_COMPONENT,DISPLAY) values (285,8,1,36,null);
Insert into QMUSER.D_PARAMETER (ID_PARAMETER,ID_PLANT,ID_GROUPAREA,ID_COMPONENT,DISPLAY) values (286,8,1,37,null);
Insert into QMUSER.D_PARAMETER (ID_PARAMETER,ID_PLANT,ID_GROUPAREA,ID_COMPONENT,DISPLAY) values (287,8,1,38,null);
Insert into QMUSER.D_PARAMETER (ID_PARAMETER,ID_PLANT,ID_GROUPAREA,ID_COMPONENT,DISPLAY) values (288,8,1,39,null);
Insert into QMUSER.D_PARAMETER (ID_PARAMETER,ID_PLANT,ID_GROUPAREA,ID_COMPONENT,DISPLAY) values (289,8,1,40,null);
Insert into QMUSER.D_PARAMETER (ID_PARAMETER,ID_PLANT,ID_GROUPAREA,ID_COMPONENT,DISPLAY) values (290,8,1,41,null);
Insert into QMUSER.D_PARAMETER (ID_PARAMETER,ID_PLANT,ID_GROUPAREA,ID_COMPONENT,DISPLAY) values (291,8,1,106,null);
Insert into QMUSER.D_PARAMETER (ID_PARAMETER,ID_PLANT,ID_GROUPAREA,ID_COMPONENT,DISPLAY) values (292,8,1,107,null);
Insert into QMUSER.D_PARAMETER (ID_PARAMETER,ID_PLANT,ID_GROUPAREA,ID_COMPONENT,DISPLAY) values (423,22,1,24,'D');
Insert into QMUSER.D_PARAMETER (ID_PARAMETER,ID_PLANT,ID_GROUPAREA,ID_COMPONENT,DISPLAY) values (424,22,1,28,'D');
Insert into QMUSER.D_PARAMETER (ID_PARAMETER,ID_PLANT,ID_GROUPAREA,ID_COMPONENT,DISPLAY) values (425,22,1,29,'D');
Insert into QMUSER.D_PARAMETER (ID_PARAMETER,ID_PLANT,ID_GROUPAREA,ID_COMPONENT,DISPLAY) values (426,22,1,30,'D');
Insert into QMUSER.D_PARAMETER (ID_PARAMETER,ID_PLANT,ID_GROUPAREA,ID_COMPONENT,DISPLAY) values (427,22,1,32,'D');
Insert into QMUSER.D_PARAMETER (ID_PARAMETER,ID_PLANT,ID_GROUPAREA,ID_COMPONENT,DISPLAY) values (428,22,1,33,'D');
Insert into QMUSER.D_PARAMETER (ID_PARAMETER,ID_PLANT,ID_GROUPAREA,ID_COMPONENT,DISPLAY) values (429,22,1,34,'D');
Insert into QMUSER.D_PARAMETER (ID_PARAMETER,ID_PLANT,ID_GROUPAREA,ID_COMPONENT,DISPLAY) values (430,22,1,35,'D');
Insert into QMUSER.D_PARAMETER (ID_PARAMETER,ID_PLANT,ID_GROUPAREA,ID_COMPONENT,DISPLAY) values (431,22,1,36,'D');
Insert into QMUSER.D_PARAMETER (ID_PARAMETER,ID_PLANT,ID_GROUPAREA,ID_COMPONENT,DISPLAY) values (432,22,1,37,'D');
Insert into QMUSER.D_PARAMETER (ID_PARAMETER,ID_PLANT,ID_GROUPAREA,ID_COMPONENT,DISPLAY) values (433,22,1,38,'D');
Insert into QMUSER.D_PARAMETER (ID_PARAMETER,ID_PLANT,ID_GROUPAREA,ID_COMPONENT,DISPLAY) values (434,22,1,39,'D');
Insert into QMUSER.D_PARAMETER (ID_PARAMETER,ID_PLANT,ID_GROUPAREA,ID_COMPONENT,DISPLAY) values (435,22,1,40,'D');
Insert into QMUSER.D_PARAMETER (ID_PARAMETER,ID_PLANT,ID_GROUPAREA,ID_COMPONENT,DISPLAY) values (436,22,1,101,'D');
Insert into QMUSER.D_PARAMETER (ID_PARAMETER,ID_PLANT,ID_GROUPAREA,ID_COMPONENT,DISPLAY) values (437,22,1,102,'D');
Insert into QMUSER.D_PARAMETER (ID_PARAMETER,ID_PLANT,ID_GROUPAREA,ID_COMPONENT,DISPLAY) values (438,22,1,103,'D');
Insert into QMUSER.D_PARAMETER (ID_PARAMETER,ID_PLANT,ID_GROUPAREA,ID_COMPONENT,DISPLAY) values (439,22,1,104,'D');
Insert into QMUSER.D_PARAMETER (ID_PARAMETER,ID_PLANT,ID_GROUPAREA,ID_COMPONENT,DISPLAY) values (440,22,1,105,'D');
Insert into QMUSER.D_PARAMETER (ID_PARAMETER,ID_PLANT,ID_GROUPAREA,ID_COMPONENT,DISPLAY) values (441,22,1,106,'D');
Insert into QMUSER.D_PARAMETER (ID_PARAMETER,ID_PLANT,ID_GROUPAREA,ID_COMPONENT,DISPLAY) values (442,22,1,107,'D');
Insert into QMUSER.D_PARAMETER (ID_PARAMETER,ID_PLANT,ID_GROUPAREA,ID_COMPONENT,DISPLAY) values (557,5,1,24,'D');
Insert into QMUSER.D_PARAMETER (ID_PARAMETER,ID_PLANT,ID_GROUPAREA,ID_COMPONENT,DISPLAY) values (558,5,1,28,'D');
Insert into QMUSER.D_PARAMETER (ID_PARAMETER,ID_PLANT,ID_GROUPAREA,ID_COMPONENT,DISPLAY) values (559,5,1,29,'D');
Insert into QMUSER.D_PARAMETER (ID_PARAMETER,ID_PLANT,ID_GROUPAREA,ID_COMPONENT,DISPLAY) values (560,5,1,30,'D');
Insert into QMUSER.D_PARAMETER (ID_PARAMETER,ID_PLANT,ID_GROUPAREA,ID_COMPONENT,DISPLAY) values (561,5,1,32,'D');
Insert into QMUSER.D_PARAMETER (ID_PARAMETER,ID_PLANT,ID_GROUPAREA,ID_COMPONENT,DISPLAY) values (562,5,1,33,'D');
Insert into QMUSER.D_PARAMETER (ID_PARAMETER,ID_PLANT,ID_GROUPAREA,ID_COMPONENT,DISPLAY) values (563,5,1,34,'D');
Insert into QMUSER.D_PARAMETER (ID_PARAMETER,ID_PLANT,ID_GROUPAREA,ID_COMPONENT,DISPLAY) values (564,5,1,36,'D');
Insert into QMUSER.D_PARAMETER (ID_PARAMETER,ID_PLANT,ID_GROUPAREA,ID_COMPONENT,DISPLAY) values (565,5,1,37,'D');
Insert into QMUSER.D_PARAMETER (ID_PARAMETER,ID_PLANT,ID_GROUPAREA,ID_COMPONENT,DISPLAY) values (566,5,1,38,'D');
Insert into QMUSER.D_PARAMETER (ID_PARAMETER,ID_PLANT,ID_GROUPAREA,ID_COMPONENT,DISPLAY) values (567,5,1,39,'D');
Insert into QMUSER.D_PARAMETER (ID_PARAMETER,ID_PLANT,ID_GROUPAREA,ID_COMPONENT,DISPLAY) values (568,5,1,40,'D');
Insert into QMUSER.D_PARAMETER (ID_PARAMETER,ID_PLANT,ID_GROUPAREA,ID_COMPONENT,DISPLAY) values (569,5,1,101,'D');
Insert into QMUSER.D_PARAMETER (ID_PARAMETER,ID_PLANT,ID_GROUPAREA,ID_COMPONENT,DISPLAY) values (570,5,1,102,'D');
Insert into QMUSER.D_PARAMETER (ID_PARAMETER,ID_PLANT,ID_GROUPAREA,ID_COMPONENT,DISPLAY) values (571,5,1,103,'D');
Insert into QMUSER.D_PARAMETER (ID_PARAMETER,ID_PLANT,ID_GROUPAREA,ID_COMPONENT,DISPLAY) values (572,5,1,104,'D');
Insert into QMUSER.D_PARAMETER (ID_PARAMETER,ID_PLANT,ID_GROUPAREA,ID_COMPONENT,DISPLAY) values (573,5,1,105,'D');
Insert into QMUSER.D_PARAMETER (ID_PARAMETER,ID_PLANT,ID_GROUPAREA,ID_COMPONENT,DISPLAY) values (574,5,1,106,'D');
Insert into QMUSER.D_PARAMETER (ID_PARAMETER,ID_PLANT,ID_GROUPAREA,ID_COMPONENT,DISPLAY) values (575,5,1,107,'D');
Insert into QMUSER.D_PARAMETER (ID_PARAMETER,ID_PLANT,ID_GROUPAREA,ID_COMPONENT,DISPLAY) values (614,7,1,24,'D');
Insert into QMUSER.D_PARAMETER (ID_PARAMETER,ID_PLANT,ID_GROUPAREA,ID_COMPONENT,DISPLAY) values (615,7,1,28,'D');
Insert into QMUSER.D_PARAMETER (ID_PARAMETER,ID_PLANT,ID_GROUPAREA,ID_COMPONENT,DISPLAY) values (616,7,1,29,'D');
Insert into QMUSER.D_PARAMETER (ID_PARAMETER,ID_PLANT,ID_GROUPAREA,ID_COMPONENT,DISPLAY) values (617,7,1,30,'D');
Insert into QMUSER.D_PARAMETER (ID_PARAMETER,ID_PLANT,ID_GROUPAREA,ID_COMPONENT,DISPLAY) values (618,7,1,32,'D');
Insert into QMUSER.D_PARAMETER (ID_PARAMETER,ID_PLANT,ID_GROUPAREA,ID_COMPONENT,DISPLAY) values (619,7,1,33,'D');
Insert into QMUSER.D_PARAMETER (ID_PARAMETER,ID_PLANT,ID_GROUPAREA,ID_COMPONENT,DISPLAY) values (620,7,1,34,'D');
Insert into QMUSER.D_PARAMETER (ID_PARAMETER,ID_PLANT,ID_GROUPAREA,ID_COMPONENT,DISPLAY) values (621,7,1,36,'D');
Insert into QMUSER.D_PARAMETER (ID_PARAMETER,ID_PLANT,ID_GROUPAREA,ID_COMPONENT,DISPLAY) values (622,7,1,37,'D');
Insert into QMUSER.D_PARAMETER (ID_PARAMETER,ID_PLANT,ID_GROUPAREA,ID_COMPONENT,DISPLAY) values (623,7,1,38,'D');
Insert into QMUSER.D_PARAMETER (ID_PARAMETER,ID_PLANT,ID_GROUPAREA,ID_COMPONENT,DISPLAY) values (624,7,1,39,'D');
Insert into QMUSER.D_PARAMETER (ID_PARAMETER,ID_PLANT,ID_GROUPAREA,ID_COMPONENT,DISPLAY) values (625,7,1,40,'D');
Insert into QMUSER.D_PARAMETER (ID_PARAMETER,ID_PLANT,ID_GROUPAREA,ID_COMPONENT,DISPLAY) values (626,7,1,101,'D');
Insert into QMUSER.D_PARAMETER (ID_PARAMETER,ID_PLANT,ID_GROUPAREA,ID_COMPONENT,DISPLAY) values (627,7,1,102,'D');
Insert into QMUSER.D_PARAMETER (ID_PARAMETER,ID_PLANT,ID_GROUPAREA,ID_COMPONENT,DISPLAY) values (628,7,1,103,'D');
Insert into QMUSER.D_PARAMETER (ID_PARAMETER,ID_PLANT,ID_GROUPAREA,ID_COMPONENT,DISPLAY) values (629,7,1,104,'D');
Insert into QMUSER.D_PARAMETER (ID_PARAMETER,ID_PLANT,ID_GROUPAREA,ID_COMPONENT,DISPLAY) values (630,7,1,105,'D');
Insert into QMUSER.D_PARAMETER (ID_PARAMETER,ID_PLANT,ID_GROUPAREA,ID_COMPONENT,DISPLAY) values (631,7,1,106,'D');
Insert into QMUSER.D_PARAMETER (ID_PARAMETER,ID_PLANT,ID_GROUPAREA,ID_COMPONENT,DISPLAY) values (632,7,1,107,'D');
Insert into QMUSER.D_PARAMETER (ID_PARAMETER,ID_PLANT,ID_GROUPAREA,ID_COMPONENT,DISPLAY) values (633,9,6,3,'D');
Insert into QMUSER.D_PARAMETER (ID_PARAMETER,ID_PLANT,ID_GROUPAREA,ID_COMPONENT,DISPLAY) values (634,9,6,4,'D');
Insert into QMUSER.D_PARAMETER (ID_PARAMETER,ID_PLANT,ID_GROUPAREA,ID_COMPONENT,DISPLAY) values (635,9,6,6,'D');
Insert into QMUSER.D_PARAMETER (ID_PARAMETER,ID_PLANT,ID_GROUPAREA,ID_COMPONENT,DISPLAY) values (636,9,6,21,'D');
Insert into QMUSER.D_PARAMETER (ID_PARAMETER,ID_PLANT,ID_GROUPAREA,ID_COMPONENT,DISPLAY) values (637,9,6,22,'D');
Insert into QMUSER.D_PARAMETER (ID_PARAMETER,ID_PLANT,ID_GROUPAREA,ID_COMPONENT,DISPLAY) values (638,9,6,32,'D');
Insert into QMUSER.D_PARAMETER (ID_PARAMETER,ID_PLANT,ID_GROUPAREA,ID_COMPONENT,DISPLAY) values (639,9,6,41,'D');
Insert into QMUSER.D_PARAMETER (ID_PARAMETER,ID_PLANT,ID_GROUPAREA,ID_COMPONENT,DISPLAY) values (640,9,6,101,'D');
Insert into QMUSER.D_PARAMETER (ID_PARAMETER,ID_PLANT,ID_GROUPAREA,ID_COMPONENT,DISPLAY) values (641,9,6,102,'D');
Insert into QMUSER.D_PARAMETER (ID_PARAMETER,ID_PLANT,ID_GROUPAREA,ID_COMPONENT,DISPLAY) values (642,9,6,103,'D');
Insert into QMUSER.D_PARAMETER (ID_PARAMETER,ID_PLANT,ID_GROUPAREA,ID_COMPONENT,DISPLAY) values (643,9,6,104,'D');
Insert into QMUSER.D_PARAMETER (ID_PARAMETER,ID_PLANT,ID_GROUPAREA,ID_COMPONENT,DISPLAY) values (644,9,6,105,'D');
Insert into QMUSER.D_PARAMETER (ID_PARAMETER,ID_PLANT,ID_GROUPAREA,ID_COMPONENT,DISPLAY) values (645,9,6,121,'D');
Insert into QMUSER.D_PARAMETER (ID_PARAMETER,ID_PLANT,ID_GROUPAREA,ID_COMPONENT,DISPLAY) values (646,9,6,122,'D');
Insert into QMUSER.D_PARAMETER (ID_PARAMETER,ID_PLANT,ID_GROUPAREA,ID_COMPONENT,DISPLAY) values (647,9,6,123,'D');
Insert into QMUSER.D_PARAMETER (ID_PARAMETER,ID_PLANT,ID_GROUPAREA,ID_COMPONENT,DISPLAY) values (648,9,6,3,'D');
Insert into QMUSER.D_PARAMETER (ID_PARAMETER,ID_PLANT,ID_GROUPAREA,ID_COMPONENT,DISPLAY) values (649,9,6,4,'D');
Insert into QMUSER.D_PARAMETER (ID_PARAMETER,ID_PLANT,ID_GROUPAREA,ID_COMPONENT,DISPLAY) values (650,9,6,6,'D');
Insert into QMUSER.D_PARAMETER (ID_PARAMETER,ID_PLANT,ID_GROUPAREA,ID_COMPONENT,DISPLAY) values (651,9,6,21,'D');
Insert into QMUSER.D_PARAMETER (ID_PARAMETER,ID_PLANT,ID_GROUPAREA,ID_COMPONENT,DISPLAY) values (652,9,6,22,'D');
Insert into QMUSER.D_PARAMETER (ID_PARAMETER,ID_PLANT,ID_GROUPAREA,ID_COMPONENT,DISPLAY) values (653,9,6,32,'D');
Insert into QMUSER.D_PARAMETER (ID_PARAMETER,ID_PLANT,ID_GROUPAREA,ID_COMPONENT,DISPLAY) values (654,9,6,41,'D');
Insert into QMUSER.D_PARAMETER (ID_PARAMETER,ID_PLANT,ID_GROUPAREA,ID_COMPONENT,DISPLAY) values (655,9,6,101,'D');
Insert into QMUSER.D_PARAMETER (ID_PARAMETER,ID_PLANT,ID_GROUPAREA,ID_COMPONENT,DISPLAY) values (656,9,6,102,'D');
Insert into QMUSER.D_PARAMETER (ID_PARAMETER,ID_PLANT,ID_GROUPAREA,ID_COMPONENT,DISPLAY) values (657,9,6,103,'D');
Insert into QMUSER.D_PARAMETER (ID_PARAMETER,ID_PLANT,ID_GROUPAREA,ID_COMPONENT,DISPLAY) values (658,9,6,104,'D');
Insert into QMUSER.D_PARAMETER (ID_PARAMETER,ID_PLANT,ID_GROUPAREA,ID_COMPONENT,DISPLAY) values (659,9,6,105,'D');
Insert into QMUSER.D_PARAMETER (ID_PARAMETER,ID_PLANT,ID_GROUPAREA,ID_COMPONENT,DISPLAY) values (660,9,6,121,'D');
Insert into QMUSER.D_PARAMETER (ID_PARAMETER,ID_PLANT,ID_GROUPAREA,ID_COMPONENT,DISPLAY) values (661,9,6,122,'D');
Insert into QMUSER.D_PARAMETER (ID_PARAMETER,ID_PLANT,ID_GROUPAREA,ID_COMPONENT,DISPLAY) values (662,9,6,123,'D');
Insert into QMUSER.D_PARAMETER (ID_PARAMETER,ID_PLANT,ID_GROUPAREA,ID_COMPONENT,DISPLAY) values (663,9,4,3,'D');
Insert into QMUSER.D_PARAMETER (ID_PARAMETER,ID_PLANT,ID_GROUPAREA,ID_COMPONENT,DISPLAY) values (664,9,4,4,'D');
Insert into QMUSER.D_PARAMETER (ID_PARAMETER,ID_PLANT,ID_GROUPAREA,ID_COMPONENT,DISPLAY) values (665,9,4,6,'D');
Insert into QMUSER.D_PARAMETER (ID_PARAMETER,ID_PLANT,ID_GROUPAREA,ID_COMPONENT,DISPLAY) values (666,9,4,21,'D');
Insert into QMUSER.D_PARAMETER (ID_PARAMETER,ID_PLANT,ID_GROUPAREA,ID_COMPONENT,DISPLAY) values (667,9,4,22,'D');
Insert into QMUSER.D_PARAMETER (ID_PARAMETER,ID_PLANT,ID_GROUPAREA,ID_COMPONENT,DISPLAY) values (668,9,4,32,'D');
Insert into QMUSER.D_PARAMETER (ID_PARAMETER,ID_PLANT,ID_GROUPAREA,ID_COMPONENT,DISPLAY) values (669,9,4,41,'D');
Insert into QMUSER.D_PARAMETER (ID_PARAMETER,ID_PLANT,ID_GROUPAREA,ID_COMPONENT,DISPLAY) values (670,9,4,101,'D');
Insert into QMUSER.D_PARAMETER (ID_PARAMETER,ID_PLANT,ID_GROUPAREA,ID_COMPONENT,DISPLAY) values (671,9,4,102,'D');
Insert into QMUSER.D_PARAMETER (ID_PARAMETER,ID_PLANT,ID_GROUPAREA,ID_COMPONENT,DISPLAY) values (672,9,4,103,'D');
Insert into QMUSER.D_PARAMETER (ID_PARAMETER,ID_PLANT,ID_GROUPAREA,ID_COMPONENT,DISPLAY) values (673,9,4,104,'D');
Insert into QMUSER.D_PARAMETER (ID_PARAMETER,ID_PLANT,ID_GROUPAREA,ID_COMPONENT,DISPLAY) values (674,9,4,105,'D');
Insert into QMUSER.D_PARAMETER (ID_PARAMETER,ID_PLANT,ID_GROUPAREA,ID_COMPONENT,DISPLAY) values (675,9,4,121,'D');
Insert into QMUSER.D_PARAMETER (ID_PARAMETER,ID_PLANT,ID_GROUPAREA,ID_COMPONENT,DISPLAY) values (676,9,4,122,'D');
Insert into QMUSER.D_PARAMETER (ID_PARAMETER,ID_PLANT,ID_GROUPAREA,ID_COMPONENT,DISPLAY) values (677,9,4,123,'D');
Insert into QMUSER.D_PARAMETER (ID_PARAMETER,ID_PLANT,ID_GROUPAREA,ID_COMPONENT,DISPLAY) values (714,23,4,3,'D');
Insert into QMUSER.D_PARAMETER (ID_PARAMETER,ID_PLANT,ID_GROUPAREA,ID_COMPONENT,DISPLAY) values (715,23,4,4,'D');
Insert into QMUSER.D_PARAMETER (ID_PARAMETER,ID_PLANT,ID_GROUPAREA,ID_COMPONENT,DISPLAY) values (716,23,4,6,'D');
Insert into QMUSER.D_PARAMETER (ID_PARAMETER,ID_PLANT,ID_GROUPAREA,ID_COMPONENT,DISPLAY) values (717,23,4,21,'D');
Insert into QMUSER.D_PARAMETER (ID_PARAMETER,ID_PLANT,ID_GROUPAREA,ID_COMPONENT,DISPLAY) values (718,23,4,22,'D');
Insert into QMUSER.D_PARAMETER (ID_PARAMETER,ID_PLANT,ID_GROUPAREA,ID_COMPONENT,DISPLAY) values (719,23,4,32,'D');
Insert into QMUSER.D_PARAMETER (ID_PARAMETER,ID_PLANT,ID_GROUPAREA,ID_COMPONENT,DISPLAY) values (720,23,4,41,'D');
Insert into QMUSER.D_PARAMETER (ID_PARAMETER,ID_PLANT,ID_GROUPAREA,ID_COMPONENT,DISPLAY) values (721,23,4,101,'D');
Insert into QMUSER.D_PARAMETER (ID_PARAMETER,ID_PLANT,ID_GROUPAREA,ID_COMPONENT,DISPLAY) values (722,23,4,102,'D');
Insert into QMUSER.D_PARAMETER (ID_PARAMETER,ID_PLANT,ID_GROUPAREA,ID_COMPONENT,DISPLAY) values (723,23,4,103,'D');
Insert into QMUSER.D_PARAMETER (ID_PARAMETER,ID_PLANT,ID_GROUPAREA,ID_COMPONENT,DISPLAY) values (724,23,4,104,'D');
Insert into QMUSER.D_PARAMETER (ID_PARAMETER,ID_PLANT,ID_GROUPAREA,ID_COMPONENT,DISPLAY) values (725,23,4,105,'D');
Insert into QMUSER.D_PARAMETER (ID_PARAMETER,ID_PLANT,ID_GROUPAREA,ID_COMPONENT,DISPLAY) values (726,23,4,121,'D');
Insert into QMUSER.D_PARAMETER (ID_PARAMETER,ID_PLANT,ID_GROUPAREA,ID_COMPONENT,DISPLAY) values (727,23,4,122,'D');
Insert into QMUSER.D_PARAMETER (ID_PARAMETER,ID_PLANT,ID_GROUPAREA,ID_COMPONENT,DISPLAY) values (728,23,4,123,'D');
Insert into QMUSER.D_PARAMETER (ID_PARAMETER,ID_PLANT,ID_GROUPAREA,ID_COMPONENT,DISPLAY) values (802,9,4,3,'H');
Insert into QMUSER.D_PARAMETER (ID_PARAMETER,ID_PLANT,ID_GROUPAREA,ID_COMPONENT,DISPLAY) values (803,9,4,4,'H');
Insert into QMUSER.D_PARAMETER (ID_PARAMETER,ID_PLANT,ID_GROUPAREA,ID_COMPONENT,DISPLAY) values (804,9,4,6,'H');
Insert into QMUSER.D_PARAMETER (ID_PARAMETER,ID_PLANT,ID_GROUPAREA,ID_COMPONENT,DISPLAY) values (805,9,4,21,'H');
Insert into QMUSER.D_PARAMETER (ID_PARAMETER,ID_PLANT,ID_GROUPAREA,ID_COMPONENT,DISPLAY) values (806,9,4,22,'H');
Insert into QMUSER.D_PARAMETER (ID_PARAMETER,ID_PLANT,ID_GROUPAREA,ID_COMPONENT,DISPLAY) values (807,9,4,32,'H');
Insert into QMUSER.D_PARAMETER (ID_PARAMETER,ID_PLANT,ID_GROUPAREA,ID_COMPONENT,DISPLAY) values (808,9,4,41,'H');
Insert into QMUSER.D_PARAMETER (ID_PARAMETER,ID_PLANT,ID_GROUPAREA,ID_COMPONENT,DISPLAY) values (809,9,4,101,'H');
Insert into QMUSER.D_PARAMETER (ID_PARAMETER,ID_PLANT,ID_GROUPAREA,ID_COMPONENT,DISPLAY) values (810,9,4,102,'H');
Insert into QMUSER.D_PARAMETER (ID_PARAMETER,ID_PLANT,ID_GROUPAREA,ID_COMPONENT,DISPLAY) values (811,9,4,103,'H');
Insert into QMUSER.D_PARAMETER (ID_PARAMETER,ID_PLANT,ID_GROUPAREA,ID_COMPONENT,DISPLAY) values (812,9,4,104,'H');
Insert into QMUSER.D_PARAMETER (ID_PARAMETER,ID_PLANT,ID_GROUPAREA,ID_COMPONENT,DISPLAY) values (813,9,4,105,'H');
Insert into QMUSER.D_PARAMETER (ID_PARAMETER,ID_PLANT,ID_GROUPAREA,ID_COMPONENT,DISPLAY) values (814,9,4,121,'H');
Insert into QMUSER.D_PARAMETER (ID_PARAMETER,ID_PLANT,ID_GROUPAREA,ID_COMPONENT,DISPLAY) values (815,9,4,122,'H');
Insert into QMUSER.D_PARAMETER (ID_PARAMETER,ID_PLANT,ID_GROUPAREA,ID_COMPONENT,DISPLAY) values (816,9,4,123,'H');
Insert into QMUSER.D_PARAMETER (ID_PARAMETER,ID_PLANT,ID_GROUPAREA,ID_COMPONENT,DISPLAY) values (832,21,4,3,'H');
Insert into QMUSER.D_PARAMETER (ID_PARAMETER,ID_PLANT,ID_GROUPAREA,ID_COMPONENT,DISPLAY) values (833,21,4,4,'H');
Insert into QMUSER.D_PARAMETER (ID_PARAMETER,ID_PLANT,ID_GROUPAREA,ID_COMPONENT,DISPLAY) values (834,21,4,6,'H');
Insert into QMUSER.D_PARAMETER (ID_PARAMETER,ID_PLANT,ID_GROUPAREA,ID_COMPONENT,DISPLAY) values (835,21,4,21,'H');
Insert into QMUSER.D_PARAMETER (ID_PARAMETER,ID_PLANT,ID_GROUPAREA,ID_COMPONENT,DISPLAY) values (836,21,4,22,'H');
Insert into QMUSER.D_PARAMETER (ID_PARAMETER,ID_PLANT,ID_GROUPAREA,ID_COMPONENT,DISPLAY) values (837,21,4,32,'H');
Insert into QMUSER.D_PARAMETER (ID_PARAMETER,ID_PLANT,ID_GROUPAREA,ID_COMPONENT,DISPLAY) values (838,21,4,41,'H');
Insert into QMUSER.D_PARAMETER (ID_PARAMETER,ID_PLANT,ID_GROUPAREA,ID_COMPONENT,DISPLAY) values (839,21,4,101,'H');
Insert into QMUSER.D_PARAMETER (ID_PARAMETER,ID_PLANT,ID_GROUPAREA,ID_COMPONENT,DISPLAY) values (840,21,4,102,'H');
Insert into QMUSER.D_PARAMETER (ID_PARAMETER,ID_PLANT,ID_GROUPAREA,ID_COMPONENT,DISPLAY) values (841,21,4,103,'H');
Insert into QMUSER.D_PARAMETER (ID_PARAMETER,ID_PLANT,ID_GROUPAREA,ID_COMPONENT,DISPLAY) values (842,21,4,104,'H');
Insert into QMUSER.D_PARAMETER (ID_PARAMETER,ID_PLANT,ID_GROUPAREA,ID_COMPONENT,DISPLAY) values (843,21,4,105,'H');
Insert into QMUSER.D_PARAMETER (ID_PARAMETER,ID_PLANT,ID_GROUPAREA,ID_COMPONENT,DISPLAY) values (844,21,4,121,'H');
Insert into QMUSER.D_PARAMETER (ID_PARAMETER,ID_PLANT,ID_GROUPAREA,ID_COMPONENT,DISPLAY) values (845,21,4,122,'H');
Insert into QMUSER.D_PARAMETER (ID_PARAMETER,ID_PLANT,ID_GROUPAREA,ID_COMPONENT,DISPLAY) values (846,21,4,123,'H');
Insert into QMUSER.D_PARAMETER (ID_PARAMETER,ID_PLANT,ID_GROUPAREA,ID_COMPONENT,DISPLAY) values (1086,7,6,3,'H');
Insert into QMUSER.D_PARAMETER (ID_PARAMETER,ID_PLANT,ID_GROUPAREA,ID_COMPONENT,DISPLAY) values (1087,7,6,4,'H');
Insert into QMUSER.D_PARAMETER (ID_PARAMETER,ID_PLANT,ID_GROUPAREA,ID_COMPONENT,DISPLAY) values (1088,7,6,6,'H');
Insert into QMUSER.D_PARAMETER (ID_PARAMETER,ID_PLANT,ID_GROUPAREA,ID_COMPONENT,DISPLAY) values (1089,7,6,21,'H');
Insert into QMUSER.D_PARAMETER (ID_PARAMETER,ID_PLANT,ID_GROUPAREA,ID_COMPONENT,DISPLAY) values (1090,7,6,22,'H');
Insert into QMUSER.D_PARAMETER (ID_PARAMETER,ID_PLANT,ID_GROUPAREA,ID_COMPONENT,DISPLAY) values (1091,7,6,32,'H');
Insert into QMUSER.D_PARAMETER (ID_PARAMETER,ID_PLANT,ID_GROUPAREA,ID_COMPONENT,DISPLAY) values (1092,7,6,41,'H');
Insert into QMUSER.D_PARAMETER (ID_PARAMETER,ID_PLANT,ID_GROUPAREA,ID_COMPONENT,DISPLAY) values (1093,7,6,101,'H');
Insert into QMUSER.D_PARAMETER (ID_PARAMETER,ID_PLANT,ID_GROUPAREA,ID_COMPONENT,DISPLAY) values (1094,7,6,102,'H');
Insert into QMUSER.D_PARAMETER (ID_PARAMETER,ID_PLANT,ID_GROUPAREA,ID_COMPONENT,DISPLAY) values (1095,7,6,103,'H');
Insert into QMUSER.D_PARAMETER (ID_PARAMETER,ID_PLANT,ID_GROUPAREA,ID_COMPONENT,DISPLAY) values (1096,7,6,104,'H');
Insert into QMUSER.D_PARAMETER (ID_PARAMETER,ID_PLANT,ID_GROUPAREA,ID_COMPONENT,DISPLAY) values (1097,7,6,105,'H');
Insert into QMUSER.D_PARAMETER (ID_PARAMETER,ID_PLANT,ID_GROUPAREA,ID_COMPONENT,DISPLAY) values (1098,7,6,121,'H');
Insert into QMUSER.D_PARAMETER (ID_PARAMETER,ID_PLANT,ID_GROUPAREA,ID_COMPONENT,DISPLAY) values (1099,7,6,122,'H');
Insert into QMUSER.D_PARAMETER (ID_PARAMETER,ID_PLANT,ID_GROUPAREA,ID_COMPONENT,DISPLAY) values (1100,7,6,123,'H');
Insert into QMUSER.D_PARAMETER (ID_PARAMETER,ID_PLANT,ID_GROUPAREA,ID_COMPONENT,DISPLAY) values (1101,7,4,3,'H');
Insert into QMUSER.D_PARAMETER (ID_PARAMETER,ID_PLANT,ID_GROUPAREA,ID_COMPONENT,DISPLAY) values (1102,7,4,4,'H');
Insert into QMUSER.D_PARAMETER (ID_PARAMETER,ID_PLANT,ID_GROUPAREA,ID_COMPONENT,DISPLAY) values (1103,7,4,6,'H');
Insert into QMUSER.D_PARAMETER (ID_PARAMETER,ID_PLANT,ID_GROUPAREA,ID_COMPONENT,DISPLAY) values (1104,7,4,21,'H');
Insert into QMUSER.D_PARAMETER (ID_PARAMETER,ID_PLANT,ID_GROUPAREA,ID_COMPONENT,DISPLAY) values (1105,7,4,22,'H');
Insert into QMUSER.D_PARAMETER (ID_PARAMETER,ID_PLANT,ID_GROUPAREA,ID_COMPONENT,DISPLAY) values (1106,7,4,32,'H');
Insert into QMUSER.D_PARAMETER (ID_PARAMETER,ID_PLANT,ID_GROUPAREA,ID_COMPONENT,DISPLAY) values (1107,7,4,41,'H');
Insert into QMUSER.D_PARAMETER (ID_PARAMETER,ID_PLANT,ID_GROUPAREA,ID_COMPONENT,DISPLAY) values (1108,7,4,101,'H');
Insert into QMUSER.D_PARAMETER (ID_PARAMETER,ID_PLANT,ID_GROUPAREA,ID_COMPONENT,DISPLAY) values (1109,7,4,102,'H');
Insert into QMUSER.D_PARAMETER (ID_PARAMETER,ID_PLANT,ID_GROUPAREA,ID_COMPONENT,DISPLAY) values (1110,7,4,103,'H');
Insert into QMUSER.D_PARAMETER (ID_PARAMETER,ID_PLANT,ID_GROUPAREA,ID_COMPONENT,DISPLAY) values (1111,7,4,104,'H');
Insert into QMUSER.D_PARAMETER (ID_PARAMETER,ID_PLANT,ID_GROUPAREA,ID_COMPONENT,DISPLAY) values (1112,7,4,105,'H');
Insert into QMUSER.D_PARAMETER (ID_PARAMETER,ID_PLANT,ID_GROUPAREA,ID_COMPONENT,DISPLAY) values (1113,7,4,121,'H');
Insert into QMUSER.D_PARAMETER (ID_PARAMETER,ID_PLANT,ID_GROUPAREA,ID_COMPONENT,DISPLAY) values (1114,7,4,122,'H');
Insert into QMUSER.D_PARAMETER (ID_PARAMETER,ID_PLANT,ID_GROUPAREA,ID_COMPONENT,DISPLAY) values (1115,7,4,123,'H');
Insert into QMUSER.D_PARAMETER (ID_PARAMETER,ID_PLANT,ID_GROUPAREA,ID_COMPONENT,DISPLAY) values (1116,1,4,3,'D');
Insert into QMUSER.D_PARAMETER (ID_PARAMETER,ID_PLANT,ID_GROUPAREA,ID_COMPONENT,DISPLAY) values (1117,1,4,4,'D');
Insert into QMUSER.D_PARAMETER (ID_PARAMETER,ID_PLANT,ID_GROUPAREA,ID_COMPONENT,DISPLAY) values (1118,1,4,6,'D');
Insert into QMUSER.D_PARAMETER (ID_PARAMETER,ID_PLANT,ID_GROUPAREA,ID_COMPONENT,DISPLAY) values (1119,1,4,21,'D');
Insert into QMUSER.D_PARAMETER (ID_PARAMETER,ID_PLANT,ID_GROUPAREA,ID_COMPONENT,DISPLAY) values (1120,1,4,22,'D');
Insert into QMUSER.D_PARAMETER (ID_PARAMETER,ID_PLANT,ID_GROUPAREA,ID_COMPONENT,DISPLAY) values (1121,1,4,32,'D');
Insert into QMUSER.D_PARAMETER (ID_PARAMETER,ID_PLANT,ID_GROUPAREA,ID_COMPONENT,DISPLAY) values (1122,1,4,41,'D');
Insert into QMUSER.D_PARAMETER (ID_PARAMETER,ID_PLANT,ID_GROUPAREA,ID_COMPONENT,DISPLAY) values (1123,1,4,101,'D');
Insert into QMUSER.D_PARAMETER (ID_PARAMETER,ID_PLANT,ID_GROUPAREA,ID_COMPONENT,DISPLAY) values (1124,1,4,102,'D');
Insert into QMUSER.D_PARAMETER (ID_PARAMETER,ID_PLANT,ID_GROUPAREA,ID_COMPONENT,DISPLAY) values (1125,1,4,103,'D');
Insert into QMUSER.D_PARAMETER (ID_PARAMETER,ID_PLANT,ID_GROUPAREA,ID_COMPONENT,DISPLAY) values (1126,1,4,104,'D');
Insert into QMUSER.D_PARAMETER (ID_PARAMETER,ID_PLANT,ID_GROUPAREA,ID_COMPONENT,DISPLAY) values (1127,1,4,105,'D');
Insert into QMUSER.D_PARAMETER (ID_PARAMETER,ID_PLANT,ID_GROUPAREA,ID_COMPONENT,DISPLAY) values (1128,1,4,121,'D');
Insert into QMUSER.D_PARAMETER (ID_PARAMETER,ID_PLANT,ID_GROUPAREA,ID_COMPONENT,DISPLAY) values (1129,1,4,122,'D');
Insert into QMUSER.D_PARAMETER (ID_PARAMETER,ID_PLANT,ID_GROUPAREA,ID_COMPONENT,DISPLAY) values (1130,1,4,123,'D');
Insert into QMUSER.D_PARAMETER (ID_PARAMETER,ID_PLANT,ID_GROUPAREA,ID_COMPONENT,DISPLAY) values (1131,1,6,3,'D');
Insert into QMUSER.D_PARAMETER (ID_PARAMETER,ID_PLANT,ID_GROUPAREA,ID_COMPONENT,DISPLAY) values (1132,1,6,4,'D');
Insert into QMUSER.D_PARAMETER (ID_PARAMETER,ID_PLANT,ID_GROUPAREA,ID_COMPONENT,DISPLAY) values (1133,1,6,6,'D');
Insert into QMUSER.D_PARAMETER (ID_PARAMETER,ID_PLANT,ID_GROUPAREA,ID_COMPONENT,DISPLAY) values (1134,1,6,21,'D');
Insert into QMUSER.D_PARAMETER (ID_PARAMETER,ID_PLANT,ID_GROUPAREA,ID_COMPONENT,DISPLAY) values (1135,1,6,22,'D');
Insert into QMUSER.D_PARAMETER (ID_PARAMETER,ID_PLANT,ID_GROUPAREA,ID_COMPONENT,DISPLAY) values (1136,1,6,32,'D');
Insert into QMUSER.D_PARAMETER (ID_PARAMETER,ID_PLANT,ID_GROUPAREA,ID_COMPONENT,DISPLAY) values (1137,1,6,41,'D');
Insert into QMUSER.D_PARAMETER (ID_PARAMETER,ID_PLANT,ID_GROUPAREA,ID_COMPONENT,DISPLAY) values (1138,1,6,101,'D');
Insert into QMUSER.D_PARAMETER (ID_PARAMETER,ID_PLANT,ID_GROUPAREA,ID_COMPONENT,DISPLAY) values (1139,1,6,102,'D');
Insert into QMUSER.D_PARAMETER (ID_PARAMETER,ID_PLANT,ID_GROUPAREA,ID_COMPONENT,DISPLAY) values (1140,1,6,103,'D');
Insert into QMUSER.D_PARAMETER (ID_PARAMETER,ID_PLANT,ID_GROUPAREA,ID_COMPONENT,DISPLAY) values (1141,1,6,104,'D');
Insert into QMUSER.D_PARAMETER (ID_PARAMETER,ID_PLANT,ID_GROUPAREA,ID_COMPONENT,DISPLAY) values (1142,1,6,105,'D');
Insert into QMUSER.D_PARAMETER (ID_PARAMETER,ID_PLANT,ID_GROUPAREA,ID_COMPONENT,DISPLAY) values (1143,1,6,121,'D');
Insert into QMUSER.D_PARAMETER (ID_PARAMETER,ID_PLANT,ID_GROUPAREA,ID_COMPONENT,DISPLAY) values (1144,1,6,122,'D');
Insert into QMUSER.D_PARAMETER (ID_PARAMETER,ID_PLANT,ID_GROUPAREA,ID_COMPONENT,DISPLAY) values (1145,1,6,123,'D');
Insert into QMUSER.D_PARAMETER (ID_PARAMETER,ID_PLANT,ID_GROUPAREA,ID_COMPONENT,DISPLAY) values (1191,2,1,24,'D');
Insert into QMUSER.D_PARAMETER (ID_PARAMETER,ID_PLANT,ID_GROUPAREA,ID_COMPONENT,DISPLAY) values (1192,2,1,28,'D');
Insert into QMUSER.D_PARAMETER (ID_PARAMETER,ID_PLANT,ID_GROUPAREA,ID_COMPONENT,DISPLAY) values (1193,2,1,29,'D');
Insert into QMUSER.D_PARAMETER (ID_PARAMETER,ID_PLANT,ID_GROUPAREA,ID_COMPONENT,DISPLAY) values (1194,2,1,30,'D');
Insert into QMUSER.D_PARAMETER (ID_PARAMETER,ID_PLANT,ID_GROUPAREA,ID_COMPONENT,DISPLAY) values (1195,2,1,32,'D');
Insert into QMUSER.D_PARAMETER (ID_PARAMETER,ID_PLANT,ID_GROUPAREA,ID_COMPONENT,DISPLAY) values (1196,2,1,33,'D');
Insert into QMUSER.D_PARAMETER (ID_PARAMETER,ID_PLANT,ID_GROUPAREA,ID_COMPONENT,DISPLAY) values (1197,2,1,34,'D');
Insert into QMUSER.D_PARAMETER (ID_PARAMETER,ID_PLANT,ID_GROUPAREA,ID_COMPONENT,DISPLAY) values (1212,2,1,28,'D');
Insert into QMUSER.D_PARAMETER (ID_PARAMETER,ID_PLANT,ID_GROUPAREA,ID_COMPONENT,DISPLAY) values (1199,2,1,36,'D');
Insert into QMUSER.D_PARAMETER (ID_PARAMETER,ID_PLANT,ID_GROUPAREA,ID_COMPONENT,DISPLAY) values (1200,2,1,37,'D');
Insert into QMUSER.D_PARAMETER (ID_PARAMETER,ID_PLANT,ID_GROUPAREA,ID_COMPONENT,DISPLAY) values (1201,2,1,38,'D');
Insert into QMUSER.D_PARAMETER (ID_PARAMETER,ID_PLANT,ID_GROUPAREA,ID_COMPONENT,DISPLAY) values (1202,2,1,39,'D');
Insert into QMUSER.D_PARAMETER (ID_PARAMETER,ID_PLANT,ID_GROUPAREA,ID_COMPONENT,DISPLAY) values (1203,2,1,40,'D');
Insert into QMUSER.D_PARAMETER (ID_PARAMETER,ID_PLANT,ID_GROUPAREA,ID_COMPONENT,DISPLAY) values (1204,2,1,101,'D');
Insert into QMUSER.D_PARAMETER (ID_PARAMETER,ID_PLANT,ID_GROUPAREA,ID_COMPONENT,DISPLAY) values (1205,2,1,102,'D');
Insert into QMUSER.D_PARAMETER (ID_PARAMETER,ID_PLANT,ID_GROUPAREA,ID_COMPONENT,DISPLAY) values (1206,2,1,103,'D');
Insert into QMUSER.D_PARAMETER (ID_PARAMETER,ID_PLANT,ID_GROUPAREA,ID_COMPONENT,DISPLAY) values (1207,2,1,104,'D');
Insert into QMUSER.D_PARAMETER (ID_PARAMETER,ID_PLANT,ID_GROUPAREA,ID_COMPONENT,DISPLAY) values (1208,2,1,105,'D');
Insert into QMUSER.D_PARAMETER (ID_PARAMETER,ID_PLANT,ID_GROUPAREA,ID_COMPONENT,DISPLAY) values (1209,2,1,106,'D');
Insert into QMUSER.D_PARAMETER (ID_PARAMETER,ID_PLANT,ID_GROUPAREA,ID_COMPONENT,DISPLAY) values (1210,2,1,107,'D');
Insert into QMUSER.D_PARAMETER (ID_PARAMETER,ID_PLANT,ID_GROUPAREA,ID_COMPONENT,DISPLAY) values (1211,2,1,24,'D');
Insert into QMUSER.D_PARAMETER (ID_PARAMETER,ID_PLANT,ID_GROUPAREA,ID_COMPONENT,DISPLAY) values (1213,2,1,29,'D');
Insert into QMUSER.D_PARAMETER (ID_PARAMETER,ID_PLANT,ID_GROUPAREA,ID_COMPONENT,DISPLAY) values (1214,2,1,30,'D');
Insert into QMUSER.D_PARAMETER (ID_PARAMETER,ID_PLANT,ID_GROUPAREA,ID_COMPONENT,DISPLAY) values (1215,2,1,32,'D');
Insert into QMUSER.D_PARAMETER (ID_PARAMETER,ID_PLANT,ID_GROUPAREA,ID_COMPONENT,DISPLAY) values (1216,2,1,33,'D');
Insert into QMUSER.D_PARAMETER (ID_PARAMETER,ID_PLANT,ID_GROUPAREA,ID_COMPONENT,DISPLAY) values (1217,2,1,34,'D');
Insert into QMUSER.D_PARAMETER (ID_PARAMETER,ID_PLANT,ID_GROUPAREA,ID_COMPONENT,DISPLAY) values (1218,2,1,36,'D');
Insert into QMUSER.D_PARAMETER (ID_PARAMETER,ID_PLANT,ID_GROUPAREA,ID_COMPONENT,DISPLAY) values (1219,2,1,37,'D');
Insert into QMUSER.D_PARAMETER (ID_PARAMETER,ID_PLANT,ID_GROUPAREA,ID_COMPONENT,DISPLAY) values (1220,2,1,38,'D');
Insert into QMUSER.D_PARAMETER (ID_PARAMETER,ID_PLANT,ID_GROUPAREA,ID_COMPONENT,DISPLAY) values (1221,2,1,39,'D');
Insert into QMUSER.D_PARAMETER (ID_PARAMETER,ID_PLANT,ID_GROUPAREA,ID_COMPONENT,DISPLAY) values (1222,2,1,40,'D');
Insert into QMUSER.D_PARAMETER (ID_PARAMETER,ID_PLANT,ID_GROUPAREA,ID_COMPONENT,DISPLAY) values (1223,2,1,101,'D');
Insert into QMUSER.D_PARAMETER (ID_PARAMETER,ID_PLANT,ID_GROUPAREA,ID_COMPONENT,DISPLAY) values (1224,2,1,102,'D');
Insert into QMUSER.D_PARAMETER (ID_PARAMETER,ID_PLANT,ID_GROUPAREA,ID_COMPONENT,DISPLAY) values (1225,2,1,103,'D');
Insert into QMUSER.D_PARAMETER (ID_PARAMETER,ID_PLANT,ID_GROUPAREA,ID_COMPONENT,DISPLAY) values (1226,2,1,104,'D');
Insert into QMUSER.D_PARAMETER (ID_PARAMETER,ID_PLANT,ID_GROUPAREA,ID_COMPONENT,DISPLAY) values (1227,2,1,105,'D');
Insert into QMUSER.D_PARAMETER (ID_PARAMETER,ID_PLANT,ID_GROUPAREA,ID_COMPONENT,DISPLAY) values (1228,2,1,106,'D');
Insert into QMUSER.D_PARAMETER (ID_PARAMETER,ID_PLANT,ID_GROUPAREA,ID_COMPONENT,DISPLAY) values (1229,2,1,107,'D');
Insert into QMUSER.D_PARAMETER (ID_PARAMETER,ID_PLANT,ID_GROUPAREA,ID_COMPONENT,DISPLAY) values (1245,2,6,3,'D');
Insert into QMUSER.D_PARAMETER (ID_PARAMETER,ID_PLANT,ID_GROUPAREA,ID_COMPONENT,DISPLAY) values (1246,2,6,4,'D');
Insert into QMUSER.D_PARAMETER (ID_PARAMETER,ID_PLANT,ID_GROUPAREA,ID_COMPONENT,DISPLAY) values (1247,2,6,6,'D');
Insert into QMUSER.D_PARAMETER (ID_PARAMETER,ID_PLANT,ID_GROUPAREA,ID_COMPONENT,DISPLAY) values (1248,2,6,21,'D');
Insert into QMUSER.D_PARAMETER (ID_PARAMETER,ID_PLANT,ID_GROUPAREA,ID_COMPONENT,DISPLAY) values (1249,2,6,22,'D');
Insert into QMUSER.D_PARAMETER (ID_PARAMETER,ID_PLANT,ID_GROUPAREA,ID_COMPONENT,DISPLAY) values (1250,2,6,32,'D');
Insert into QMUSER.D_PARAMETER (ID_PARAMETER,ID_PLANT,ID_GROUPAREA,ID_COMPONENT,DISPLAY) values (1251,2,6,41,'D');
Insert into QMUSER.D_PARAMETER (ID_PARAMETER,ID_PLANT,ID_GROUPAREA,ID_COMPONENT,DISPLAY) values (1252,2,6,101,'D');
Insert into QMUSER.D_PARAMETER (ID_PARAMETER,ID_PLANT,ID_GROUPAREA,ID_COMPONENT,DISPLAY) values (1253,2,6,102,'D');
Insert into QMUSER.D_PARAMETER (ID_PARAMETER,ID_PLANT,ID_GROUPAREA,ID_COMPONENT,DISPLAY) values (1254,2,6,103,'D');
Insert into QMUSER.D_PARAMETER (ID_PARAMETER,ID_PLANT,ID_GROUPAREA,ID_COMPONENT,DISPLAY) values (1255,2,6,104,'D');
Insert into QMUSER.D_PARAMETER (ID_PARAMETER,ID_PLANT,ID_GROUPAREA,ID_COMPONENT,DISPLAY) values (1256,2,6,105,'D');
Insert into QMUSER.D_PARAMETER (ID_PARAMETER,ID_PLANT,ID_GROUPAREA,ID_COMPONENT,DISPLAY) values (1257,2,6,121,'D');
Insert into QMUSER.D_PARAMETER (ID_PARAMETER,ID_PLANT,ID_GROUPAREA,ID_COMPONENT,DISPLAY) values (1258,2,6,122,'D');
Insert into QMUSER.D_PARAMETER (ID_PARAMETER,ID_PLANT,ID_GROUPAREA,ID_COMPONENT,DISPLAY) values (1259,2,6,123,'D');
Insert into QMUSER.D_PARAMETER (ID_PARAMETER,ID_PLANT,ID_GROUPAREA,ID_COMPONENT,DISPLAY) values (1309,3,4,3,'D');
Insert into QMUSER.D_PARAMETER (ID_PARAMETER,ID_PLANT,ID_GROUPAREA,ID_COMPONENT,DISPLAY) values (1310,3,4,4,'D');
Insert into QMUSER.D_PARAMETER (ID_PARAMETER,ID_PLANT,ID_GROUPAREA,ID_COMPONENT,DISPLAY) values (1311,3,4,6,'D');
Insert into QMUSER.D_PARAMETER (ID_PARAMETER,ID_PLANT,ID_GROUPAREA,ID_COMPONENT,DISPLAY) values (1312,3,4,21,'D');
Insert into QMUSER.D_PARAMETER (ID_PARAMETER,ID_PLANT,ID_GROUPAREA,ID_COMPONENT,DISPLAY) values (1313,3,4,22,'D');
Insert into QMUSER.D_PARAMETER (ID_PARAMETER,ID_PLANT,ID_GROUPAREA,ID_COMPONENT,DISPLAY) values (1314,3,4,32,'D');
Insert into QMUSER.D_PARAMETER (ID_PARAMETER,ID_PLANT,ID_GROUPAREA,ID_COMPONENT,DISPLAY) values (1315,3,4,41,'D');
Insert into QMUSER.D_PARAMETER (ID_PARAMETER,ID_PLANT,ID_GROUPAREA,ID_COMPONENT,DISPLAY) values (1316,3,4,101,'D');
Insert into QMUSER.D_PARAMETER (ID_PARAMETER,ID_PLANT,ID_GROUPAREA,ID_COMPONENT,DISPLAY) values (1317,3,4,102,'D');
Insert into QMUSER.D_PARAMETER (ID_PARAMETER,ID_PLANT,ID_GROUPAREA,ID_COMPONENT,DISPLAY) values (1318,3,4,103,'D');
Insert into QMUSER.D_PARAMETER (ID_PARAMETER,ID_PLANT,ID_GROUPAREA,ID_COMPONENT,DISPLAY) values (1319,3,4,104,'D');
Insert into QMUSER.D_PARAMETER (ID_PARAMETER,ID_PLANT,ID_GROUPAREA,ID_COMPONENT,DISPLAY) values (1320,3,4,105,'D');
Insert into QMUSER.D_PARAMETER (ID_PARAMETER,ID_PLANT,ID_GROUPAREA,ID_COMPONENT,DISPLAY) values (1321,3,4,121,'D');
Insert into QMUSER.D_PARAMETER (ID_PARAMETER,ID_PLANT,ID_GROUPAREA,ID_COMPONENT,DISPLAY) values (1322,3,4,122,'D');
Insert into QMUSER.D_PARAMETER (ID_PARAMETER,ID_PLANT,ID_GROUPAREA,ID_COMPONENT,DISPLAY) values (1323,3,4,123,'D');
Insert into QMUSER.D_PARAMETER (ID_PARAMETER,ID_PLANT,ID_GROUPAREA,ID_COMPONENT,DISPLAY) values (1339,3,6,3,'H');
Insert into QMUSER.D_PARAMETER (ID_PARAMETER,ID_PLANT,ID_GROUPAREA,ID_COMPONENT,DISPLAY) values (1340,3,6,4,'H');
Insert into QMUSER.D_PARAMETER (ID_PARAMETER,ID_PLANT,ID_GROUPAREA,ID_COMPONENT,DISPLAY) values (1341,3,6,6,'H');
Insert into QMUSER.D_PARAMETER (ID_PARAMETER,ID_PLANT,ID_GROUPAREA,ID_COMPONENT,DISPLAY) values (1342,3,6,21,'H');
Insert into QMUSER.D_PARAMETER (ID_PARAMETER,ID_PLANT,ID_GROUPAREA,ID_COMPONENT,DISPLAY) values (1343,3,6,22,'H');
Insert into QMUSER.D_PARAMETER (ID_PARAMETER,ID_PLANT,ID_GROUPAREA,ID_COMPONENT,DISPLAY) values (1344,3,6,32,'H');
Insert into QMUSER.D_PARAMETER (ID_PARAMETER,ID_PLANT,ID_GROUPAREA,ID_COMPONENT,DISPLAY) values (1345,3,6,41,'H');
Insert into QMUSER.D_PARAMETER (ID_PARAMETER,ID_PLANT,ID_GROUPAREA,ID_COMPONENT,DISPLAY) values (1346,3,6,101,'H');
Insert into QMUSER.D_PARAMETER (ID_PARAMETER,ID_PLANT,ID_GROUPAREA,ID_COMPONENT,DISPLAY) values (1347,3,6,102,'H');
Insert into QMUSER.D_PARAMETER (ID_PARAMETER,ID_PLANT,ID_GROUPAREA,ID_COMPONENT,DISPLAY) values (1348,3,6,103,'H');
Insert into QMUSER.D_PARAMETER (ID_PARAMETER,ID_PLANT,ID_GROUPAREA,ID_COMPONENT,DISPLAY) values (1349,3,6,104,'H');
Insert into QMUSER.D_PARAMETER (ID_PARAMETER,ID_PLANT,ID_GROUPAREA,ID_COMPONENT,DISPLAY) values (1350,3,6,105,'H');
Insert into QMUSER.D_PARAMETER (ID_PARAMETER,ID_PLANT,ID_GROUPAREA,ID_COMPONENT,DISPLAY) values (1351,3,6,121,'H');
Insert into QMUSER.D_PARAMETER (ID_PARAMETER,ID_PLANT,ID_GROUPAREA,ID_COMPONENT,DISPLAY) values (1352,3,6,122,'H');
Insert into QMUSER.D_PARAMETER (ID_PARAMETER,ID_PLANT,ID_GROUPAREA,ID_COMPONENT,DISPLAY) values (1353,3,6,123,'H');
Insert into QMUSER.D_PARAMETER (ID_PARAMETER,ID_PLANT,ID_GROUPAREA,ID_COMPONENT,DISPLAY) values (1605,23,3,3,'D');
Insert into QMUSER.D_PARAMETER (ID_PARAMETER,ID_PLANT,ID_GROUPAREA,ID_COMPONENT,DISPLAY) values (1606,23,3,4,'D');
Insert into QMUSER.D_PARAMETER (ID_PARAMETER,ID_PLANT,ID_GROUPAREA,ID_COMPONENT,DISPLAY) values (303,8,1,29,'D');
Insert into QMUSER.D_PARAMETER (ID_PARAMETER,ID_PLANT,ID_GROUPAREA,ID_COMPONENT,DISPLAY) values (304,8,1,30,'D');
Insert into QMUSER.D_PARAMETER (ID_PARAMETER,ID_PLANT,ID_GROUPAREA,ID_COMPONENT,DISPLAY) values (305,8,1,32,'D');
Insert into QMUSER.D_PARAMETER (ID_PARAMETER,ID_PLANT,ID_GROUPAREA,ID_COMPONENT,DISPLAY) values (306,8,1,33,'D');
Insert into QMUSER.D_PARAMETER (ID_PARAMETER,ID_PLANT,ID_GROUPAREA,ID_COMPONENT,DISPLAY) values (307,8,1,34,'D');
Insert into QMUSER.D_PARAMETER (ID_PARAMETER,ID_PLANT,ID_GROUPAREA,ID_COMPONENT,DISPLAY) values (308,8,1,35,'D');
Insert into QMUSER.D_PARAMETER (ID_PARAMETER,ID_PLANT,ID_GROUPAREA,ID_COMPONENT,DISPLAY) values (309,8,1,36,'D');
Insert into QMUSER.D_PARAMETER (ID_PARAMETER,ID_PLANT,ID_GROUPAREA,ID_COMPONENT,DISPLAY) values (310,8,1,37,'D');
Insert into QMUSER.D_PARAMETER (ID_PARAMETER,ID_PLANT,ID_GROUPAREA,ID_COMPONENT,DISPLAY) values (311,8,1,38,'D');
Insert into QMUSER.D_PARAMETER (ID_PARAMETER,ID_PLANT,ID_GROUPAREA,ID_COMPONENT,DISPLAY) values (312,8,1,39,'D');
Insert into QMUSER.D_PARAMETER (ID_PARAMETER,ID_PLANT,ID_GROUPAREA,ID_COMPONENT,DISPLAY) values (313,8,1,40,'D');
Insert into QMUSER.D_PARAMETER (ID_PARAMETER,ID_PLANT,ID_GROUPAREA,ID_COMPONENT,DISPLAY) values (314,8,1,101,'D');
Insert into QMUSER.D_PARAMETER (ID_PARAMETER,ID_PLANT,ID_GROUPAREA,ID_COMPONENT,DISPLAY) values (301,8,1,24,'D');
Insert into QMUSER.D_PARAMETER (ID_PARAMETER,ID_PLANT,ID_GROUPAREA,ID_COMPONENT,DISPLAY) values (302,8,1,28,'D');
Insert into QMUSER.D_PARAMETER (ID_PARAMETER,ID_PLANT,ID_GROUPAREA,ID_COMPONENT,DISPLAY) values (315,8,1,102,'D');
Insert into QMUSER.D_PARAMETER (ID_PARAMETER,ID_PLANT,ID_GROUPAREA,ID_COMPONENT,DISPLAY) values (316,8,1,103,'D');
Insert into QMUSER.D_PARAMETER (ID_PARAMETER,ID_PLANT,ID_GROUPAREA,ID_COMPONENT,DISPLAY) values (317,8,1,104,'D');
Insert into QMUSER.D_PARAMETER (ID_PARAMETER,ID_PLANT,ID_GROUPAREA,ID_COMPONENT,DISPLAY) values (318,8,1,105,'D');
Insert into QMUSER.D_PARAMETER (ID_PARAMETER,ID_PLANT,ID_GROUPAREA,ID_COMPONENT,DISPLAY) values (319,8,1,106,'D');
Insert into QMUSER.D_PARAMETER (ID_PARAMETER,ID_PLANT,ID_GROUPAREA,ID_COMPONENT,DISPLAY) values (320,8,1,107,'D');
Insert into QMUSER.D_PARAMETER (ID_PARAMETER,ID_PLANT,ID_GROUPAREA,ID_COMPONENT,DISPLAY) values (443,23,1,24,'D');
Insert into QMUSER.D_PARAMETER (ID_PARAMETER,ID_PLANT,ID_GROUPAREA,ID_COMPONENT,DISPLAY) values (444,23,1,28,'D');
Insert into QMUSER.D_PARAMETER (ID_PARAMETER,ID_PLANT,ID_GROUPAREA,ID_COMPONENT,DISPLAY) values (445,23,1,29,'D');
Insert into QMUSER.D_PARAMETER (ID_PARAMETER,ID_PLANT,ID_GROUPAREA,ID_COMPONENT,DISPLAY) values (446,23,1,30,'D');
Insert into QMUSER.D_PARAMETER (ID_PARAMETER,ID_PLANT,ID_GROUPAREA,ID_COMPONENT,DISPLAY) values (447,23,1,32,'D');
Insert into QMUSER.D_PARAMETER (ID_PARAMETER,ID_PLANT,ID_GROUPAREA,ID_COMPONENT,DISPLAY) values (448,23,1,33,'D');
Insert into QMUSER.D_PARAMETER (ID_PARAMETER,ID_PLANT,ID_GROUPAREA,ID_COMPONENT,DISPLAY) values (449,23,1,34,'D');
Insert into QMUSER.D_PARAMETER (ID_PARAMETER,ID_PLANT,ID_GROUPAREA,ID_COMPONENT,DISPLAY) values (450,23,1,35,'D');
Insert into QMUSER.D_PARAMETER (ID_PARAMETER,ID_PLANT,ID_GROUPAREA,ID_COMPONENT,DISPLAY) values (451,23,1,36,'D');
Insert into QMUSER.D_PARAMETER (ID_PARAMETER,ID_PLANT,ID_GROUPAREA,ID_COMPONENT,DISPLAY) values (452,23,1,37,'D');
Insert into QMUSER.D_PARAMETER (ID_PARAMETER,ID_PLANT,ID_GROUPAREA,ID_COMPONENT,DISPLAY) values (453,23,1,38,'D');
Insert into QMUSER.D_PARAMETER (ID_PARAMETER,ID_PLANT,ID_GROUPAREA,ID_COMPONENT,DISPLAY) values (454,23,1,39,'D');
Insert into QMUSER.D_PARAMETER (ID_PARAMETER,ID_PLANT,ID_GROUPAREA,ID_COMPONENT,DISPLAY) values (455,23,1,40,'D');
Insert into QMUSER.D_PARAMETER (ID_PARAMETER,ID_PLANT,ID_GROUPAREA,ID_COMPONENT,DISPLAY) values (456,23,1,101,'D');
Insert into QMUSER.D_PARAMETER (ID_PARAMETER,ID_PLANT,ID_GROUPAREA,ID_COMPONENT,DISPLAY) values (457,23,1,102,'D');
Insert into QMUSER.D_PARAMETER (ID_PARAMETER,ID_PLANT,ID_GROUPAREA,ID_COMPONENT,DISPLAY) values (458,23,1,103,'D');
Insert into QMUSER.D_PARAMETER (ID_PARAMETER,ID_PLANT,ID_GROUPAREA,ID_COMPONENT,DISPLAY) values (459,23,1,104,'D');
Insert into QMUSER.D_PARAMETER (ID_PARAMETER,ID_PLANT,ID_GROUPAREA,ID_COMPONENT,DISPLAY) values (460,23,1,105,'D');
Insert into QMUSER.D_PARAMETER (ID_PARAMETER,ID_PLANT,ID_GROUPAREA,ID_COMPONENT,DISPLAY) values (461,23,1,106,'D');
Insert into QMUSER.D_PARAMETER (ID_PARAMETER,ID_PLANT,ID_GROUPAREA,ID_COMPONENT,DISPLAY) values (462,23,1,107,'D');
Insert into QMUSER.D_PARAMETER (ID_PARAMETER,ID_PLANT,ID_GROUPAREA,ID_COMPONENT,DISPLAY) values (463,1,1,24,'D');
Insert into QMUSER.D_PARAMETER (ID_PARAMETER,ID_PLANT,ID_GROUPAREA,ID_COMPONENT,DISPLAY) values (464,1,1,28,'D');
Insert into QMUSER.D_PARAMETER (ID_PARAMETER,ID_PLANT,ID_GROUPAREA,ID_COMPONENT,DISPLAY) values (465,1,1,29,'D');
Insert into QMUSER.D_PARAMETER (ID_PARAMETER,ID_PLANT,ID_GROUPAREA,ID_COMPONENT,DISPLAY) values (466,1,1,30,'D');
Insert into QMUSER.D_PARAMETER (ID_PARAMETER,ID_PLANT,ID_GROUPAREA,ID_COMPONENT,DISPLAY) values (467,1,1,32,'D');
Insert into QMUSER.D_PARAMETER (ID_PARAMETER,ID_PLANT,ID_GROUPAREA,ID_COMPONENT,DISPLAY) values (468,1,1,33,'D');
Insert into QMUSER.D_PARAMETER (ID_PARAMETER,ID_PLANT,ID_GROUPAREA,ID_COMPONENT,DISPLAY) values (469,1,1,34,'D');
Insert into QMUSER.D_PARAMETER (ID_PARAMETER,ID_PLANT,ID_GROUPAREA,ID_COMPONENT,DISPLAY) values (470,1,1,36,'D');
Insert into QMUSER.D_PARAMETER (ID_PARAMETER,ID_PLANT,ID_GROUPAREA,ID_COMPONENT,DISPLAY) values (471,1,1,37,'D');
Insert into QMUSER.D_PARAMETER (ID_PARAMETER,ID_PLANT,ID_GROUPAREA,ID_COMPONENT,DISPLAY) values (472,1,1,38,'D');
Insert into QMUSER.D_PARAMETER (ID_PARAMETER,ID_PLANT,ID_GROUPAREA,ID_COMPONENT,DISPLAY) values (473,1,1,39,'D');
Insert into QMUSER.D_PARAMETER (ID_PARAMETER,ID_PLANT,ID_GROUPAREA,ID_COMPONENT,DISPLAY) values (474,1,1,40,'D');
Insert into QMUSER.D_PARAMETER (ID_PARAMETER,ID_PLANT,ID_GROUPAREA,ID_COMPONENT,DISPLAY) values (475,1,1,101,'D');
Insert into QMUSER.D_PARAMETER (ID_PARAMETER,ID_PLANT,ID_GROUPAREA,ID_COMPONENT,DISPLAY) values (476,1,1,102,'D');
Insert into QMUSER.D_PARAMETER (ID_PARAMETER,ID_PLANT,ID_GROUPAREA,ID_COMPONENT,DISPLAY) values (477,1,1,103,'D');
Insert into QMUSER.D_PARAMETER (ID_PARAMETER,ID_PLANT,ID_GROUPAREA,ID_COMPONENT,DISPLAY) values (478,1,1,104,'D');
Insert into QMUSER.D_PARAMETER (ID_PARAMETER,ID_PLANT,ID_GROUPAREA,ID_COMPONENT,DISPLAY) values (479,1,1,105,'D');
Insert into QMUSER.D_PARAMETER (ID_PARAMETER,ID_PLANT,ID_GROUPAREA,ID_COMPONENT,DISPLAY) values (480,1,1,106,'D');
Insert into QMUSER.D_PARAMETER (ID_PARAMETER,ID_PLANT,ID_GROUPAREA,ID_COMPONENT,DISPLAY) values (481,1,1,107,'D');
Insert into QMUSER.D_PARAMETER (ID_PARAMETER,ID_PLANT,ID_GROUPAREA,ID_COMPONENT,DISPLAY) values (1403,4,6,4,'D');
Insert into QMUSER.D_PARAMETER (ID_PARAMETER,ID_PLANT,ID_GROUPAREA,ID_COMPONENT,DISPLAY) values (1404,4,6,6,'D');
Insert into QMUSER.D_PARAMETER (ID_PARAMETER,ID_PLANT,ID_GROUPAREA,ID_COMPONENT,DISPLAY) values (1405,4,6,21,'D');
Insert into QMUSER.D_PARAMETER (ID_PARAMETER,ID_PLANT,ID_GROUPAREA,ID_COMPONENT,DISPLAY) values (1406,4,6,22,'D');
Insert into QMUSER.D_PARAMETER (ID_PARAMETER,ID_PLANT,ID_GROUPAREA,ID_COMPONENT,DISPLAY) values (505,3,4,32,'D');
Insert into QMUSER.D_PARAMETER (ID_PARAMETER,ID_PLANT,ID_GROUPAREA,ID_COMPONENT,DISPLAY) values (1407,4,6,32,'D');
Insert into QMUSER.D_PARAMETER (ID_PARAMETER,ID_PLANT,ID_GROUPAREA,ID_COMPONENT,DISPLAY) values (1408,4,6,41,'D');
Insert into QMUSER.D_PARAMETER (ID_PARAMETER,ID_PLANT,ID_GROUPAREA,ID_COMPONENT,DISPLAY) values (1409,4,6,101,'D');
Insert into QMUSER.D_PARAMETER (ID_PARAMETER,ID_PLANT,ID_GROUPAREA,ID_COMPONENT,DISPLAY) values (1410,4,6,102,'D');
Insert into QMUSER.D_PARAMETER (ID_PARAMETER,ID_PLANT,ID_GROUPAREA,ID_COMPONENT,DISPLAY) values (1411,4,6,103,'D');
Insert into QMUSER.D_PARAMETER (ID_PARAMETER,ID_PLANT,ID_GROUPAREA,ID_COMPONENT,DISPLAY) values (1412,4,6,104,'D');
Insert into QMUSER.D_PARAMETER (ID_PARAMETER,ID_PLANT,ID_GROUPAREA,ID_COMPONENT,DISPLAY) values (1413,4,6,105,'D');
Insert into QMUSER.D_PARAMETER (ID_PARAMETER,ID_PLANT,ID_GROUPAREA,ID_COMPONENT,DISPLAY) values (513,3,4,101,'D');
Insert into QMUSER.D_PARAMETER (ID_PARAMETER,ID_PLANT,ID_GROUPAREA,ID_COMPONENT,DISPLAY) values (514,3,4,102,'D');
Insert into QMUSER.D_PARAMETER (ID_PARAMETER,ID_PLANT,ID_GROUPAREA,ID_COMPONENT,DISPLAY) values (515,3,4,103,'D');
Insert into QMUSER.D_PARAMETER (ID_PARAMETER,ID_PLANT,ID_GROUPAREA,ID_COMPONENT,DISPLAY) values (516,3,4,104,'D');
Insert into QMUSER.D_PARAMETER (ID_PARAMETER,ID_PLANT,ID_GROUPAREA,ID_COMPONENT,DISPLAY) values (517,3,4,105,'D');
Insert into QMUSER.D_PARAMETER (ID_PARAMETER,ID_PLANT,ID_GROUPAREA,ID_COMPONENT,DISPLAY) values (1414,4,6,121,'D');
Insert into QMUSER.D_PARAMETER (ID_PARAMETER,ID_PLANT,ID_GROUPAREA,ID_COMPONENT,DISPLAY) values (1415,4,6,122,'D');
Insert into QMUSER.D_PARAMETER (ID_PARAMETER,ID_PLANT,ID_GROUPAREA,ID_COMPONENT,DISPLAY) values (1535,21,3,4,'H');
Insert into QMUSER.D_PARAMETER (ID_PARAMETER,ID_PLANT,ID_GROUPAREA,ID_COMPONENT,DISPLAY) values (1416,4,6,123,'D');
Insert into QMUSER.D_PARAMETER (ID_PARAMETER,ID_PLANT,ID_GROUPAREA,ID_COMPONENT,DISPLAY) values (1534,21,3,3,'H');
Insert into QMUSER.D_PARAMETER (ID_PARAMETER,ID_PLANT,ID_GROUPAREA,ID_COMPONENT,DISPLAY) values (523,4,4,32,'D');
Insert into QMUSER.D_PARAMETER (ID_PARAMETER,ID_PLANT,ID_GROUPAREA,ID_COMPONENT,DISPLAY) values (1536,21,3,6,'H');
Insert into QMUSER.D_PARAMETER (ID_PARAMETER,ID_PLANT,ID_GROUPAREA,ID_COMPONENT,DISPLAY) values (1537,21,3,27,'H');
Insert into QMUSER.D_PARAMETER (ID_PARAMETER,ID_PLANT,ID_GROUPAREA,ID_COMPONENT,DISPLAY) values (1538,21,3,28,'H');
Insert into QMUSER.D_PARAMETER (ID_PARAMETER,ID_PLANT,ID_GROUPAREA,ID_COMPONENT,DISPLAY) values (1539,21,3,29,'H');
Insert into QMUSER.D_PARAMETER (ID_PARAMETER,ID_PLANT,ID_GROUPAREA,ID_COMPONENT,DISPLAY) values (1540,21,3,31,'H');
Insert into QMUSER.D_PARAMETER (ID_PARAMETER,ID_PLANT,ID_GROUPAREA,ID_COMPONENT,DISPLAY) values (1541,21,3,32,'H');
Insert into QMUSER.D_PARAMETER (ID_PARAMETER,ID_PLANT,ID_GROUPAREA,ID_COMPONENT,DISPLAY) values (1542,21,3,81,'H');
Insert into QMUSER.D_PARAMETER (ID_PARAMETER,ID_PLANT,ID_GROUPAREA,ID_COMPONENT,DISPLAY) values (531,4,4,101,'D');
Insert into QMUSER.D_PARAMETER (ID_PARAMETER,ID_PLANT,ID_GROUPAREA,ID_COMPONENT,DISPLAY) values (532,4,4,102,'D');
Insert into QMUSER.D_PARAMETER (ID_PARAMETER,ID_PLANT,ID_GROUPAREA,ID_COMPONENT,DISPLAY) values (533,4,4,103,'D');
Insert into QMUSER.D_PARAMETER (ID_PARAMETER,ID_PLANT,ID_GROUPAREA,ID_COMPONENT,DISPLAY) values (534,4,4,104,'D');
Insert into QMUSER.D_PARAMETER (ID_PARAMETER,ID_PLANT,ID_GROUPAREA,ID_COMPONENT,DISPLAY) values (535,4,4,105,'D');
Insert into QMUSER.D_PARAMETER (ID_PARAMETER,ID_PLANT,ID_GROUPAREA,ID_COMPONENT,DISPLAY) values (1543,21,3,82,'H');
Insert into QMUSER.D_PARAMETER (ID_PARAMETER,ID_PLANT,ID_GROUPAREA,ID_COMPONENT,DISPLAY) values (1544,21,3,101,'H');
Insert into QMUSER.D_PARAMETER (ID_PARAMETER,ID_PLANT,ID_GROUPAREA,ID_COMPONENT,DISPLAY) values (595,7,1,24,'D');
Insert into QMUSER.D_PARAMETER (ID_PARAMETER,ID_PLANT,ID_GROUPAREA,ID_COMPONENT,DISPLAY) values (596,7,1,28,'D');
Insert into QMUSER.D_PARAMETER (ID_PARAMETER,ID_PLANT,ID_GROUPAREA,ID_COMPONENT,DISPLAY) values (597,7,1,29,'D');
Insert into QMUSER.D_PARAMETER (ID_PARAMETER,ID_PLANT,ID_GROUPAREA,ID_COMPONENT,DISPLAY) values (598,7,1,30,'D');
Insert into QMUSER.D_PARAMETER (ID_PARAMETER,ID_PLANT,ID_GROUPAREA,ID_COMPONENT,DISPLAY) values (599,7,1,32,'D');
Insert into QMUSER.D_PARAMETER (ID_PARAMETER,ID_PLANT,ID_GROUPAREA,ID_COMPONENT,DISPLAY) values (600,7,1,33,'D');
Insert into QMUSER.D_PARAMETER (ID_PARAMETER,ID_PLANT,ID_GROUPAREA,ID_COMPONENT,DISPLAY) values (601,7,1,34,'D');
Insert into QMUSER.D_PARAMETER (ID_PARAMETER,ID_PLANT,ID_GROUPAREA,ID_COMPONENT,DISPLAY) values (602,7,1,36,'D');
Insert into QMUSER.D_PARAMETER (ID_PARAMETER,ID_PLANT,ID_GROUPAREA,ID_COMPONENT,DISPLAY) values (603,7,1,37,'D');
Insert into QMUSER.D_PARAMETER (ID_PARAMETER,ID_PLANT,ID_GROUPAREA,ID_COMPONENT,DISPLAY) values (604,7,1,38,'D');
Insert into QMUSER.D_PARAMETER (ID_PARAMETER,ID_PLANT,ID_GROUPAREA,ID_COMPONENT,DISPLAY) values (605,7,1,39,'D');
Insert into QMUSER.D_PARAMETER (ID_PARAMETER,ID_PLANT,ID_GROUPAREA,ID_COMPONENT,DISPLAY) values (606,7,1,40,'D');
Insert into QMUSER.D_PARAMETER (ID_PARAMETER,ID_PLANT,ID_GROUPAREA,ID_COMPONENT,DISPLAY) values (607,7,1,101,'D');
Insert into QMUSER.D_PARAMETER (ID_PARAMETER,ID_PLANT,ID_GROUPAREA,ID_COMPONENT,DISPLAY) values (608,7,1,102,'D');
Insert into QMUSER.D_PARAMETER (ID_PARAMETER,ID_PLANT,ID_GROUPAREA,ID_COMPONENT,DISPLAY) values (609,7,1,103,'D');
Insert into QMUSER.D_PARAMETER (ID_PARAMETER,ID_PLANT,ID_GROUPAREA,ID_COMPONENT,DISPLAY) values (610,7,1,104,'D');
Insert into QMUSER.D_PARAMETER (ID_PARAMETER,ID_PLANT,ID_GROUPAREA,ID_COMPONENT,DISPLAY) values (611,7,1,105,'D');
Insert into QMUSER.D_PARAMETER (ID_PARAMETER,ID_PLANT,ID_GROUPAREA,ID_COMPONENT,DISPLAY) values (612,7,1,106,'D');
Insert into QMUSER.D_PARAMETER (ID_PARAMETER,ID_PLANT,ID_GROUPAREA,ID_COMPONENT,DISPLAY) values (613,7,1,107,'D');
Insert into QMUSER.D_PARAMETER (ID_PARAMETER,ID_PLANT,ID_GROUPAREA,ID_COMPONENT,DISPLAY) values (788,21,6,3,'D');
Insert into QMUSER.D_PARAMETER (ID_PARAMETER,ID_PLANT,ID_GROUPAREA,ID_COMPONENT,DISPLAY) values (789,21,6,4,'D');
Insert into QMUSER.D_PARAMETER (ID_PARAMETER,ID_PLANT,ID_GROUPAREA,ID_COMPONENT,DISPLAY) values (790,21,6,6,'D');
Insert into QMUSER.D_PARAMETER (ID_PARAMETER,ID_PLANT,ID_GROUPAREA,ID_COMPONENT,DISPLAY) values (791,21,6,21,'D');
Insert into QMUSER.D_PARAMETER (ID_PARAMETER,ID_PLANT,ID_GROUPAREA,ID_COMPONENT,DISPLAY) values (792,21,6,22,'D');
Insert into QMUSER.D_PARAMETER (ID_PARAMETER,ID_PLANT,ID_GROUPAREA,ID_COMPONENT,DISPLAY) values (793,21,6,32,'D');
Insert into QMUSER.D_PARAMETER (ID_PARAMETER,ID_PLANT,ID_GROUPAREA,ID_COMPONENT,DISPLAY) values (794,21,6,41,'D');
Insert into QMUSER.D_PARAMETER (ID_PARAMETER,ID_PLANT,ID_GROUPAREA,ID_COMPONENT,DISPLAY) values (795,21,6,101,'D');
Insert into QMUSER.D_PARAMETER (ID_PARAMETER,ID_PLANT,ID_GROUPAREA,ID_COMPONENT,DISPLAY) values (796,21,6,102,'D');
Insert into QMUSER.D_PARAMETER (ID_PARAMETER,ID_PLANT,ID_GROUPAREA,ID_COMPONENT,DISPLAY) values (797,21,6,103,'D');
Insert into QMUSER.D_PARAMETER (ID_PARAMETER,ID_PLANT,ID_GROUPAREA,ID_COMPONENT,DISPLAY) values (798,21,6,104,'D');
Insert into QMUSER.D_PARAMETER (ID_PARAMETER,ID_PLANT,ID_GROUPAREA,ID_COMPONENT,DISPLAY) values (799,21,6,121,'D');
Insert into QMUSER.D_PARAMETER (ID_PARAMETER,ID_PLANT,ID_GROUPAREA,ID_COMPONENT,DISPLAY) values (800,21,6,122,'D');
Insert into QMUSER.D_PARAMETER (ID_PARAMETER,ID_PLANT,ID_GROUPAREA,ID_COMPONENT,DISPLAY) values (801,21,6,123,'D');
Insert into QMUSER.D_PARAMETER (ID_PARAMETER,ID_PLANT,ID_GROUPAREA,ID_COMPONENT,DISPLAY) values (996,6,4,3,'H');
Insert into QMUSER.D_PARAMETER (ID_PARAMETER,ID_PLANT,ID_GROUPAREA,ID_COMPONENT,DISPLAY) values (997,6,4,4,'H');
Insert into QMUSER.D_PARAMETER (ID_PARAMETER,ID_PLANT,ID_GROUPAREA,ID_COMPONENT,DISPLAY) values (998,6,4,6,'H');
Insert into QMUSER.D_PARAMETER (ID_PARAMETER,ID_PLANT,ID_GROUPAREA,ID_COMPONENT,DISPLAY) values (999,6,4,21,'H');
Insert into QMUSER.D_PARAMETER (ID_PARAMETER,ID_PLANT,ID_GROUPAREA,ID_COMPONENT,DISPLAY) values (1000,6,4,22,'H');
Insert into QMUSER.D_PARAMETER (ID_PARAMETER,ID_PLANT,ID_GROUPAREA,ID_COMPONENT,DISPLAY) values (1001,6,4,32,'H');
Insert into QMUSER.D_PARAMETER (ID_PARAMETER,ID_PLANT,ID_GROUPAREA,ID_COMPONENT,DISPLAY) values (1002,6,4,41,'H');
Insert into QMUSER.D_PARAMETER (ID_PARAMETER,ID_PLANT,ID_GROUPAREA,ID_COMPONENT,DISPLAY) values (1003,6,4,101,'H');
Insert into QMUSER.D_PARAMETER (ID_PARAMETER,ID_PLANT,ID_GROUPAREA,ID_COMPONENT,DISPLAY) values (1004,6,4,102,'H');
Insert into QMUSER.D_PARAMETER (ID_PARAMETER,ID_PLANT,ID_GROUPAREA,ID_COMPONENT,DISPLAY) values (1005,6,4,103,'H');
Insert into QMUSER.D_PARAMETER (ID_PARAMETER,ID_PLANT,ID_GROUPAREA,ID_COMPONENT,DISPLAY) values (1006,6,4,104,'H');
Insert into QMUSER.D_PARAMETER (ID_PARAMETER,ID_PLANT,ID_GROUPAREA,ID_COMPONENT,DISPLAY) values (1007,6,4,105,'H');
Insert into QMUSER.D_PARAMETER (ID_PARAMETER,ID_PLANT,ID_GROUPAREA,ID_COMPONENT,DISPLAY) values (1008,6,4,121,'H');
Insert into QMUSER.D_PARAMETER (ID_PARAMETER,ID_PLANT,ID_GROUPAREA,ID_COMPONENT,DISPLAY) values (1009,6,4,122,'H');
Insert into QMUSER.D_PARAMETER (ID_PARAMETER,ID_PLANT,ID_GROUPAREA,ID_COMPONENT,DISPLAY) values (1010,6,4,123,'H');
Insert into QMUSER.D_PARAMETER (ID_PARAMETER,ID_PLANT,ID_GROUPAREA,ID_COMPONENT,DISPLAY) values (1071,7,6,3,'D');
Insert into QMUSER.D_PARAMETER (ID_PARAMETER,ID_PLANT,ID_GROUPAREA,ID_COMPONENT,DISPLAY) values (1072,7,6,4,'D');
Insert into QMUSER.D_PARAMETER (ID_PARAMETER,ID_PLANT,ID_GROUPAREA,ID_COMPONENT,DISPLAY) values (1073,7,6,6,'D');
Insert into QMUSER.D_PARAMETER (ID_PARAMETER,ID_PLANT,ID_GROUPAREA,ID_COMPONENT,DISPLAY) values (1074,7,6,21,'D');
Insert into QMUSER.D_PARAMETER (ID_PARAMETER,ID_PLANT,ID_GROUPAREA,ID_COMPONENT,DISPLAY) values (1075,7,6,22,'D');
Insert into QMUSER.D_PARAMETER (ID_PARAMETER,ID_PLANT,ID_GROUPAREA,ID_COMPONENT,DISPLAY) values (1076,7,6,32,'D');
Insert into QMUSER.D_PARAMETER (ID_PARAMETER,ID_PLANT,ID_GROUPAREA,ID_COMPONENT,DISPLAY) values (1077,7,6,41,'D');
Insert into QMUSER.D_PARAMETER (ID_PARAMETER,ID_PLANT,ID_GROUPAREA,ID_COMPONENT,DISPLAY) values (1078,7,6,101,'D');
Insert into QMUSER.D_PARAMETER (ID_PARAMETER,ID_PLANT,ID_GROUPAREA,ID_COMPONENT,DISPLAY) values (1079,7,6,102,'D');
Insert into QMUSER.D_PARAMETER (ID_PARAMETER,ID_PLANT,ID_GROUPAREA,ID_COMPONENT,DISPLAY) values (1080,7,6,103,'D');
Insert into QMUSER.D_PARAMETER (ID_PARAMETER,ID_PLANT,ID_GROUPAREA,ID_COMPONENT,DISPLAY) values (1081,7,6,104,'D');
Insert into QMUSER.D_PARAMETER (ID_PARAMETER,ID_PLANT,ID_GROUPAREA,ID_COMPONENT,DISPLAY) values (1082,7,6,105,'D');
Insert into QMUSER.D_PARAMETER (ID_PARAMETER,ID_PLANT,ID_GROUPAREA,ID_COMPONENT,DISPLAY) values (1083,7,6,121,'D');
Insert into QMUSER.D_PARAMETER (ID_PARAMETER,ID_PLANT,ID_GROUPAREA,ID_COMPONENT,DISPLAY) values (1084,7,6,122,'D');
Insert into QMUSER.D_PARAMETER (ID_PARAMETER,ID_PLANT,ID_GROUPAREA,ID_COMPONENT,DISPLAY) values (1085,7,6,123,'D');
Insert into QMUSER.D_PARAMETER (ID_PARAMETER,ID_PLANT,ID_GROUPAREA,ID_COMPONENT,DISPLAY) values (1176,1,4,3,'H');
Insert into QMUSER.D_PARAMETER (ID_PARAMETER,ID_PLANT,ID_GROUPAREA,ID_COMPONENT,DISPLAY) values (1177,1,4,4,'H');
Insert into QMUSER.D_PARAMETER (ID_PARAMETER,ID_PLANT,ID_GROUPAREA,ID_COMPONENT,DISPLAY) values (1178,1,4,6,'H');
Insert into QMUSER.D_PARAMETER (ID_PARAMETER,ID_PLANT,ID_GROUPAREA,ID_COMPONENT,DISPLAY) values (1179,1,4,21,'H');
Insert into QMUSER.D_PARAMETER (ID_PARAMETER,ID_PLANT,ID_GROUPAREA,ID_COMPONENT,DISPLAY) values (1180,1,4,22,'H');
Insert into QMUSER.D_PARAMETER (ID_PARAMETER,ID_PLANT,ID_GROUPAREA,ID_COMPONENT,DISPLAY) values (1181,1,4,32,'H');
Insert into QMUSER.D_PARAMETER (ID_PARAMETER,ID_PLANT,ID_GROUPAREA,ID_COMPONENT,DISPLAY) values (1182,1,4,41,'H');
Insert into QMUSER.D_PARAMETER (ID_PARAMETER,ID_PLANT,ID_GROUPAREA,ID_COMPONENT,DISPLAY) values (1183,1,4,101,'H');
Insert into QMUSER.D_PARAMETER (ID_PARAMETER,ID_PLANT,ID_GROUPAREA,ID_COMPONENT,DISPLAY) values (1184,1,4,102,'H');
Insert into QMUSER.D_PARAMETER (ID_PARAMETER,ID_PLANT,ID_GROUPAREA,ID_COMPONENT,DISPLAY) values (1185,1,4,103,'H');
Insert into QMUSER.D_PARAMETER (ID_PARAMETER,ID_PLANT,ID_GROUPAREA,ID_COMPONENT,DISPLAY) values (1186,1,4,104,'H');
Insert into QMUSER.D_PARAMETER (ID_PARAMETER,ID_PLANT,ID_GROUPAREA,ID_COMPONENT,DISPLAY) values (1187,1,4,105,'H');
Insert into QMUSER.D_PARAMETER (ID_PARAMETER,ID_PLANT,ID_GROUPAREA,ID_COMPONENT,DISPLAY) values (1188,1,4,121,'H');
Insert into QMUSER.D_PARAMETER (ID_PARAMETER,ID_PLANT,ID_GROUPAREA,ID_COMPONENT,DISPLAY) values (1189,1,4,122,'H');
Insert into QMUSER.D_PARAMETER (ID_PARAMETER,ID_PLANT,ID_GROUPAREA,ID_COMPONENT,DISPLAY) values (1190,1,4,123,'H');
Insert into QMUSER.D_PARAMETER (ID_PARAMETER,ID_PLANT,ID_GROUPAREA,ID_COMPONENT,DISPLAY) values (1290,3,1,24,'D');
Insert into QMUSER.D_PARAMETER (ID_PARAMETER,ID_PLANT,ID_GROUPAREA,ID_COMPONENT,DISPLAY) values (1291,3,1,28,'D');
Insert into QMUSER.D_PARAMETER (ID_PARAMETER,ID_PLANT,ID_GROUPAREA,ID_COMPONENT,DISPLAY) values (1292,3,1,29,'D');
Insert into QMUSER.D_PARAMETER (ID_PARAMETER,ID_PLANT,ID_GROUPAREA,ID_COMPONENT,DISPLAY) values (1293,3,1,30,'D');
Insert into QMUSER.D_PARAMETER (ID_PARAMETER,ID_PLANT,ID_GROUPAREA,ID_COMPONENT,DISPLAY) values (1294,3,1,32,'D');
Insert into QMUSER.D_PARAMETER (ID_PARAMETER,ID_PLANT,ID_GROUPAREA,ID_COMPONENT,DISPLAY) values (1295,3,1,33,'D');
Insert into QMUSER.D_PARAMETER (ID_PARAMETER,ID_PLANT,ID_GROUPAREA,ID_COMPONENT,DISPLAY) values (1296,3,1,34,'D');
Insert into QMUSER.D_PARAMETER (ID_PARAMETER,ID_PLANT,ID_GROUPAREA,ID_COMPONENT,DISPLAY) values (1297,3,1,36,'D');
Insert into QMUSER.D_PARAMETER (ID_PARAMETER,ID_PLANT,ID_GROUPAREA,ID_COMPONENT,DISPLAY) values (1298,3,1,37,'D');
Insert into QMUSER.D_PARAMETER (ID_PARAMETER,ID_PLANT,ID_GROUPAREA,ID_COMPONENT,DISPLAY) values (1299,3,1,38,'D');
Insert into QMUSER.D_PARAMETER (ID_PARAMETER,ID_PLANT,ID_GROUPAREA,ID_COMPONENT,DISPLAY) values (1300,3,1,39,'D');
Insert into QMUSER.D_PARAMETER (ID_PARAMETER,ID_PLANT,ID_GROUPAREA,ID_COMPONENT,DISPLAY) values (1301,3,1,40,'D');
Insert into QMUSER.D_PARAMETER (ID_PARAMETER,ID_PLANT,ID_GROUPAREA,ID_COMPONENT,DISPLAY) values (1302,3,1,101,'D');
Insert into QMUSER.D_PARAMETER (ID_PARAMETER,ID_PLANT,ID_GROUPAREA,ID_COMPONENT,DISPLAY) values (1303,3,1,102,'D');
Insert into QMUSER.D_PARAMETER (ID_PARAMETER,ID_PLANT,ID_GROUPAREA,ID_COMPONENT,DISPLAY) values (1304,3,1,103,'D');
Insert into QMUSER.D_PARAMETER (ID_PARAMETER,ID_PLANT,ID_GROUPAREA,ID_COMPONENT,DISPLAY) values (1305,3,1,104,'D');
Insert into QMUSER.D_PARAMETER (ID_PARAMETER,ID_PLANT,ID_GROUPAREA,ID_COMPONENT,DISPLAY) values (1306,3,1,105,'D');
Insert into QMUSER.D_PARAMETER (ID_PARAMETER,ID_PLANT,ID_GROUPAREA,ID_COMPONENT,DISPLAY) values (1307,3,1,106,'D');
Insert into QMUSER.D_PARAMETER (ID_PARAMETER,ID_PLANT,ID_GROUPAREA,ID_COMPONENT,DISPLAY) values (1308,3,1,107,'D');
Insert into QMUSER.D_PARAMETER (ID_PARAMETER,ID_PLANT,ID_GROUPAREA,ID_COMPONENT,DISPLAY) values (1402,4,6,3,'D');
Insert into QMUSER.D_PARAMETER (ID_PARAMETER,ID_PLANT,ID_GROUPAREA,ID_COMPONENT,DISPLAY) values (1545,21,3,102,'H');
Insert into QMUSER.D_PARAMETER (ID_PARAMETER,ID_PLANT,ID_GROUPAREA,ID_COMPONENT,DISPLAY) values (1546,21,3,103,'H');
Insert into QMUSER.D_PARAMETER (ID_PARAMETER,ID_PLANT,ID_GROUPAREA,ID_COMPONENT,DISPLAY) values (1547,21,3,104,'H');
Insert into QMUSER.D_PARAMETER (ID_PARAMETER,ID_PLANT,ID_GROUPAREA,ID_COMPONENT,DISPLAY) values (1548,21,3,121,'H');
Insert into QMUSER.D_PARAMETER (ID_PARAMETER,ID_PLANT,ID_GROUPAREA,ID_COMPONENT,DISPLAY) values (1549,21,3,122,'H');
Insert into QMUSER.D_PARAMETER (ID_PARAMETER,ID_PLANT,ID_GROUPAREA,ID_COMPONENT,DISPLAY) values (1550,21,3,123,'H');
Insert into QMUSER.D_PARAMETER (ID_PARAMETER,ID_PLANT,ID_GROUPAREA,ID_COMPONENT,DISPLAY) values (1551,22,3,3,'H');
Insert into QMUSER.D_PARAMETER (ID_PARAMETER,ID_PLANT,ID_GROUPAREA,ID_COMPONENT,DISPLAY) values (1552,22,3,4,'H');
Insert into QMUSER.D_PARAMETER (ID_PARAMETER,ID_PLANT,ID_GROUPAREA,ID_COMPONENT,DISPLAY) values (1553,22,3,6,'H');
Insert into QMUSER.D_PARAMETER (ID_PARAMETER,ID_PLANT,ID_GROUPAREA,ID_COMPONENT,DISPLAY) values (1554,22,3,27,'H');
Insert into QMUSER.D_PARAMETER (ID_PARAMETER,ID_PLANT,ID_GROUPAREA,ID_COMPONENT,DISPLAY) values (1555,22,3,28,'H');
Insert into QMUSER.D_PARAMETER (ID_PARAMETER,ID_PLANT,ID_GROUPAREA,ID_COMPONENT,DISPLAY) values (1556,22,3,29,'H');
Insert into QMUSER.D_PARAMETER (ID_PARAMETER,ID_PLANT,ID_GROUPAREA,ID_COMPONENT,DISPLAY) values (1557,22,3,31,'H');
Insert into QMUSER.D_PARAMETER (ID_PARAMETER,ID_PLANT,ID_GROUPAREA,ID_COMPONENT,DISPLAY) values (1558,22,3,32,'H');
Insert into QMUSER.D_PARAMETER (ID_PARAMETER,ID_PLANT,ID_GROUPAREA,ID_COMPONENT,DISPLAY) values (1559,22,3,81,'H');
Insert into QMUSER.D_PARAMETER (ID_PARAMETER,ID_PLANT,ID_GROUPAREA,ID_COMPONENT,DISPLAY) values (1560,22,3,82,'H');
Insert into QMUSER.D_PARAMETER (ID_PARAMETER,ID_PLANT,ID_GROUPAREA,ID_COMPONENT,DISPLAY) values (1561,22,3,101,'H');
Insert into QMUSER.D_PARAMETER (ID_PARAMETER,ID_PLANT,ID_GROUPAREA,ID_COMPONENT,DISPLAY) values (1562,22,3,102,'H');
Insert into QMUSER.D_PARAMETER (ID_PARAMETER,ID_PLANT,ID_GROUPAREA,ID_COMPONENT,DISPLAY) values (1563,22,3,103,'H');
Insert into QMUSER.D_PARAMETER (ID_PARAMETER,ID_PLANT,ID_GROUPAREA,ID_COMPONENT,DISPLAY) values (1564,22,3,104,'H');
Insert into QMUSER.D_PARAMETER (ID_PARAMETER,ID_PLANT,ID_GROUPAREA,ID_COMPONENT,DISPLAY) values (1565,22,3,105,'H');
Insert into QMUSER.D_PARAMETER (ID_PARAMETER,ID_PLANT,ID_GROUPAREA,ID_COMPONENT,DISPLAY) values (1566,22,3,121,'H');
Insert into QMUSER.D_PARAMETER (ID_PARAMETER,ID_PLANT,ID_GROUPAREA,ID_COMPONENT,DISPLAY) values (1567,22,3,122,'H');
Insert into QMUSER.D_PARAMETER (ID_PARAMETER,ID_PLANT,ID_GROUPAREA,ID_COMPONENT,DISPLAY) values (1568,22,3,123,'H');
Insert into QMUSER.D_PARAMETER (ID_PARAMETER,ID_PLANT,ID_GROUPAREA,ID_COMPONENT,DISPLAY) values (1607,23,3,6,'D');
Insert into QMUSER.D_PARAMETER (ID_PARAMETER,ID_PLANT,ID_GROUPAREA,ID_COMPONENT,DISPLAY) values (1730,7,3,3,'D');
Insert into QMUSER.D_PARAMETER (ID_PARAMETER,ID_PLANT,ID_GROUPAREA,ID_COMPONENT,DISPLAY) values (1731,7,3,4,'D');
Insert into QMUSER.D_PARAMETER (ID_PARAMETER,ID_PLANT,ID_GROUPAREA,ID_COMPONENT,DISPLAY) values (1732,7,3,6,'D');
Insert into QMUSER.D_PARAMETER (ID_PARAMETER,ID_PLANT,ID_GROUPAREA,ID_COMPONENT,DISPLAY) values (1733,7,3,27,'D');
Insert into QMUSER.D_PARAMETER (ID_PARAMETER,ID_PLANT,ID_GROUPAREA,ID_COMPONENT,DISPLAY) values (1734,7,3,28,'D');
Insert into QMUSER.D_PARAMETER (ID_PARAMETER,ID_PLANT,ID_GROUPAREA,ID_COMPONENT,DISPLAY) values (1735,7,3,29,'D');
Insert into QMUSER.D_PARAMETER (ID_PARAMETER,ID_PLANT,ID_GROUPAREA,ID_COMPONENT,DISPLAY) values (1736,7,3,31,'D');
Insert into QMUSER.D_PARAMETER (ID_PARAMETER,ID_PLANT,ID_GROUPAREA,ID_COMPONENT,DISPLAY) values (1737,7,3,32,'D');
Insert into QMUSER.D_PARAMETER (ID_PARAMETER,ID_PLANT,ID_GROUPAREA,ID_COMPONENT,DISPLAY) values (1738,7,3,81,'D');
Insert into QMUSER.D_PARAMETER (ID_PARAMETER,ID_PLANT,ID_GROUPAREA,ID_COMPONENT,DISPLAY) values (1739,7,3,82,'D');
Insert into QMUSER.D_PARAMETER (ID_PARAMETER,ID_PLANT,ID_GROUPAREA,ID_COMPONENT,DISPLAY) values (1740,7,3,101,'D');
Insert into QMUSER.D_PARAMETER (ID_PARAMETER,ID_PLANT,ID_GROUPAREA,ID_COMPONENT,DISPLAY) values (1741,7,3,102,'D');
Insert into QMUSER.D_PARAMETER (ID_PARAMETER,ID_PLANT,ID_GROUPAREA,ID_COMPONENT,DISPLAY) values (1742,7,3,103,'D');
Insert into QMUSER.D_PARAMETER (ID_PARAMETER,ID_PLANT,ID_GROUPAREA,ID_COMPONENT,DISPLAY) values (1743,7,3,104,'D');
Insert into QMUSER.D_PARAMETER (ID_PARAMETER,ID_PLANT,ID_GROUPAREA,ID_COMPONENT,DISPLAY) values (1744,7,3,105,'D');
Insert into QMUSER.D_PARAMETER (ID_PARAMETER,ID_PLANT,ID_GROUPAREA,ID_COMPONENT,DISPLAY) values (1745,7,3,121,'D');
Insert into QMUSER.D_PARAMETER (ID_PARAMETER,ID_PLANT,ID_GROUPAREA,ID_COMPONENT,DISPLAY) values (1746,7,3,122,'D');
Insert into QMUSER.D_PARAMETER (ID_PARAMETER,ID_PLANT,ID_GROUPAREA,ID_COMPONENT,DISPLAY) values (1747,7,3,123,'D');
Insert into QMUSER.D_PARAMETER (ID_PARAMETER,ID_PLANT,ID_GROUPAREA,ID_COMPONENT,DISPLAY) values (1919,9,1,24,'H');
Insert into QMUSER.D_PARAMETER (ID_PARAMETER,ID_PLANT,ID_GROUPAREA,ID_COMPONENT,DISPLAY) values (1920,9,1,28,'H');
Insert into QMUSER.D_PARAMETER (ID_PARAMETER,ID_PLANT,ID_GROUPAREA,ID_COMPONENT,DISPLAY) values (1921,9,1,30,'H');
Insert into QMUSER.D_PARAMETER (ID_PARAMETER,ID_PLANT,ID_GROUPAREA,ID_COMPONENT,DISPLAY) values (1922,9,1,32,'H');
Insert into QMUSER.D_PARAMETER (ID_PARAMETER,ID_PLANT,ID_GROUPAREA,ID_COMPONENT,DISPLAY) values (1923,9,1,101,'H');
Insert into QMUSER.D_PARAMETER (ID_PARAMETER,ID_PLANT,ID_GROUPAREA,ID_COMPONENT,DISPLAY) values (1924,9,1,102,'H');
Insert into QMUSER.D_PARAMETER (ID_PARAMETER,ID_PLANT,ID_GROUPAREA,ID_COMPONENT,DISPLAY) values (1925,9,1,103,'H');
Insert into QMUSER.D_PARAMETER (ID_PARAMETER,ID_PLANT,ID_GROUPAREA,ID_COMPONENT,DISPLAY) values (1926,9,1,104,'H');
Insert into QMUSER.D_PARAMETER (ID_PARAMETER,ID_PLANT,ID_GROUPAREA,ID_COMPONENT,DISPLAY) values (1927,9,1,105,'H');
Insert into QMUSER.D_PARAMETER (ID_PARAMETER,ID_PLANT,ID_GROUPAREA,ID_COMPONENT,DISPLAY) values (1976,5,1,32,'H');
Insert into QMUSER.D_PARAMETER (ID_PARAMETER,ID_PLANT,ID_GROUPAREA,ID_COMPONENT,DISPLAY) values (1977,5,1,101,'H');
Insert into QMUSER.D_PARAMETER (ID_PARAMETER,ID_PLANT,ID_GROUPAREA,ID_COMPONENT,DISPLAY) values (1978,5,1,102,'H');
Insert into QMUSER.D_PARAMETER (ID_PARAMETER,ID_PLANT,ID_GROUPAREA,ID_COMPONENT,DISPLAY) values (1979,5,1,103,'H');
Insert into QMUSER.D_PARAMETER (ID_PARAMETER,ID_PLANT,ID_GROUPAREA,ID_COMPONENT,DISPLAY) values (1980,5,1,104,'H');
Insert into QMUSER.D_PARAMETER (ID_PARAMETER,ID_PLANT,ID_GROUPAREA,ID_COMPONENT,DISPLAY) values (1981,5,1,105,'H');
Insert into QMUSER.D_PARAMETER (ID_PARAMETER,ID_PLANT,ID_GROUPAREA,ID_COMPONENT,DISPLAY) values (1982,6,1,24,'H');
Insert into QMUSER.D_PARAMETER (ID_PARAMETER,ID_PLANT,ID_GROUPAREA,ID_COMPONENT,DISPLAY) values (1983,6,1,28,'H');
Insert into QMUSER.D_PARAMETER (ID_PARAMETER,ID_PLANT,ID_GROUPAREA,ID_COMPONENT,DISPLAY) values (1984,6,1,30,'H');
Insert into QMUSER.D_PARAMETER (ID_PARAMETER,ID_PLANT,ID_GROUPAREA,ID_COMPONENT,DISPLAY) values (1985,6,1,32,'H');
Insert into QMUSER.D_PARAMETER (ID_PARAMETER,ID_PLANT,ID_GROUPAREA,ID_COMPONENT,DISPLAY) values (1986,6,1,101,'H');
Insert into QMUSER.D_PARAMETER (ID_PARAMETER,ID_PLANT,ID_GROUPAREA,ID_COMPONENT,DISPLAY) values (1987,6,1,102,'H');
Insert into QMUSER.D_PARAMETER (ID_PARAMETER,ID_PLANT,ID_GROUPAREA,ID_COMPONENT,DISPLAY) values (1988,6,1,103,'H');
Insert into QMUSER.D_PARAMETER (ID_PARAMETER,ID_PLANT,ID_GROUPAREA,ID_COMPONENT,DISPLAY) values (1989,6,1,104,'H');
Insert into QMUSER.D_PARAMETER (ID_PARAMETER,ID_PLANT,ID_GROUPAREA,ID_COMPONENT,DISPLAY) values (1990,6,1,105,'H');
Insert into QMUSER.D_PARAMETER (ID_PARAMETER,ID_PLANT,ID_GROUPAREA,ID_COMPONENT,DISPLAY) values (1991,7,1,24,'H');
Insert into QMUSER.D_PARAMETER (ID_PARAMETER,ID_PLANT,ID_GROUPAREA,ID_COMPONENT,DISPLAY) values (1992,7,1,28,'H');
Insert into QMUSER.D_PARAMETER (ID_PARAMETER,ID_PLANT,ID_GROUPAREA,ID_COMPONENT,DISPLAY) values (1993,7,1,30,'H');
Insert into QMUSER.D_PARAMETER (ID_PARAMETER,ID_PLANT,ID_GROUPAREA,ID_COMPONENT,DISPLAY) values (1994,7,1,32,'H');
Insert into QMUSER.D_PARAMETER (ID_PARAMETER,ID_PLANT,ID_GROUPAREA,ID_COMPONENT,DISPLAY) values (1995,7,1,101,'H');
Insert into QMUSER.D_PARAMETER (ID_PARAMETER,ID_PLANT,ID_GROUPAREA,ID_COMPONENT,DISPLAY) values (1996,7,1,102,'H');
Insert into QMUSER.D_PARAMETER (ID_PARAMETER,ID_PLANT,ID_GROUPAREA,ID_COMPONENT,DISPLAY) values (1997,7,1,103,'H');
Insert into QMUSER.D_PARAMETER (ID_PARAMETER,ID_PLANT,ID_GROUPAREA,ID_COMPONENT,DISPLAY) values (1998,7,1,104,'H');
Insert into QMUSER.D_PARAMETER (ID_PARAMETER,ID_PLANT,ID_GROUPAREA,ID_COMPONENT,DISPLAY) values (1999,7,1,105,'H');
Insert into QMUSER.D_PARAMETER (ID_PARAMETER,ID_PLANT,ID_GROUPAREA,ID_COMPONENT,DISPLAY) values (2000,1,1,24,'H');
Insert into QMUSER.D_PARAMETER (ID_PARAMETER,ID_PLANT,ID_GROUPAREA,ID_COMPONENT,DISPLAY) values (2001,1,1,28,'H');
Insert into QMUSER.D_PARAMETER (ID_PARAMETER,ID_PLANT,ID_GROUPAREA,ID_COMPONENT,DISPLAY) values (2002,1,1,30,'H');
Insert into QMUSER.D_PARAMETER (ID_PARAMETER,ID_PLANT,ID_GROUPAREA,ID_COMPONENT,DISPLAY) values (2003,1,1,32,'H');
Insert into QMUSER.D_PARAMETER (ID_PARAMETER,ID_PLANT,ID_GROUPAREA,ID_COMPONENT,DISPLAY) values (2004,1,1,101,'H');
Insert into QMUSER.D_PARAMETER (ID_PARAMETER,ID_PLANT,ID_GROUPAREA,ID_COMPONENT,DISPLAY) values (2005,1,1,102,'H');
Insert into QMUSER.D_PARAMETER (ID_PARAMETER,ID_PLANT,ID_GROUPAREA,ID_COMPONENT,DISPLAY) values (2006,1,1,103,'H');
Insert into QMUSER.D_PARAMETER (ID_PARAMETER,ID_PLANT,ID_GROUPAREA,ID_COMPONENT,DISPLAY) values (2007,1,1,104,'H');
Insert into QMUSER.D_PARAMETER (ID_PARAMETER,ID_PLANT,ID_GROUPAREA,ID_COMPONENT,DISPLAY) values (2008,1,1,105,'H');
Insert into QMUSER.D_PARAMETER (ID_PARAMETER,ID_PLANT,ID_GROUPAREA,ID_COMPONENT,DISPLAY) values (2009,2,1,24,'H');
Insert into QMUSER.D_PARAMETER (ID_PARAMETER,ID_PLANT,ID_GROUPAREA,ID_COMPONENT,DISPLAY) values (2010,2,1,28,'H');
Insert into QMUSER.D_PARAMETER (ID_PARAMETER,ID_PLANT,ID_GROUPAREA,ID_COMPONENT,DISPLAY) values (2011,2,1,30,'H');
Insert into QMUSER.D_PARAMETER (ID_PARAMETER,ID_PLANT,ID_GROUPAREA,ID_COMPONENT,DISPLAY) values (2012,2,1,32,'H');
Insert into QMUSER.D_PARAMETER (ID_PARAMETER,ID_PLANT,ID_GROUPAREA,ID_COMPONENT,DISPLAY) values (2013,2,1,101,'H');
Insert into QMUSER.D_PARAMETER (ID_PARAMETER,ID_PLANT,ID_GROUPAREA,ID_COMPONENT,DISPLAY) values (2014,2,1,102,'H');
Insert into QMUSER.D_PARAMETER (ID_PARAMETER,ID_PLANT,ID_GROUPAREA,ID_COMPONENT,DISPLAY) values (2015,2,1,103,'H');
Insert into QMUSER.D_PARAMETER (ID_PARAMETER,ID_PLANT,ID_GROUPAREA,ID_COMPONENT,DISPLAY) values (2016,2,1,104,'H');
Insert into QMUSER.D_PARAMETER (ID_PARAMETER,ID_PLANT,ID_GROUPAREA,ID_COMPONENT,DISPLAY) values (2017,2,1,105,'H');
Insert into QMUSER.D_PARAMETER (ID_PARAMETER,ID_PLANT,ID_GROUPAREA,ID_COMPONENT,DISPLAY) values (2018,3,1,24,'H');
Insert into QMUSER.D_PARAMETER (ID_PARAMETER,ID_PLANT,ID_GROUPAREA,ID_COMPONENT,DISPLAY) values (2019,3,1,28,'H');
Insert into QMUSER.D_PARAMETER (ID_PARAMETER,ID_PLANT,ID_GROUPAREA,ID_COMPONENT,DISPLAY) values (2020,3,1,30,'H');
Insert into QMUSER.D_PARAMETER (ID_PARAMETER,ID_PLANT,ID_GROUPAREA,ID_COMPONENT,DISPLAY) values (2021,3,1,32,'H');
Insert into QMUSER.D_PARAMETER (ID_PARAMETER,ID_PLANT,ID_GROUPAREA,ID_COMPONENT,DISPLAY) values (2022,3,1,101,'H');
Insert into QMUSER.D_PARAMETER (ID_PARAMETER,ID_PLANT,ID_GROUPAREA,ID_COMPONENT,DISPLAY) values (2023,3,1,102,'H');
Insert into QMUSER.D_PARAMETER (ID_PARAMETER,ID_PLANT,ID_GROUPAREA,ID_COMPONENT,DISPLAY) values (2024,3,1,103,'H');
Insert into QMUSER.D_PARAMETER (ID_PARAMETER,ID_PLANT,ID_GROUPAREA,ID_COMPONENT,DISPLAY) values (2025,3,1,104,'H');
Insert into QMUSER.D_PARAMETER (ID_PARAMETER,ID_PLANT,ID_GROUPAREA,ID_COMPONENT,DISPLAY) values (2026,3,1,105,'H');
Insert into QMUSER.D_PARAMETER (ID_PARAMETER,ID_PLANT,ID_GROUPAREA,ID_COMPONENT,DISPLAY) values (2027,4,1,24,'H');
Insert into QMUSER.D_PARAMETER (ID_PARAMETER,ID_PLANT,ID_GROUPAREA,ID_COMPONENT,DISPLAY) values (2028,4,1,27,'H');
Insert into QMUSER.D_PARAMETER (ID_PARAMETER,ID_PLANT,ID_GROUPAREA,ID_COMPONENT,DISPLAY) values (2029,4,1,28,'H');
Insert into QMUSER.D_PARAMETER (ID_PARAMETER,ID_PLANT,ID_GROUPAREA,ID_COMPONENT,DISPLAY) values (2030,4,1,30,'H');
Insert into QMUSER.D_PARAMETER (ID_PARAMETER,ID_PLANT,ID_GROUPAREA,ID_COMPONENT,DISPLAY) values (2031,4,1,32,'H');
Insert into QMUSER.D_PARAMETER (ID_PARAMETER,ID_PLANT,ID_GROUPAREA,ID_COMPONENT,DISPLAY) values (2032,4,1,101,'H');
Insert into QMUSER.D_PARAMETER (ID_PARAMETER,ID_PLANT,ID_GROUPAREA,ID_COMPONENT,DISPLAY) values (2033,4,1,102,'H');
Insert into QMUSER.D_PARAMETER (ID_PARAMETER,ID_PLANT,ID_GROUPAREA,ID_COMPONENT,DISPLAY) values (2034,4,1,103,'H');
Insert into QMUSER.D_PARAMETER (ID_PARAMETER,ID_PLANT,ID_GROUPAREA,ID_COMPONENT,DISPLAY) values (2035,4,1,104,'H');
Insert into QMUSER.D_PARAMETER (ID_PARAMETER,ID_PLANT,ID_GROUPAREA,ID_COMPONENT,DISPLAY) values (2036,4,1,105,'H');
Insert into QMUSER.D_PARAMETER (ID_PARAMETER,ID_PLANT,ID_GROUPAREA,ID_COMPONENT,DISPLAY) values (2037,28,1,24,'H');
Insert into QMUSER.D_PARAMETER (ID_PARAMETER,ID_PLANT,ID_GROUPAREA,ID_COMPONENT,DISPLAY) values (2038,28,1,28,'H');
Insert into QMUSER.D_PARAMETER (ID_PARAMETER,ID_PLANT,ID_GROUPAREA,ID_COMPONENT,DISPLAY) values (2039,28,1,30,'H');
Insert into QMUSER.D_PARAMETER (ID_PARAMETER,ID_PLANT,ID_GROUPAREA,ID_COMPONENT,DISPLAY) values (2040,28,1,32,'H');
Insert into QMUSER.D_PARAMETER (ID_PARAMETER,ID_PLANT,ID_GROUPAREA,ID_COMPONENT,DISPLAY) values (2041,28,1,101,'H');
Insert into QMUSER.D_PARAMETER (ID_PARAMETER,ID_PLANT,ID_GROUPAREA,ID_COMPONENT,DISPLAY) values (2042,28,1,102,'H');
Insert into QMUSER.D_PARAMETER (ID_PARAMETER,ID_PLANT,ID_GROUPAREA,ID_COMPONENT,DISPLAY) values (2043,28,1,103,'H');
Insert into QMUSER.D_PARAMETER (ID_PARAMETER,ID_PLANT,ID_GROUPAREA,ID_COMPONENT,DISPLAY) values (2044,28,1,104,'H');
Insert into QMUSER.D_PARAMETER (ID_PARAMETER,ID_PLANT,ID_GROUPAREA,ID_COMPONENT,DISPLAY) values (2045,28,1,105,'H');
Insert into QMUSER.D_PARAMETER (ID_PARAMETER,ID_PLANT,ID_GROUPAREA,ID_COMPONENT,DISPLAY) values (2046,28,1,24,'H');
Insert into QMUSER.D_PARAMETER (ID_PARAMETER,ID_PLANT,ID_GROUPAREA,ID_COMPONENT,DISPLAY) values (2047,28,1,28,'H');
Insert into QMUSER.D_PARAMETER (ID_PARAMETER,ID_PLANT,ID_GROUPAREA,ID_COMPONENT,DISPLAY) values (2048,28,1,30,'H');
Insert into QMUSER.D_PARAMETER (ID_PARAMETER,ID_PLANT,ID_GROUPAREA,ID_COMPONENT,DISPLAY) values (2049,28,1,32,'H');
Insert into QMUSER.D_PARAMETER (ID_PARAMETER,ID_PLANT,ID_GROUPAREA,ID_COMPONENT,DISPLAY) values (2050,28,1,101,'H');
Insert into QMUSER.D_PARAMETER (ID_PARAMETER,ID_PLANT,ID_GROUPAREA,ID_COMPONENT,DISPLAY) values (2051,28,1,102,'H');
Insert into QMUSER.D_PARAMETER (ID_PARAMETER,ID_PLANT,ID_GROUPAREA,ID_COMPONENT,DISPLAY) values (2052,28,1,103,'H');
Insert into QMUSER.D_PARAMETER (ID_PARAMETER,ID_PLANT,ID_GROUPAREA,ID_COMPONENT,DISPLAY) values (2053,28,1,104,'H');
Insert into QMUSER.D_PARAMETER (ID_PARAMETER,ID_PLANT,ID_GROUPAREA,ID_COMPONENT,DISPLAY) values (2054,28,1,105,'H');
Insert into QMUSER.D_PARAMETER (ID_PARAMETER,ID_PLANT,ID_GROUPAREA,ID_COMPONENT,DISPLAY) values (2055,9,7,21,'D');
Insert into QMUSER.D_PARAMETER (ID_PARAMETER,ID_PLANT,ID_GROUPAREA,ID_COMPONENT,DISPLAY) values (2056,9,7,22,'D');
Insert into QMUSER.D_PARAMETER (ID_PARAMETER,ID_PLANT,ID_GROUPAREA,ID_COMPONENT,DISPLAY) values (2057,9,7,25,'D');
Insert into QMUSER.D_PARAMETER (ID_PARAMETER,ID_PLANT,ID_GROUPAREA,ID_COMPONENT,DISPLAY) values (2058,9,7,26,'D');
Insert into QMUSER.D_PARAMETER (ID_PARAMETER,ID_PLANT,ID_GROUPAREA,ID_COMPONENT,DISPLAY) values (2059,9,7,62,'D');
Insert into QMUSER.D_PARAMETER (ID_PARAMETER,ID_PLANT,ID_GROUPAREA,ID_COMPONENT,DISPLAY) values (2060,9,7,21,'H');
Insert into QMUSER.D_PARAMETER (ID_PARAMETER,ID_PLANT,ID_GROUPAREA,ID_COMPONENT,DISPLAY) values (2061,9,7,22,'H');
Insert into QMUSER.D_PARAMETER (ID_PARAMETER,ID_PLANT,ID_GROUPAREA,ID_COMPONENT,DISPLAY) values (2062,21,7,21,'D');
Insert into QMUSER.D_PARAMETER (ID_PARAMETER,ID_PLANT,ID_GROUPAREA,ID_COMPONENT,DISPLAY) values (2063,21,7,22,'D');
Insert into QMUSER.D_PARAMETER (ID_PARAMETER,ID_PLANT,ID_GROUPAREA,ID_COMPONENT,DISPLAY) values (2064,21,7,25,'D');
Insert into QMUSER.D_PARAMETER (ID_PARAMETER,ID_PLANT,ID_GROUPAREA,ID_COMPONENT,DISPLAY) values (2065,21,7,26,'D');
Insert into QMUSER.D_PARAMETER (ID_PARAMETER,ID_PLANT,ID_GROUPAREA,ID_COMPONENT,DISPLAY) values (2066,21,7,62,'D');
Insert into QMUSER.D_PARAMETER (ID_PARAMETER,ID_PLANT,ID_GROUPAREA,ID_COMPONENT,DISPLAY) values (2067,21,7,21,'H');
Insert into QMUSER.D_PARAMETER (ID_PARAMETER,ID_PLANT,ID_GROUPAREA,ID_COMPONENT,DISPLAY) values (2068,21,7,22,'H');
Insert into QMUSER.D_PARAMETER (ID_PARAMETER,ID_PLANT,ID_GROUPAREA,ID_COMPONENT,DISPLAY) values (2069,22,7,21,'H');
Insert into QMUSER.D_PARAMETER (ID_PARAMETER,ID_PLANT,ID_GROUPAREA,ID_COMPONENT,DISPLAY) values (2070,22,7,22,'H');
Insert into QMUSER.D_PARAMETER (ID_PARAMETER,ID_PLANT,ID_GROUPAREA,ID_COMPONENT,DISPLAY) values (2071,22,7,21,'D');
Insert into QMUSER.D_PARAMETER (ID_PARAMETER,ID_PLANT,ID_GROUPAREA,ID_COMPONENT,DISPLAY) values (2072,22,7,22,'D');
Insert into QMUSER.D_PARAMETER (ID_PARAMETER,ID_PLANT,ID_GROUPAREA,ID_COMPONENT,DISPLAY) values (2073,22,7,25,'D');
Insert into QMUSER.D_PARAMETER (ID_PARAMETER,ID_PLANT,ID_GROUPAREA,ID_COMPONENT,DISPLAY) values (2074,22,7,26,'D');
Insert into QMUSER.D_PARAMETER (ID_PARAMETER,ID_PLANT,ID_GROUPAREA,ID_COMPONENT,DISPLAY) values (2075,22,7,62,'D');
Insert into QMUSER.D_PARAMETER (ID_PARAMETER,ID_PLANT,ID_GROUPAREA,ID_COMPONENT,DISPLAY) values (2076,23,7,21,'D');
Insert into QMUSER.D_PARAMETER (ID_PARAMETER,ID_PLANT,ID_GROUPAREA,ID_COMPONENT,DISPLAY) values (2077,23,7,22,'D');
Insert into QMUSER.D_PARAMETER (ID_PARAMETER,ID_PLANT,ID_GROUPAREA,ID_COMPONENT,DISPLAY) values (2078,23,7,25,'D');
Insert into QMUSER.D_PARAMETER (ID_PARAMETER,ID_PLANT,ID_GROUPAREA,ID_COMPONENT,DISPLAY) values (2079,23,7,26,'D');
Insert into QMUSER.D_PARAMETER (ID_PARAMETER,ID_PLANT,ID_GROUPAREA,ID_COMPONENT,DISPLAY) values (2080,23,7,62,'D');
Insert into QMUSER.D_PARAMETER (ID_PARAMETER,ID_PLANT,ID_GROUPAREA,ID_COMPONENT,DISPLAY) values (2081,23,7,21,'H');
Insert into QMUSER.D_PARAMETER (ID_PARAMETER,ID_PLANT,ID_GROUPAREA,ID_COMPONENT,DISPLAY) values (2082,23,7,22,'H');
Insert into QMUSER.D_PARAMETER (ID_PARAMETER,ID_PLANT,ID_GROUPAREA,ID_COMPONENT,DISPLAY) values (2083,5,7,21,'H');
Insert into QMUSER.D_PARAMETER (ID_PARAMETER,ID_PLANT,ID_GROUPAREA,ID_COMPONENT,DISPLAY) values (2084,5,7,22,'H');
Insert into QMUSER.D_PARAMETER (ID_PARAMETER,ID_PLANT,ID_GROUPAREA,ID_COMPONENT,DISPLAY) values (343,9,1,28,'D');
Insert into QMUSER.D_PARAMETER (ID_PARAMETER,ID_PLANT,ID_GROUPAREA,ID_COMPONENT,DISPLAY) values (344,9,1,29,'D');
Insert into QMUSER.D_PARAMETER (ID_PARAMETER,ID_PLANT,ID_GROUPAREA,ID_COMPONENT,DISPLAY) values (345,9,1,30,'D');
Insert into QMUSER.D_PARAMETER (ID_PARAMETER,ID_PLANT,ID_GROUPAREA,ID_COMPONENT,DISPLAY) values (346,9,1,32,'D');
Insert into QMUSER.D_PARAMETER (ID_PARAMETER,ID_PLANT,ID_GROUPAREA,ID_COMPONENT,DISPLAY) values (347,9,1,33,'D');
Insert into QMUSER.D_PARAMETER (ID_PARAMETER,ID_PLANT,ID_GROUPAREA,ID_COMPONENT,DISPLAY) values (348,9,1,34,'D');
Insert into QMUSER.D_PARAMETER (ID_PARAMETER,ID_PLANT,ID_GROUPAREA,ID_COMPONENT,DISPLAY) values (349,9,1,35,'D');
Insert into QMUSER.D_PARAMETER (ID_PARAMETER,ID_PLANT,ID_GROUPAREA,ID_COMPONENT,DISPLAY) values (350,9,1,36,'D');
Insert into QMUSER.D_PARAMETER (ID_PARAMETER,ID_PLANT,ID_GROUPAREA,ID_COMPONENT,DISPLAY) values (351,9,1,37,'D');
Insert into QMUSER.D_PARAMETER (ID_PARAMETER,ID_PLANT,ID_GROUPAREA,ID_COMPONENT,DISPLAY) values (352,9,1,38,'D');
Insert into QMUSER.D_PARAMETER (ID_PARAMETER,ID_PLANT,ID_GROUPAREA,ID_COMPONENT,DISPLAY) values (353,9,1,39,'D');
Insert into QMUSER.D_PARAMETER (ID_PARAMETER,ID_PLANT,ID_GROUPAREA,ID_COMPONENT,DISPLAY) values (354,9,1,40,'D');
Insert into QMUSER.D_PARAMETER (ID_PARAMETER,ID_PLANT,ID_GROUPAREA,ID_COMPONENT,DISPLAY) values (355,9,1,101,'D');
Insert into QMUSER.D_PARAMETER (ID_PARAMETER,ID_PLANT,ID_GROUPAREA,ID_COMPONENT,DISPLAY) values (356,9,1,102,'D');
Insert into QMUSER.D_PARAMETER (ID_PARAMETER,ID_PLANT,ID_GROUPAREA,ID_COMPONENT,DISPLAY) values (357,9,1,103,'D');
Insert into QMUSER.D_PARAMETER (ID_PARAMETER,ID_PLANT,ID_GROUPAREA,ID_COMPONENT,DISPLAY) values (358,9,1,104,'D');
Insert into QMUSER.D_PARAMETER (ID_PARAMETER,ID_PLANT,ID_GROUPAREA,ID_COMPONENT,DISPLAY) values (341,9,1,24,'D');
Insert into QMUSER.D_PARAMETER (ID_PARAMETER,ID_PLANT,ID_GROUPAREA,ID_COMPONENT,DISPLAY) values (342,9,1,27,'D');
Insert into QMUSER.D_PARAMETER (ID_PARAMETER,ID_PLANT,ID_GROUPAREA,ID_COMPONENT,DISPLAY) values (359,9,1,105,'D');
Insert into QMUSER.D_PARAMETER (ID_PARAMETER,ID_PLANT,ID_GROUPAREA,ID_COMPONENT,DISPLAY) values (360,9,1,106,'D');
Insert into QMUSER.D_PARAMETER (ID_PARAMETER,ID_PLANT,ID_GROUPAREA,ID_COMPONENT,DISPLAY) values (361,9,1,107,'D');
Insert into QMUSER.D_PARAMETER (ID_PARAMETER,ID_PLANT,ID_GROUPAREA,ID_COMPONENT,DISPLAY) values (403,21,1,24,'D');
Insert into QMUSER.D_PARAMETER (ID_PARAMETER,ID_PLANT,ID_GROUPAREA,ID_COMPONENT,DISPLAY) values (404,21,1,28,'D');
Insert into QMUSER.D_PARAMETER (ID_PARAMETER,ID_PLANT,ID_GROUPAREA,ID_COMPONENT,DISPLAY) values (405,21,1,29,'D');
Insert into QMUSER.D_PARAMETER (ID_PARAMETER,ID_PLANT,ID_GROUPAREA,ID_COMPONENT,DISPLAY) values (406,21,1,30,'D');
Insert into QMUSER.D_PARAMETER (ID_PARAMETER,ID_PLANT,ID_GROUPAREA,ID_COMPONENT,DISPLAY) values (407,21,1,32,'D');
Insert into QMUSER.D_PARAMETER (ID_PARAMETER,ID_PLANT,ID_GROUPAREA,ID_COMPONENT,DISPLAY) values (408,21,1,33,'D');
Insert into QMUSER.D_PARAMETER (ID_PARAMETER,ID_PLANT,ID_GROUPAREA,ID_COMPONENT,DISPLAY) values (409,21,1,34,'D');
Insert into QMUSER.D_PARAMETER (ID_PARAMETER,ID_PLANT,ID_GROUPAREA,ID_COMPONENT,DISPLAY) values (410,21,1,35,'D');
Insert into QMUSER.D_PARAMETER (ID_PARAMETER,ID_PLANT,ID_GROUPAREA,ID_COMPONENT,DISPLAY) values (411,21,1,36,'D');
Insert into QMUSER.D_PARAMETER (ID_PARAMETER,ID_PLANT,ID_GROUPAREA,ID_COMPONENT,DISPLAY) values (412,21,1,37,'D');
Insert into QMUSER.D_PARAMETER (ID_PARAMETER,ID_PLANT,ID_GROUPAREA,ID_COMPONENT,DISPLAY) values (413,21,1,38,'D');
Insert into QMUSER.D_PARAMETER (ID_PARAMETER,ID_PLANT,ID_GROUPAREA,ID_COMPONENT,DISPLAY) values (414,21,1,39,'D');
Insert into QMUSER.D_PARAMETER (ID_PARAMETER,ID_PLANT,ID_GROUPAREA,ID_COMPONENT,DISPLAY) values (415,21,1,40,'D');
Insert into QMUSER.D_PARAMETER (ID_PARAMETER,ID_PLANT,ID_GROUPAREA,ID_COMPONENT,DISPLAY) values (416,21,1,101,'D');
Insert into QMUSER.D_PARAMETER (ID_PARAMETER,ID_PLANT,ID_GROUPAREA,ID_COMPONENT,DISPLAY) values (417,21,1,102,'D');
Insert into QMUSER.D_PARAMETER (ID_PARAMETER,ID_PLANT,ID_GROUPAREA,ID_COMPONENT,DISPLAY) values (418,21,1,103,'D');
Insert into QMUSER.D_PARAMETER (ID_PARAMETER,ID_PLANT,ID_GROUPAREA,ID_COMPONENT,DISPLAY) values (419,21,1,104,'D');
Insert into QMUSER.D_PARAMETER (ID_PARAMETER,ID_PLANT,ID_GROUPAREA,ID_COMPONENT,DISPLAY) values (420,21,1,105,'D');
Insert into QMUSER.D_PARAMETER (ID_PARAMETER,ID_PLANT,ID_GROUPAREA,ID_COMPONENT,DISPLAY) values (421,21,1,106,'D');
Insert into QMUSER.D_PARAMETER (ID_PARAMETER,ID_PLANT,ID_GROUPAREA,ID_COMPONENT,DISPLAY) values (422,21,1,107,'D');
Insert into QMUSER.D_PARAMETER (ID_PARAMETER,ID_PLANT,ID_GROUPAREA,ID_COMPONENT,DISPLAY) values (1277,2,4,6,'H');
Insert into QMUSER.D_PARAMETER (ID_PARAMETER,ID_PLANT,ID_GROUPAREA,ID_COMPONENT,DISPLAY) values (1278,2,4,21,'H');
Insert into QMUSER.D_PARAMETER (ID_PARAMETER,ID_PLANT,ID_GROUPAREA,ID_COMPONENT,DISPLAY) values (1279,2,4,22,'H');
Insert into QMUSER.D_PARAMETER (ID_PARAMETER,ID_PLANT,ID_GROUPAREA,ID_COMPONENT,DISPLAY) values (1280,2,4,32,'H');
Insert into QMUSER.D_PARAMETER (ID_PARAMETER,ID_PLANT,ID_GROUPAREA,ID_COMPONENT,DISPLAY) values (486,2,4,32,'D');
Insert into QMUSER.D_PARAMETER (ID_PARAMETER,ID_PLANT,ID_GROUPAREA,ID_COMPONENT,DISPLAY) values (1281,2,4,41,'H');
Insert into QMUSER.D_PARAMETER (ID_PARAMETER,ID_PLANT,ID_GROUPAREA,ID_COMPONENT,DISPLAY) values (1282,2,4,101,'H');
Insert into QMUSER.D_PARAMETER (ID_PARAMETER,ID_PLANT,ID_GROUPAREA,ID_COMPONENT,DISPLAY) values (1283,2,4,102,'H');
Insert into QMUSER.D_PARAMETER (ID_PARAMETER,ID_PLANT,ID_GROUPAREA,ID_COMPONENT,DISPLAY) values (1284,2,4,103,'H');
Insert into QMUSER.D_PARAMETER (ID_PARAMETER,ID_PLANT,ID_GROUPAREA,ID_COMPONENT,DISPLAY) values (1285,2,4,104,'H');
Insert into QMUSER.D_PARAMETER (ID_PARAMETER,ID_PLANT,ID_GROUPAREA,ID_COMPONENT,DISPLAY) values (1286,2,4,105,'H');
Insert into QMUSER.D_PARAMETER (ID_PARAMETER,ID_PLANT,ID_GROUPAREA,ID_COMPONENT,DISPLAY) values (1287,2,4,121,'H');
Insert into QMUSER.D_PARAMETER (ID_PARAMETER,ID_PLANT,ID_GROUPAREA,ID_COMPONENT,DISPLAY) values (494,2,4,101,'D');
Insert into QMUSER.D_PARAMETER (ID_PARAMETER,ID_PLANT,ID_GROUPAREA,ID_COMPONENT,DISPLAY) values (495,2,4,102,'D');
Insert into QMUSER.D_PARAMETER (ID_PARAMETER,ID_PLANT,ID_GROUPAREA,ID_COMPONENT,DISPLAY) values (496,2,4,103,'D');
Insert into QMUSER.D_PARAMETER (ID_PARAMETER,ID_PLANT,ID_GROUPAREA,ID_COMPONENT,DISPLAY) values (497,2,4,104,'D');
Insert into QMUSER.D_PARAMETER (ID_PARAMETER,ID_PLANT,ID_GROUPAREA,ID_COMPONENT,DISPLAY) values (498,2,4,105,'D');
Insert into QMUSER.D_PARAMETER (ID_PARAMETER,ID_PLANT,ID_GROUPAREA,ID_COMPONENT,DISPLAY) values (1288,2,4,122,'H');
Insert into QMUSER.D_PARAMETER (ID_PARAMETER,ID_PLANT,ID_GROUPAREA,ID_COMPONENT,DISPLAY) values (1289,2,4,123,'H');
Insert into QMUSER.D_PARAMETER (ID_PARAMETER,ID_PLANT,ID_GROUPAREA,ID_COMPONENT,DISPLAY) values (761,21,4,6,'D');
Insert into QMUSER.D_PARAMETER (ID_PARAMETER,ID_PLANT,ID_GROUPAREA,ID_COMPONENT,DISPLAY) values (762,21,4,21,'D');
Insert into QMUSER.D_PARAMETER (ID_PARAMETER,ID_PLANT,ID_GROUPAREA,ID_COMPONENT,DISPLAY) values (763,21,4,22,'D');
Insert into QMUSER.D_PARAMETER (ID_PARAMETER,ID_PLANT,ID_GROUPAREA,ID_COMPONENT,DISPLAY) values (764,21,4,32,'D');
Insert into QMUSER.D_PARAMETER (ID_PARAMETER,ID_PLANT,ID_GROUPAREA,ID_COMPONENT,DISPLAY) values (765,21,4,41,'D');
Insert into QMUSER.D_PARAMETER (ID_PARAMETER,ID_PLANT,ID_GROUPAREA,ID_COMPONENT,DISPLAY) values (683,21,4,32,'D');
Insert into QMUSER.D_PARAMETER (ID_PARAMETER,ID_PLANT,ID_GROUPAREA,ID_COMPONENT,DISPLAY) values (766,21,4,101,'D');
Insert into QMUSER.D_PARAMETER (ID_PARAMETER,ID_PLANT,ID_GROUPAREA,ID_COMPONENT,DISPLAY) values (767,21,4,102,'D');
Insert into QMUSER.D_PARAMETER (ID_PARAMETER,ID_PLANT,ID_GROUPAREA,ID_COMPONENT,DISPLAY) values (768,21,4,103,'D');
Insert into QMUSER.D_PARAMETER (ID_PARAMETER,ID_PLANT,ID_GROUPAREA,ID_COMPONENT,DISPLAY) values (769,21,4,104,'D');
Insert into QMUSER.D_PARAMETER (ID_PARAMETER,ID_PLANT,ID_GROUPAREA,ID_COMPONENT,DISPLAY) values (770,21,4,105,'D');
Insert into QMUSER.D_PARAMETER (ID_PARAMETER,ID_PLANT,ID_GROUPAREA,ID_COMPONENT,DISPLAY) values (771,21,4,121,'D');
Insert into QMUSER.D_PARAMETER (ID_PARAMETER,ID_PLANT,ID_GROUPAREA,ID_COMPONENT,DISPLAY) values (772,21,4,122,'D');
Insert into QMUSER.D_PARAMETER (ID_PARAMETER,ID_PLANT,ID_GROUPAREA,ID_COMPONENT,DISPLAY) values (773,21,4,123,'D');
Insert into QMUSER.D_PARAMETER (ID_PARAMETER,ID_PLANT,ID_GROUPAREA,ID_COMPONENT,DISPLAY) values (692,21,4,101,'D');
Insert into QMUSER.D_PARAMETER (ID_PARAMETER,ID_PLANT,ID_GROUPAREA,ID_COMPONENT,DISPLAY) values (693,21,4,102,'D');
Insert into QMUSER.D_PARAMETER (ID_PARAMETER,ID_PLANT,ID_GROUPAREA,ID_COMPONENT,DISPLAY) values (694,21,4,103,'D');
Insert into QMUSER.D_PARAMETER (ID_PARAMETER,ID_PLANT,ID_GROUPAREA,ID_COMPONENT,DISPLAY) values (695,21,4,104,'D');
Insert into QMUSER.D_PARAMETER (ID_PARAMETER,ID_PLANT,ID_GROUPAREA,ID_COMPONENT,DISPLAY) values (696,21,4,105,'D');
Insert into QMUSER.D_PARAMETER (ID_PARAMETER,ID_PLANT,ID_GROUPAREA,ID_COMPONENT,DISPLAY) values (817,9,6,3,'H');
Insert into QMUSER.D_PARAMETER (ID_PARAMETER,ID_PLANT,ID_GROUPAREA,ID_COMPONENT,DISPLAY) values (818,9,6,4,'H');
Insert into QMUSER.D_PARAMETER (ID_PARAMETER,ID_PLANT,ID_GROUPAREA,ID_COMPONENT,DISPLAY) values (699,22,4,3,'D');
Insert into QMUSER.D_PARAMETER (ID_PARAMETER,ID_PLANT,ID_GROUPAREA,ID_COMPONENT,DISPLAY) values (700,22,4,4,'D');
Insert into QMUSER.D_PARAMETER (ID_PARAMETER,ID_PLANT,ID_GROUPAREA,ID_COMPONENT,DISPLAY) values (701,22,4,6,'D');
Insert into QMUSER.D_PARAMETER (ID_PARAMETER,ID_PLANT,ID_GROUPAREA,ID_COMPONENT,DISPLAY) values (702,22,4,21,'D');
Insert into QMUSER.D_PARAMETER (ID_PARAMETER,ID_PLANT,ID_GROUPAREA,ID_COMPONENT,DISPLAY) values (703,22,4,22,'D');
Insert into QMUSER.D_PARAMETER (ID_PARAMETER,ID_PLANT,ID_GROUPAREA,ID_COMPONENT,DISPLAY) values (704,22,4,32,'D');
Insert into QMUSER.D_PARAMETER (ID_PARAMETER,ID_PLANT,ID_GROUPAREA,ID_COMPONENT,DISPLAY) values (705,22,4,41,'D');
Insert into QMUSER.D_PARAMETER (ID_PARAMETER,ID_PLANT,ID_GROUPAREA,ID_COMPONENT,DISPLAY) values (706,22,4,101,'D');
Insert into QMUSER.D_PARAMETER (ID_PARAMETER,ID_PLANT,ID_GROUPAREA,ID_COMPONENT,DISPLAY) values (707,22,4,102,'D');
Insert into QMUSER.D_PARAMETER (ID_PARAMETER,ID_PLANT,ID_GROUPAREA,ID_COMPONENT,DISPLAY) values (708,22,4,103,'D');
Insert into QMUSER.D_PARAMETER (ID_PARAMETER,ID_PLANT,ID_GROUPAREA,ID_COMPONENT,DISPLAY) values (709,22,4,104,'D');
Insert into QMUSER.D_PARAMETER (ID_PARAMETER,ID_PLANT,ID_GROUPAREA,ID_COMPONENT,DISPLAY) values (710,22,4,105,'D');
Insert into QMUSER.D_PARAMETER (ID_PARAMETER,ID_PLANT,ID_GROUPAREA,ID_COMPONENT,DISPLAY) values (711,22,4,121,'D');
Insert into QMUSER.D_PARAMETER (ID_PARAMETER,ID_PLANT,ID_GROUPAREA,ID_COMPONENT,DISPLAY) values (712,22,4,122,'D');
Insert into QMUSER.D_PARAMETER (ID_PARAMETER,ID_PLANT,ID_GROUPAREA,ID_COMPONENT,DISPLAY) values (713,22,4,123,'D');
Insert into QMUSER.D_PARAMETER (ID_PARAMETER,ID_PLANT,ID_GROUPAREA,ID_COMPONENT,DISPLAY) values (744,22,6,3,'D');
Insert into QMUSER.D_PARAMETER (ID_PARAMETER,ID_PLANT,ID_GROUPAREA,ID_COMPONENT,DISPLAY) values (745,22,6,4,'D');
Insert into QMUSER.D_PARAMETER (ID_PARAMETER,ID_PLANT,ID_GROUPAREA,ID_COMPONENT,DISPLAY) values (746,22,6,6,'D');
Insert into QMUSER.D_PARAMETER (ID_PARAMETER,ID_PLANT,ID_GROUPAREA,ID_COMPONENT,DISPLAY) values (747,22,6,21,'D');
Insert into QMUSER.D_PARAMETER (ID_PARAMETER,ID_PLANT,ID_GROUPAREA,ID_COMPONENT,DISPLAY) values (748,22,6,22,'D');
Insert into QMUSER.D_PARAMETER (ID_PARAMETER,ID_PLANT,ID_GROUPAREA,ID_COMPONENT,DISPLAY) values (749,22,6,32,'D');
Insert into QMUSER.D_PARAMETER (ID_PARAMETER,ID_PLANT,ID_GROUPAREA,ID_COMPONENT,DISPLAY) values (750,22,6,41,'D');
Insert into QMUSER.D_PARAMETER (ID_PARAMETER,ID_PLANT,ID_GROUPAREA,ID_COMPONENT,DISPLAY) values (751,22,6,101,'D');
Insert into QMUSER.D_PARAMETER (ID_PARAMETER,ID_PLANT,ID_GROUPAREA,ID_COMPONENT,DISPLAY) values (752,22,6,102,'D');
Insert into QMUSER.D_PARAMETER (ID_PARAMETER,ID_PLANT,ID_GROUPAREA,ID_COMPONENT,DISPLAY) values (753,22,6,103,'D');
Insert into QMUSER.D_PARAMETER (ID_PARAMETER,ID_PLANT,ID_GROUPAREA,ID_COMPONENT,DISPLAY) values (754,22,6,104,'D');
Insert into QMUSER.D_PARAMETER (ID_PARAMETER,ID_PLANT,ID_GROUPAREA,ID_COMPONENT,DISPLAY) values (755,22,6,105,'D');
Insert into QMUSER.D_PARAMETER (ID_PARAMETER,ID_PLANT,ID_GROUPAREA,ID_COMPONENT,DISPLAY) values (756,22,6,121,'D');
Insert into QMUSER.D_PARAMETER (ID_PARAMETER,ID_PLANT,ID_GROUPAREA,ID_COMPONENT,DISPLAY) values (757,22,6,122,'D');
Insert into QMUSER.D_PARAMETER (ID_PARAMETER,ID_PLANT,ID_GROUPAREA,ID_COMPONENT,DISPLAY) values (758,22,6,123,'D');
Insert into QMUSER.D_PARAMETER (ID_PARAMETER,ID_PLANT,ID_GROUPAREA,ID_COMPONENT,DISPLAY) values (759,21,4,3,'D');
Insert into QMUSER.D_PARAMETER (ID_PARAMETER,ID_PLANT,ID_GROUPAREA,ID_COMPONENT,DISPLAY) values (760,21,4,4,'D');
Insert into QMUSER.D_PARAMETER (ID_PARAMETER,ID_PLANT,ID_GROUPAREA,ID_COMPONENT,DISPLAY) values (819,9,6,6,'H');
Insert into QMUSER.D_PARAMETER (ID_PARAMETER,ID_PLANT,ID_GROUPAREA,ID_COMPONENT,DISPLAY) values (820,9,6,21,'H');
Insert into QMUSER.D_PARAMETER (ID_PARAMETER,ID_PLANT,ID_GROUPAREA,ID_COMPONENT,DISPLAY) values (821,9,6,22,'H');
Insert into QMUSER.D_PARAMETER (ID_PARAMETER,ID_PLANT,ID_GROUPAREA,ID_COMPONENT,DISPLAY) values (822,9,6,32,'H');
Insert into QMUSER.D_PARAMETER (ID_PARAMETER,ID_PLANT,ID_GROUPAREA,ID_COMPONENT,DISPLAY) values (823,9,6,41,'H');
Insert into QMUSER.D_PARAMETER (ID_PARAMETER,ID_PLANT,ID_GROUPAREA,ID_COMPONENT,DISPLAY) values (824,9,6,101,'H');
Insert into QMUSER.D_PARAMETER (ID_PARAMETER,ID_PLANT,ID_GROUPAREA,ID_COMPONENT,DISPLAY) values (825,9,6,102,'H');
Insert into QMUSER.D_PARAMETER (ID_PARAMETER,ID_PLANT,ID_GROUPAREA,ID_COMPONENT,DISPLAY) values (826,9,6,103,'H');
Insert into QMUSER.D_PARAMETER (ID_PARAMETER,ID_PLANT,ID_GROUPAREA,ID_COMPONENT,DISPLAY) values (827,9,6,104,'H');
Insert into QMUSER.D_PARAMETER (ID_PARAMETER,ID_PLANT,ID_GROUPAREA,ID_COMPONENT,DISPLAY) values (828,9,6,105,'H');
Insert into QMUSER.D_PARAMETER (ID_PARAMETER,ID_PLANT,ID_GROUPAREA,ID_COMPONENT,DISPLAY) values (829,9,6,121,'H');
Insert into QMUSER.D_PARAMETER (ID_PARAMETER,ID_PLANT,ID_GROUPAREA,ID_COMPONENT,DISPLAY) values (830,9,6,122,'H');
Insert into QMUSER.D_PARAMETER (ID_PARAMETER,ID_PLANT,ID_GROUPAREA,ID_COMPONENT,DISPLAY) values (831,9,6,123,'H');
Insert into QMUSER.D_PARAMETER (ID_PARAMETER,ID_PLANT,ID_GROUPAREA,ID_COMPONENT,DISPLAY) values (847,21,6,3,'H');
Insert into QMUSER.D_PARAMETER (ID_PARAMETER,ID_PLANT,ID_GROUPAREA,ID_COMPONENT,DISPLAY) values (848,21,6,4,'H');
Insert into QMUSER.D_PARAMETER (ID_PARAMETER,ID_PLANT,ID_GROUPAREA,ID_COMPONENT,DISPLAY) values (849,21,6,6,'H');
Insert into QMUSER.D_PARAMETER (ID_PARAMETER,ID_PLANT,ID_GROUPAREA,ID_COMPONENT,DISPLAY) values (850,21,6,21,'H');
Insert into QMUSER.D_PARAMETER (ID_PARAMETER,ID_PLANT,ID_GROUPAREA,ID_COMPONENT,DISPLAY) values (851,21,6,22,'H');
Insert into QMUSER.D_PARAMETER (ID_PARAMETER,ID_PLANT,ID_GROUPAREA,ID_COMPONENT,DISPLAY) values (852,21,6,32,'H');
Insert into QMUSER.D_PARAMETER (ID_PARAMETER,ID_PLANT,ID_GROUPAREA,ID_COMPONENT,DISPLAY) values (853,21,6,41,'H');
Insert into QMUSER.D_PARAMETER (ID_PARAMETER,ID_PLANT,ID_GROUPAREA,ID_COMPONENT,DISPLAY) values (854,21,6,101,'H');
Insert into QMUSER.D_PARAMETER (ID_PARAMETER,ID_PLANT,ID_GROUPAREA,ID_COMPONENT,DISPLAY) values (855,21,6,102,'H');
Insert into QMUSER.D_PARAMETER (ID_PARAMETER,ID_PLANT,ID_GROUPAREA,ID_COMPONENT,DISPLAY) values (856,21,6,103,'H');
Insert into QMUSER.D_PARAMETER (ID_PARAMETER,ID_PLANT,ID_GROUPAREA,ID_COMPONENT,DISPLAY) values (857,21,6,104,'H');
Insert into QMUSER.D_PARAMETER (ID_PARAMETER,ID_PLANT,ID_GROUPAREA,ID_COMPONENT,DISPLAY) values (858,21,6,105,'H');
Insert into QMUSER.D_PARAMETER (ID_PARAMETER,ID_PLANT,ID_GROUPAREA,ID_COMPONENT,DISPLAY) values (859,21,6,121,'H');
Insert into QMUSER.D_PARAMETER (ID_PARAMETER,ID_PLANT,ID_GROUPAREA,ID_COMPONENT,DISPLAY) values (860,21,6,122,'H');
Insert into QMUSER.D_PARAMETER (ID_PARAMETER,ID_PLANT,ID_GROUPAREA,ID_COMPONENT,DISPLAY) values (861,21,6,123,'H');
Insert into QMUSER.D_PARAMETER (ID_PARAMETER,ID_PLANT,ID_GROUPAREA,ID_COMPONENT,DISPLAY) values (981,5,6,3,'H');
Insert into QMUSER.D_PARAMETER (ID_PARAMETER,ID_PLANT,ID_GROUPAREA,ID_COMPONENT,DISPLAY) values (982,5,6,4,'H');
Insert into QMUSER.D_PARAMETER (ID_PARAMETER,ID_PLANT,ID_GROUPAREA,ID_COMPONENT,DISPLAY) values (983,5,6,6,'H');
Insert into QMUSER.D_PARAMETER (ID_PARAMETER,ID_PLANT,ID_GROUPAREA,ID_COMPONENT,DISPLAY) values (984,5,6,21,'H');
Insert into QMUSER.D_PARAMETER (ID_PARAMETER,ID_PLANT,ID_GROUPAREA,ID_COMPONENT,DISPLAY) values (985,5,6,22,'H');
Insert into QMUSER.D_PARAMETER (ID_PARAMETER,ID_PLANT,ID_GROUPAREA,ID_COMPONENT,DISPLAY) values (986,5,6,32,'H');
Insert into QMUSER.D_PARAMETER (ID_PARAMETER,ID_PLANT,ID_GROUPAREA,ID_COMPONENT,DISPLAY) values (987,5,6,41,'H');
Insert into QMUSER.D_PARAMETER (ID_PARAMETER,ID_PLANT,ID_GROUPAREA,ID_COMPONENT,DISPLAY) values (988,5,6,101,'H');
Insert into QMUSER.D_PARAMETER (ID_PARAMETER,ID_PLANT,ID_GROUPAREA,ID_COMPONENT,DISPLAY) values (989,5,6,102,'H');
Insert into QMUSER.D_PARAMETER (ID_PARAMETER,ID_PLANT,ID_GROUPAREA,ID_COMPONENT,DISPLAY) values (990,5,6,103,'H');
Insert into QMUSER.D_PARAMETER (ID_PARAMETER,ID_PLANT,ID_GROUPAREA,ID_COMPONENT,DISPLAY) values (991,5,6,104,'H');
Insert into QMUSER.D_PARAMETER (ID_PARAMETER,ID_PLANT,ID_GROUPAREA,ID_COMPONENT,DISPLAY) values (992,5,6,105,'H');
Insert into QMUSER.D_PARAMETER (ID_PARAMETER,ID_PLANT,ID_GROUPAREA,ID_COMPONENT,DISPLAY) values (993,5,6,121,'H');
Insert into QMUSER.D_PARAMETER (ID_PARAMETER,ID_PLANT,ID_GROUPAREA,ID_COMPONENT,DISPLAY) values (994,5,6,122,'H');
Insert into QMUSER.D_PARAMETER (ID_PARAMETER,ID_PLANT,ID_GROUPAREA,ID_COMPONENT,DISPLAY) values (995,5,6,123,'H');
Insert into QMUSER.D_PARAMETER (ID_PARAMETER,ID_PLANT,ID_GROUPAREA,ID_COMPONENT,DISPLAY) values (1041,6,4,3,'D');
Insert into QMUSER.D_PARAMETER (ID_PARAMETER,ID_PLANT,ID_GROUPAREA,ID_COMPONENT,DISPLAY) values (1042,6,4,4,'D');
Insert into QMUSER.D_PARAMETER (ID_PARAMETER,ID_PLANT,ID_GROUPAREA,ID_COMPONENT,DISPLAY) values (1043,6,4,6,'D');
Insert into QMUSER.D_PARAMETER (ID_PARAMETER,ID_PLANT,ID_GROUPAREA,ID_COMPONENT,DISPLAY) values (1044,6,4,21,'D');
Insert into QMUSER.D_PARAMETER (ID_PARAMETER,ID_PLANT,ID_GROUPAREA,ID_COMPONENT,DISPLAY) values (1045,6,4,22,'D');
Insert into QMUSER.D_PARAMETER (ID_PARAMETER,ID_PLANT,ID_GROUPAREA,ID_COMPONENT,DISPLAY) values (1046,6,4,32,'D');
Insert into QMUSER.D_PARAMETER (ID_PARAMETER,ID_PLANT,ID_GROUPAREA,ID_COMPONENT,DISPLAY) values (1047,6,4,41,'D');
Insert into QMUSER.D_PARAMETER (ID_PARAMETER,ID_PLANT,ID_GROUPAREA,ID_COMPONENT,DISPLAY) values (1048,6,4,101,'D');
Insert into QMUSER.D_PARAMETER (ID_PARAMETER,ID_PLANT,ID_GROUPAREA,ID_COMPONENT,DISPLAY) values (1049,6,4,102,'D');
Insert into QMUSER.D_PARAMETER (ID_PARAMETER,ID_PLANT,ID_GROUPAREA,ID_COMPONENT,DISPLAY) values (1050,6,4,103,'D');
Insert into QMUSER.D_PARAMETER (ID_PARAMETER,ID_PLANT,ID_GROUPAREA,ID_COMPONENT,DISPLAY) values (1051,6,4,104,'D');
Insert into QMUSER.D_PARAMETER (ID_PARAMETER,ID_PLANT,ID_GROUPAREA,ID_COMPONENT,DISPLAY) values (1052,6,4,105,'D');
Insert into QMUSER.D_PARAMETER (ID_PARAMETER,ID_PLANT,ID_GROUPAREA,ID_COMPONENT,DISPLAY) values (1053,6,4,121,'D');
Insert into QMUSER.D_PARAMETER (ID_PARAMETER,ID_PLANT,ID_GROUPAREA,ID_COMPONENT,DISPLAY) values (1054,6,4,122,'D');
Insert into QMUSER.D_PARAMETER (ID_PARAMETER,ID_PLANT,ID_GROUPAREA,ID_COMPONENT,DISPLAY) values (1055,6,4,123,'D');
Insert into QMUSER.D_PARAMETER (ID_PARAMETER,ID_PLANT,ID_GROUPAREA,ID_COMPONENT,DISPLAY) values (1275,2,4,3,'H');
Insert into QMUSER.D_PARAMETER (ID_PARAMETER,ID_PLANT,ID_GROUPAREA,ID_COMPONENT,DISPLAY) values (1276,2,4,4,'H');
Insert into QMUSER.D_PARAMETER (ID_PARAMETER,ID_PLANT,ID_GROUPAREA,ID_COMPONENT,DISPLAY) values (1462,9,3,3,'D');
Insert into QMUSER.D_PARAMETER (ID_PARAMETER,ID_PLANT,ID_GROUPAREA,ID_COMPONENT,DISPLAY) values (1463,9,3,4,'D');
Insert into QMUSER.D_PARAMETER (ID_PARAMETER,ID_PLANT,ID_GROUPAREA,ID_COMPONENT,DISPLAY) values (1464,9,3,6,'D');
Insert into QMUSER.D_PARAMETER (ID_PARAMETER,ID_PLANT,ID_GROUPAREA,ID_COMPONENT,DISPLAY) values (1518,21,3,6,'D');
Insert into QMUSER.D_PARAMETER (ID_PARAMETER,ID_PLANT,ID_GROUPAREA,ID_COMPONENT,DISPLAY) values (1466,9,3,27,'D');
Insert into QMUSER.D_PARAMETER (ID_PARAMETER,ID_PLANT,ID_GROUPAREA,ID_COMPONENT,DISPLAY) values (1467,9,3,28,'D');
Insert into QMUSER.D_PARAMETER (ID_PARAMETER,ID_PLANT,ID_GROUPAREA,ID_COMPONENT,DISPLAY) values (1468,9,3,29,'D');
Insert into QMUSER.D_PARAMETER (ID_PARAMETER,ID_PLANT,ID_GROUPAREA,ID_COMPONENT,DISPLAY) values (1469,9,3,31,'D');
Insert into QMUSER.D_PARAMETER (ID_PARAMETER,ID_PLANT,ID_GROUPAREA,ID_COMPONENT,DISPLAY) values (1470,9,3,32,'D');
Insert into QMUSER.D_PARAMETER (ID_PARAMETER,ID_PLANT,ID_GROUPAREA,ID_COMPONENT,DISPLAY) values (1471,9,3,82,'D');
Insert into QMUSER.D_PARAMETER (ID_PARAMETER,ID_PLANT,ID_GROUPAREA,ID_COMPONENT,DISPLAY) values (1472,9,3,101,'D');
Insert into QMUSER.D_PARAMETER (ID_PARAMETER,ID_PLANT,ID_GROUPAREA,ID_COMPONENT,DISPLAY) values (1473,9,3,102,'D');
Insert into QMUSER.D_PARAMETER (ID_PARAMETER,ID_PLANT,ID_GROUPAREA,ID_COMPONENT,DISPLAY) values (1474,9,3,103,'D');
Insert into QMUSER.D_PARAMETER (ID_PARAMETER,ID_PLANT,ID_GROUPAREA,ID_COMPONENT,DISPLAY) values (1475,9,3,104,'D');
Insert into QMUSER.D_PARAMETER (ID_PARAMETER,ID_PLANT,ID_GROUPAREA,ID_COMPONENT,DISPLAY) values (1476,9,3,105,'D');
Insert into QMUSER.D_PARAMETER (ID_PARAMETER,ID_PLANT,ID_GROUPAREA,ID_COMPONENT,DISPLAY) values (1477,9,3,121,'D');
Insert into QMUSER.D_PARAMETER (ID_PARAMETER,ID_PLANT,ID_GROUPAREA,ID_COMPONENT,DISPLAY) values (1478,9,3,122,'D');
Insert into QMUSER.D_PARAMETER (ID_PARAMETER,ID_PLANT,ID_GROUPAREA,ID_COMPONENT,DISPLAY) values (1479,9,3,123,'D');
Insert into QMUSER.D_PARAMETER (ID_PARAMETER,ID_PLANT,ID_GROUPAREA,ID_COMPONENT,DISPLAY) values (1516,21,3,3,'D');
Insert into QMUSER.D_PARAMETER (ID_PARAMETER,ID_PLANT,ID_GROUPAREA,ID_COMPONENT,DISPLAY) values (1517,21,3,4,'D');
Insert into QMUSER.D_PARAMETER (ID_PARAMETER,ID_PLANT,ID_GROUPAREA,ID_COMPONENT,DISPLAY) values (1519,21,3,27,'D');
Insert into QMUSER.D_PARAMETER (ID_PARAMETER,ID_PLANT,ID_GROUPAREA,ID_COMPONENT,DISPLAY) values (1520,21,3,28,'D');
Insert into QMUSER.D_PARAMETER (ID_PARAMETER,ID_PLANT,ID_GROUPAREA,ID_COMPONENT,DISPLAY) values (1521,21,3,29,'D');
Insert into QMUSER.D_PARAMETER (ID_PARAMETER,ID_PLANT,ID_GROUPAREA,ID_COMPONENT,DISPLAY) values (1522,21,3,31,'D');
Insert into QMUSER.D_PARAMETER (ID_PARAMETER,ID_PLANT,ID_GROUPAREA,ID_COMPONENT,DISPLAY) values (1523,21,3,32,'D');
Insert into QMUSER.D_PARAMETER (ID_PARAMETER,ID_PLANT,ID_GROUPAREA,ID_COMPONENT,DISPLAY) values (1524,21,3,81,'D');
Insert into QMUSER.D_PARAMETER (ID_PARAMETER,ID_PLANT,ID_GROUPAREA,ID_COMPONENT,DISPLAY) values (1525,21,3,82,'D');
Insert into QMUSER.D_PARAMETER (ID_PARAMETER,ID_PLANT,ID_GROUPAREA,ID_COMPONENT,DISPLAY) values (1526,21,3,101,'D');
Insert into QMUSER.D_PARAMETER (ID_PARAMETER,ID_PLANT,ID_GROUPAREA,ID_COMPONENT,DISPLAY) values (1527,21,3,102,'D');
Insert into QMUSER.D_PARAMETER (ID_PARAMETER,ID_PLANT,ID_GROUPAREA,ID_COMPONENT,DISPLAY) values (1528,21,3,103,'D');
Insert into QMUSER.D_PARAMETER (ID_PARAMETER,ID_PLANT,ID_GROUPAREA,ID_COMPONENT,DISPLAY) values (1529,21,3,104,'D');
Insert into QMUSER.D_PARAMETER (ID_PARAMETER,ID_PLANT,ID_GROUPAREA,ID_COMPONENT,DISPLAY) values (1530,21,3,105,'D');
Insert into QMUSER.D_PARAMETER (ID_PARAMETER,ID_PLANT,ID_GROUPAREA,ID_COMPONENT,DISPLAY) values (1531,21,3,121,'D');
Insert into QMUSER.D_PARAMETER (ID_PARAMETER,ID_PLANT,ID_GROUPAREA,ID_COMPONENT,DISPLAY) values (1532,21,3,122,'D');
Insert into QMUSER.D_PARAMETER (ID_PARAMETER,ID_PLANT,ID_GROUPAREA,ID_COMPONENT,DISPLAY) values (1533,21,3,123,'D');
Insert into QMUSER.D_PARAMETER (ID_PARAMETER,ID_PLANT,ID_GROUPAREA,ID_COMPONENT,DISPLAY) values (1569,22,3,3,'D');
Insert into QMUSER.D_PARAMETER (ID_PARAMETER,ID_PLANT,ID_GROUPAREA,ID_COMPONENT,DISPLAY) values (1570,22,3,4,'D');
Insert into QMUSER.D_PARAMETER (ID_PARAMETER,ID_PLANT,ID_GROUPAREA,ID_COMPONENT,DISPLAY) values (1571,22,3,6,'D');
Insert into QMUSER.D_PARAMETER (ID_PARAMETER,ID_PLANT,ID_GROUPAREA,ID_COMPONENT,DISPLAY) values (1572,22,3,27,'D');
Insert into QMUSER.D_PARAMETER (ID_PARAMETER,ID_PLANT,ID_GROUPAREA,ID_COMPONENT,DISPLAY) values (1573,22,3,28,'D');
Insert into QMUSER.D_PARAMETER (ID_PARAMETER,ID_PLANT,ID_GROUPAREA,ID_COMPONENT,DISPLAY) values (1574,22,3,29,'D');
Insert into QMUSER.D_PARAMETER (ID_PARAMETER,ID_PLANT,ID_GROUPAREA,ID_COMPONENT,DISPLAY) values (1575,22,3,31,'D');
Insert into QMUSER.D_PARAMETER (ID_PARAMETER,ID_PLANT,ID_GROUPAREA,ID_COMPONENT,DISPLAY) values (1576,22,3,32,'D');
Insert into QMUSER.D_PARAMETER (ID_PARAMETER,ID_PLANT,ID_GROUPAREA,ID_COMPONENT,DISPLAY) values (1577,22,3,81,'D');
Insert into QMUSER.D_PARAMETER (ID_PARAMETER,ID_PLANT,ID_GROUPAREA,ID_COMPONENT,DISPLAY) values (1578,22,3,82,'D');
Insert into QMUSER.D_PARAMETER (ID_PARAMETER,ID_PLANT,ID_GROUPAREA,ID_COMPONENT,DISPLAY) values (1579,22,3,101,'D');
Insert into QMUSER.D_PARAMETER (ID_PARAMETER,ID_PLANT,ID_GROUPAREA,ID_COMPONENT,DISPLAY) values (1580,22,3,102,'D');
Insert into QMUSER.D_PARAMETER (ID_PARAMETER,ID_PLANT,ID_GROUPAREA,ID_COMPONENT,DISPLAY) values (1581,22,3,103,'D');
Insert into QMUSER.D_PARAMETER (ID_PARAMETER,ID_PLANT,ID_GROUPAREA,ID_COMPONENT,DISPLAY) values (1582,22,3,104,'D');
Insert into QMUSER.D_PARAMETER (ID_PARAMETER,ID_PLANT,ID_GROUPAREA,ID_COMPONENT,DISPLAY) values (1583,22,3,105,'D');
Insert into QMUSER.D_PARAMETER (ID_PARAMETER,ID_PLANT,ID_GROUPAREA,ID_COMPONENT,DISPLAY) values (1584,22,3,121,'D');
Insert into QMUSER.D_PARAMETER (ID_PARAMETER,ID_PLANT,ID_GROUPAREA,ID_COMPONENT,DISPLAY) values (1585,22,3,122,'D');
Insert into QMUSER.D_PARAMETER (ID_PARAMETER,ID_PLANT,ID_GROUPAREA,ID_COMPONENT,DISPLAY) values (1586,22,3,123,'D');
Insert into QMUSER.D_PARAMETER (ID_PARAMETER,ID_PLANT,ID_GROUPAREA,ID_COMPONENT,DISPLAY) values (1587,21,3,3,'H');
Insert into QMUSER.D_PARAMETER (ID_PARAMETER,ID_PLANT,ID_GROUPAREA,ID_COMPONENT,DISPLAY) values (1588,21,3,4,'H');
Insert into QMUSER.D_PARAMETER (ID_PARAMETER,ID_PLANT,ID_GROUPAREA,ID_COMPONENT,DISPLAY) values (1589,21,3,6,'H');
Insert into QMUSER.D_PARAMETER (ID_PARAMETER,ID_PLANT,ID_GROUPAREA,ID_COMPONENT,DISPLAY) values (1590,21,3,27,'H');
Insert into QMUSER.D_PARAMETER (ID_PARAMETER,ID_PLANT,ID_GROUPAREA,ID_COMPONENT,DISPLAY) values (1591,21,3,28,'H');
Insert into QMUSER.D_PARAMETER (ID_PARAMETER,ID_PLANT,ID_GROUPAREA,ID_COMPONENT,DISPLAY) values (1592,21,3,29,'H');
Insert into QMUSER.D_PARAMETER (ID_PARAMETER,ID_PLANT,ID_GROUPAREA,ID_COMPONENT,DISPLAY) values (1593,21,3,31,'H');
Insert into QMUSER.D_PARAMETER (ID_PARAMETER,ID_PLANT,ID_GROUPAREA,ID_COMPONENT,DISPLAY) values (1594,21,3,32,'H');
Insert into QMUSER.D_PARAMETER (ID_PARAMETER,ID_PLANT,ID_GROUPAREA,ID_COMPONENT,DISPLAY) values (1595,21,3,81,'H');
Insert into QMUSER.D_PARAMETER (ID_PARAMETER,ID_PLANT,ID_GROUPAREA,ID_COMPONENT,DISPLAY) values (1596,21,3,82,'H');
Insert into QMUSER.D_PARAMETER (ID_PARAMETER,ID_PLANT,ID_GROUPAREA,ID_COMPONENT,DISPLAY) values (1597,21,3,101,'H');
Insert into QMUSER.D_PARAMETER (ID_PARAMETER,ID_PLANT,ID_GROUPAREA,ID_COMPONENT,DISPLAY) values (1598,21,3,102,'H');
Insert into QMUSER.D_PARAMETER (ID_PARAMETER,ID_PLANT,ID_GROUPAREA,ID_COMPONENT,DISPLAY) values (1599,21,3,103,'H');
Insert into QMUSER.D_PARAMETER (ID_PARAMETER,ID_PLANT,ID_GROUPAREA,ID_COMPONENT,DISPLAY) values (1600,21,3,104,'H');
Insert into QMUSER.D_PARAMETER (ID_PARAMETER,ID_PLANT,ID_GROUPAREA,ID_COMPONENT,DISPLAY) values (1601,21,3,105,'H');
Insert into QMUSER.D_PARAMETER (ID_PARAMETER,ID_PLANT,ID_GROUPAREA,ID_COMPONENT,DISPLAY) values (1602,21,3,121,'H');
Insert into QMUSER.D_PARAMETER (ID_PARAMETER,ID_PLANT,ID_GROUPAREA,ID_COMPONENT,DISPLAY) values (1603,21,3,122,'H');
Insert into QMUSER.D_PARAMETER (ID_PARAMETER,ID_PLANT,ID_GROUPAREA,ID_COMPONENT,DISPLAY) values (1604,21,3,123,'H');
Insert into QMUSER.D_PARAMETER (ID_PARAMETER,ID_PLANT,ID_GROUPAREA,ID_COMPONENT,DISPLAY) values (1608,23,3,27,'D');
Insert into QMUSER.D_PARAMETER (ID_PARAMETER,ID_PLANT,ID_GROUPAREA,ID_COMPONENT,DISPLAY) values (1609,23,3,28,'D');
Insert into QMUSER.D_PARAMETER (ID_PARAMETER,ID_PLANT,ID_GROUPAREA,ID_COMPONENT,DISPLAY) values (1610,23,3,29,'D');
Insert into QMUSER.D_PARAMETER (ID_PARAMETER,ID_PLANT,ID_GROUPAREA,ID_COMPONENT,DISPLAY) values (1611,23,3,31,'D');
Insert into QMUSER.D_PARAMETER (ID_PARAMETER,ID_PLANT,ID_GROUPAREA,ID_COMPONENT,DISPLAY) values (1612,23,3,32,'D');
Insert into QMUSER.D_PARAMETER (ID_PARAMETER,ID_PLANT,ID_GROUPAREA,ID_COMPONENT,DISPLAY) values (1613,23,3,81,'D');
Insert into QMUSER.D_PARAMETER (ID_PARAMETER,ID_PLANT,ID_GROUPAREA,ID_COMPONENT,DISPLAY) values (1614,23,3,82,'D');
Insert into QMUSER.D_PARAMETER (ID_PARAMETER,ID_PLANT,ID_GROUPAREA,ID_COMPONENT,DISPLAY) values (1615,23,3,101,'D');
Insert into QMUSER.D_PARAMETER (ID_PARAMETER,ID_PLANT,ID_GROUPAREA,ID_COMPONENT,DISPLAY) values (1616,23,3,102,'D');
Insert into QMUSER.D_PARAMETER (ID_PARAMETER,ID_PLANT,ID_GROUPAREA,ID_COMPONENT,DISPLAY) values (1617,23,3,103,'D');
Insert into QMUSER.D_PARAMETER (ID_PARAMETER,ID_PLANT,ID_GROUPAREA,ID_COMPONENT,DISPLAY) values (1618,23,3,104,'D');
Insert into QMUSER.D_PARAMETER (ID_PARAMETER,ID_PLANT,ID_GROUPAREA,ID_COMPONENT,DISPLAY) values (1619,23,3,105,'D');
Insert into QMUSER.D_PARAMETER (ID_PARAMETER,ID_PLANT,ID_GROUPAREA,ID_COMPONENT,DISPLAY) values (1620,23,3,121,'D');
Insert into QMUSER.D_PARAMETER (ID_PARAMETER,ID_PLANT,ID_GROUPAREA,ID_COMPONENT,DISPLAY) values (1621,23,3,122,'D');
Insert into QMUSER.D_PARAMETER (ID_PARAMETER,ID_PLANT,ID_GROUPAREA,ID_COMPONENT,DISPLAY) values (1622,23,3,123,'D');
Insert into QMUSER.D_PARAMETER (ID_PARAMETER,ID_PLANT,ID_GROUPAREA,ID_COMPONENT,DISPLAY) values (1623,23,3,3,'H');
Insert into QMUSER.D_PARAMETER (ID_PARAMETER,ID_PLANT,ID_GROUPAREA,ID_COMPONENT,DISPLAY) values (1624,23,3,4,'H');
Insert into QMUSER.D_PARAMETER (ID_PARAMETER,ID_PLANT,ID_GROUPAREA,ID_COMPONENT,DISPLAY) values (1625,23,3,6,'H');
Insert into QMUSER.D_PARAMETER (ID_PARAMETER,ID_PLANT,ID_GROUPAREA,ID_COMPONENT,DISPLAY) values (1626,23,3,27,'H');
Insert into QMUSER.D_PARAMETER (ID_PARAMETER,ID_PLANT,ID_GROUPAREA,ID_COMPONENT,DISPLAY) values (1627,23,3,28,'H');
Insert into QMUSER.D_PARAMETER (ID_PARAMETER,ID_PLANT,ID_GROUPAREA,ID_COMPONENT,DISPLAY) values (1628,23,3,29,'H');
Insert into QMUSER.D_PARAMETER (ID_PARAMETER,ID_PLANT,ID_GROUPAREA,ID_COMPONENT,DISPLAY) values (1629,23,3,31,'H');
Insert into QMUSER.D_PARAMETER (ID_PARAMETER,ID_PLANT,ID_GROUPAREA,ID_COMPONENT,DISPLAY) values (1630,23,3,32,'H');
Insert into QMUSER.D_PARAMETER (ID_PARAMETER,ID_PLANT,ID_GROUPAREA,ID_COMPONENT,DISPLAY) values (1631,23,3,81,'H');
Insert into QMUSER.D_PARAMETER (ID_PARAMETER,ID_PLANT,ID_GROUPAREA,ID_COMPONENT,DISPLAY) values (1632,23,3,82,'H');
Insert into QMUSER.D_PARAMETER (ID_PARAMETER,ID_PLANT,ID_GROUPAREA,ID_COMPONENT,DISPLAY) values (1633,23,3,101,'H');
Insert into QMUSER.D_PARAMETER (ID_PARAMETER,ID_PLANT,ID_GROUPAREA,ID_COMPONENT,DISPLAY) values (1634,23,3,102,'H');
Insert into QMUSER.D_PARAMETER (ID_PARAMETER,ID_PLANT,ID_GROUPAREA,ID_COMPONENT,DISPLAY) values (1635,23,3,103,'H');
Insert into QMUSER.D_PARAMETER (ID_PARAMETER,ID_PLANT,ID_GROUPAREA,ID_COMPONENT,DISPLAY) values (1636,23,3,104,'H');
Insert into QMUSER.D_PARAMETER (ID_PARAMETER,ID_PLANT,ID_GROUPAREA,ID_COMPONENT,DISPLAY) values (1637,23,3,105,'H');
Insert into QMUSER.D_PARAMETER (ID_PARAMETER,ID_PLANT,ID_GROUPAREA,ID_COMPONENT,DISPLAY) values (1638,23,3,121,'H');
Insert into QMUSER.D_PARAMETER (ID_PARAMETER,ID_PLANT,ID_GROUPAREA,ID_COMPONENT,DISPLAY) values (1639,23,3,122,'H');
Insert into QMUSER.D_PARAMETER (ID_PARAMETER,ID_PLANT,ID_GROUPAREA,ID_COMPONENT,DISPLAY) values (1640,23,3,123,'H');
Insert into QMUSER.D_PARAMETER (ID_PARAMETER,ID_PLANT,ID_GROUPAREA,ID_COMPONENT,DISPLAY) values (1713,7,3,3,'H');
Insert into QMUSER.D_PARAMETER (ID_PARAMETER,ID_PLANT,ID_GROUPAREA,ID_COMPONENT,DISPLAY) values (1714,7,3,4,'H');
Insert into QMUSER.D_PARAMETER (ID_PARAMETER,ID_PLANT,ID_GROUPAREA,ID_COMPONENT,DISPLAY) values (1715,7,3,6,'H');
Insert into QMUSER.D_PARAMETER (ID_PARAMETER,ID_PLANT,ID_GROUPAREA,ID_COMPONENT,DISPLAY) values (1716,7,3,27,'H');
Insert into QMUSER.D_PARAMETER (ID_PARAMETER,ID_PLANT,ID_GROUPAREA,ID_COMPONENT,DISPLAY) values (1717,7,3,28,'H');
Insert into QMUSER.D_PARAMETER (ID_PARAMETER,ID_PLANT,ID_GROUPAREA,ID_COMPONENT,DISPLAY) values (1718,7,3,29,'H');
Insert into QMUSER.D_PARAMETER (ID_PARAMETER,ID_PLANT,ID_GROUPAREA,ID_COMPONENT,DISPLAY) values (1719,7,3,31,'H');
Insert into QMUSER.D_PARAMETER (ID_PARAMETER,ID_PLANT,ID_GROUPAREA,ID_COMPONENT,DISPLAY) values (1720,7,3,32,'H');
Insert into QMUSER.D_PARAMETER (ID_PARAMETER,ID_PLANT,ID_GROUPAREA,ID_COMPONENT,DISPLAY) values (1721,7,3,82,'H');
Insert into QMUSER.D_PARAMETER (ID_PARAMETER,ID_PLANT,ID_GROUPAREA,ID_COMPONENT,DISPLAY) values (1722,7,3,101,'H');
Insert into QMUSER.D_PARAMETER (ID_PARAMETER,ID_PLANT,ID_GROUPAREA,ID_COMPONENT,DISPLAY) values (1723,7,3,102,'H');
Insert into QMUSER.D_PARAMETER (ID_PARAMETER,ID_PLANT,ID_GROUPAREA,ID_COMPONENT,DISPLAY) values (1724,7,3,103,'H');
Insert into QMUSER.D_PARAMETER (ID_PARAMETER,ID_PLANT,ID_GROUPAREA,ID_COMPONENT,DISPLAY) values (1725,7,3,104,'H');
Insert into QMUSER.D_PARAMETER (ID_PARAMETER,ID_PLANT,ID_GROUPAREA,ID_COMPONENT,DISPLAY) values (1726,7,3,105,'H');
Insert into QMUSER.D_PARAMETER (ID_PARAMETER,ID_PLANT,ID_GROUPAREA,ID_COMPONENT,DISPLAY) values (1727,7,3,121,'H');
Insert into QMUSER.D_PARAMETER (ID_PARAMETER,ID_PLANT,ID_GROUPAREA,ID_COMPONENT,DISPLAY) values (1728,7,3,122,'H');
Insert into QMUSER.D_PARAMETER (ID_PARAMETER,ID_PLANT,ID_GROUPAREA,ID_COMPONENT,DISPLAY) values (1729,7,3,123,'H');
Insert into QMUSER.D_PARAMETER (ID_PARAMETER,ID_PLANT,ID_GROUPAREA,ID_COMPONENT,DISPLAY) values (1766,1,3,3,'H');
Insert into QMUSER.D_PARAMETER (ID_PARAMETER,ID_PLANT,ID_GROUPAREA,ID_COMPONENT,DISPLAY) values (1767,1,3,4,'H');
Insert into QMUSER.D_PARAMETER (ID_PARAMETER,ID_PLANT,ID_GROUPAREA,ID_COMPONENT,DISPLAY) values (1768,1,3,6,'H');
Insert into QMUSER.D_PARAMETER (ID_PARAMETER,ID_PLANT,ID_GROUPAREA,ID_COMPONENT,DISPLAY) values (1769,1,3,27,'H');
Insert into QMUSER.D_PARAMETER (ID_PARAMETER,ID_PLANT,ID_GROUPAREA,ID_COMPONENT,DISPLAY) values (1770,1,3,28,'H');
Insert into QMUSER.D_PARAMETER (ID_PARAMETER,ID_PLANT,ID_GROUPAREA,ID_COMPONENT,DISPLAY) values (1771,1,3,29,'H');
Insert into QMUSER.D_PARAMETER (ID_PARAMETER,ID_PLANT,ID_GROUPAREA,ID_COMPONENT,DISPLAY) values (1772,1,3,31,'H');
Insert into QMUSER.D_PARAMETER (ID_PARAMETER,ID_PLANT,ID_GROUPAREA,ID_COMPONENT,DISPLAY) values (1773,1,3,32,'H');
Insert into QMUSER.D_PARAMETER (ID_PARAMETER,ID_PLANT,ID_GROUPAREA,ID_COMPONENT,DISPLAY) values (1774,1,3,81,'H');
Insert into QMUSER.D_PARAMETER (ID_PARAMETER,ID_PLANT,ID_GROUPAREA,ID_COMPONENT,DISPLAY) values (1775,1,3,82,'H');
Insert into QMUSER.D_PARAMETER (ID_PARAMETER,ID_PLANT,ID_GROUPAREA,ID_COMPONENT,DISPLAY) values (1776,1,3,101,'H');
Insert into QMUSER.D_PARAMETER (ID_PARAMETER,ID_PLANT,ID_GROUPAREA,ID_COMPONENT,DISPLAY) values (1777,1,3,102,'H');
Insert into QMUSER.D_PARAMETER (ID_PARAMETER,ID_PLANT,ID_GROUPAREA,ID_COMPONENT,DISPLAY) values (1778,1,3,103,'H');
Insert into QMUSER.D_PARAMETER (ID_PARAMETER,ID_PLANT,ID_GROUPAREA,ID_COMPONENT,DISPLAY) values (1779,1,3,104,'H');
Insert into QMUSER.D_PARAMETER (ID_PARAMETER,ID_PLANT,ID_GROUPAREA,ID_COMPONENT,DISPLAY) values (1780,1,3,105,'H');
Insert into QMUSER.D_PARAMETER (ID_PARAMETER,ID_PLANT,ID_GROUPAREA,ID_COMPONENT,DISPLAY) values (1781,1,3,121,'H');
Insert into QMUSER.D_PARAMETER (ID_PARAMETER,ID_PLANT,ID_GROUPAREA,ID_COMPONENT,DISPLAY) values (1782,1,3,122,'H');
Insert into QMUSER.D_PARAMETER (ID_PARAMETER,ID_PLANT,ID_GROUPAREA,ID_COMPONENT,DISPLAY) values (1783,1,3,123,'H');
Insert into QMUSER.D_PARAMETER (ID_PARAMETER,ID_PLANT,ID_GROUPAREA,ID_COMPONENT,DISPLAY) values (1784,1,3,3,'D');
Insert into QMUSER.D_PARAMETER (ID_PARAMETER,ID_PLANT,ID_GROUPAREA,ID_COMPONENT,DISPLAY) values (1785,1,3,4,'D');
Insert into QMUSER.D_PARAMETER (ID_PARAMETER,ID_PLANT,ID_GROUPAREA,ID_COMPONENT,DISPLAY) values (1786,1,3,6,'D');
Insert into QMUSER.D_PARAMETER (ID_PARAMETER,ID_PLANT,ID_GROUPAREA,ID_COMPONENT,DISPLAY) values (1787,1,3,27,'D');
Insert into QMUSER.D_PARAMETER (ID_PARAMETER,ID_PLANT,ID_GROUPAREA,ID_COMPONENT,DISPLAY) values (1788,1,3,28,'D');
Insert into QMUSER.D_PARAMETER (ID_PARAMETER,ID_PLANT,ID_GROUPAREA,ID_COMPONENT,DISPLAY) values (1789,1,3,29,'D');
Insert into QMUSER.D_PARAMETER (ID_PARAMETER,ID_PLANT,ID_GROUPAREA,ID_COMPONENT,DISPLAY) values (1790,1,3,31,'D');
Insert into QMUSER.D_PARAMETER (ID_PARAMETER,ID_PLANT,ID_GROUPAREA,ID_COMPONENT,DISPLAY) values (1791,1,3,32,'D');
Insert into QMUSER.D_PARAMETER (ID_PARAMETER,ID_PLANT,ID_GROUPAREA,ID_COMPONENT,DISPLAY) values (1792,1,3,81,'D');
Insert into QMUSER.D_PARAMETER (ID_PARAMETER,ID_PLANT,ID_GROUPAREA,ID_COMPONENT,DISPLAY) values (1793,1,3,82,'D');
Insert into QMUSER.D_PARAMETER (ID_PARAMETER,ID_PLANT,ID_GROUPAREA,ID_COMPONENT,DISPLAY) values (1794,1,3,101,'D');
Insert into QMUSER.D_PARAMETER (ID_PARAMETER,ID_PLANT,ID_GROUPAREA,ID_COMPONENT,DISPLAY) values (1795,1,3,102,'D');
Insert into QMUSER.D_PARAMETER (ID_PARAMETER,ID_PLANT,ID_GROUPAREA,ID_COMPONENT,DISPLAY) values (1796,1,3,103,'D');
Insert into QMUSER.D_PARAMETER (ID_PARAMETER,ID_PLANT,ID_GROUPAREA,ID_COMPONENT,DISPLAY) values (1797,1,3,104,'D');
Insert into QMUSER.D_PARAMETER (ID_PARAMETER,ID_PLANT,ID_GROUPAREA,ID_COMPONENT,DISPLAY) values (1798,1,3,105,'D');
Insert into QMUSER.D_PARAMETER (ID_PARAMETER,ID_PLANT,ID_GROUPAREA,ID_COMPONENT,DISPLAY) values (1799,1,3,121,'D');
Insert into QMUSER.D_PARAMETER (ID_PARAMETER,ID_PLANT,ID_GROUPAREA,ID_COMPONENT,DISPLAY) values (1800,1,3,122,'D');
Insert into QMUSER.D_PARAMETER (ID_PARAMETER,ID_PLANT,ID_GROUPAREA,ID_COMPONENT,DISPLAY) values (1801,1,3,123,'D');
Insert into QMUSER.D_PARAMETER (ID_PARAMETER,ID_PLANT,ID_GROUPAREA,ID_COMPONENT,DISPLAY) values (1802,2,3,3,'H');
Insert into QMUSER.D_PARAMETER (ID_PARAMETER,ID_PLANT,ID_GROUPAREA,ID_COMPONENT,DISPLAY) values (1803,2,3,4,'H');
Insert into QMUSER.D_PARAMETER (ID_PARAMETER,ID_PLANT,ID_GROUPAREA,ID_COMPONENT,DISPLAY) values (1804,2,3,6,'H');
Insert into QMUSER.D_PARAMETER (ID_PARAMETER,ID_PLANT,ID_GROUPAREA,ID_COMPONENT,DISPLAY) values (1805,2,3,27,'H');
Insert into QMUSER.D_PARAMETER (ID_PARAMETER,ID_PLANT,ID_GROUPAREA,ID_COMPONENT,DISPLAY) values (1806,2,3,28,'H');
Insert into QMUSER.D_PARAMETER (ID_PARAMETER,ID_PLANT,ID_GROUPAREA,ID_COMPONENT,DISPLAY) values (1807,2,3,29,'H');
Insert into QMUSER.D_PARAMETER (ID_PARAMETER,ID_PLANT,ID_GROUPAREA,ID_COMPONENT,DISPLAY) values (1808,2,3,31,'H');
Insert into QMUSER.D_PARAMETER (ID_PARAMETER,ID_PLANT,ID_GROUPAREA,ID_COMPONENT,DISPLAY) values (1809,2,3,32,'H');
Insert into QMUSER.D_PARAMETER (ID_PARAMETER,ID_PLANT,ID_GROUPAREA,ID_COMPONENT,DISPLAY) values (1810,2,3,81,'H');
Insert into QMUSER.D_PARAMETER (ID_PARAMETER,ID_PLANT,ID_GROUPAREA,ID_COMPONENT,DISPLAY) values (1811,2,3,82,'H');
Insert into QMUSER.D_PARAMETER (ID_PARAMETER,ID_PLANT,ID_GROUPAREA,ID_COMPONENT,DISPLAY) values (1812,2,3,101,'H');
Insert into QMUSER.D_PARAMETER (ID_PARAMETER,ID_PLANT,ID_GROUPAREA,ID_COMPONENT,DISPLAY) values (1813,2,3,102,'H');
Insert into QMUSER.D_PARAMETER (ID_PARAMETER,ID_PLANT,ID_GROUPAREA,ID_COMPONENT,DISPLAY) values (1814,2,3,103,'H');
Insert into QMUSER.D_PARAMETER (ID_PARAMETER,ID_PLANT,ID_GROUPAREA,ID_COMPONENT,DISPLAY) values (1815,2,3,104,'H');
Insert into QMUSER.D_PARAMETER (ID_PARAMETER,ID_PLANT,ID_GROUPAREA,ID_COMPONENT,DISPLAY) values (1816,2,3,105,'H');
Insert into QMUSER.D_PARAMETER (ID_PARAMETER,ID_PLANT,ID_GROUPAREA,ID_COMPONENT,DISPLAY) values (1817,2,3,121,'H');
Insert into QMUSER.D_PARAMETER (ID_PARAMETER,ID_PLANT,ID_GROUPAREA,ID_COMPONENT,DISPLAY) values (1818,2,3,122,'H');
Insert into QMUSER.D_PARAMETER (ID_PARAMETER,ID_PLANT,ID_GROUPAREA,ID_COMPONENT,DISPLAY) values (1819,2,3,123,'H');
Insert into QMUSER.D_PARAMETER (ID_PARAMETER,ID_PLANT,ID_GROUPAREA,ID_COMPONENT,DISPLAY) values (1820,2,3,3,'D');
Insert into QMUSER.D_PARAMETER (ID_PARAMETER,ID_PLANT,ID_GROUPAREA,ID_COMPONENT,DISPLAY) values (1821,2,3,4,'D');
Insert into QMUSER.D_PARAMETER (ID_PARAMETER,ID_PLANT,ID_GROUPAREA,ID_COMPONENT,DISPLAY) values (1822,2,3,6,'D');
Insert into QMUSER.D_PARAMETER (ID_PARAMETER,ID_PLANT,ID_GROUPAREA,ID_COMPONENT,DISPLAY) values (1823,2,3,27,'D');
Insert into QMUSER.D_PARAMETER (ID_PARAMETER,ID_PLANT,ID_GROUPAREA,ID_COMPONENT,DISPLAY) values (1824,2,3,28,'D');
Insert into QMUSER.D_PARAMETER (ID_PARAMETER,ID_PLANT,ID_GROUPAREA,ID_COMPONENT,DISPLAY) values (1825,2,3,29,'D');
Insert into QMUSER.D_PARAMETER (ID_PARAMETER,ID_PLANT,ID_GROUPAREA,ID_COMPONENT,DISPLAY) values (123,6,6,3,null);
Insert into QMUSER.D_PARAMETER (ID_PARAMETER,ID_PLANT,ID_GROUPAREA,ID_COMPONENT,DISPLAY) values (124,6,6,4,null);
Insert into QMUSER.D_PARAMETER (ID_PARAMETER,ID_PLANT,ID_GROUPAREA,ID_COMPONENT,DISPLAY) values (125,6,1,28,null);
Insert into QMUSER.D_PARAMETER (ID_PARAMETER,ID_PLANT,ID_GROUPAREA,ID_COMPONENT,DISPLAY) values (126,6,1,29,null);
Insert into QMUSER.D_PARAMETER (ID_PARAMETER,ID_PLANT,ID_GROUPAREA,ID_COMPONENT,DISPLAY) values (121,6,6,1,null);
Insert into QMUSER.D_PARAMETER (ID_PARAMETER,ID_PLANT,ID_GROUPAREA,ID_COMPONENT,DISPLAY) values (122,6,6,2,null);
Insert into QMUSER.D_PARAMETER (ID_PARAMETER,ID_PLANT,ID_GROUPAREA,ID_COMPONENT,DISPLAY) values (127,6,1,30,null);
Insert into QMUSER.D_PARAMETER (ID_PARAMETER,ID_PLANT,ID_GROUPAREA,ID_COMPONENT,DISPLAY) values (128,6,1,36,null);
Insert into QMUSER.D_PARAMETER (ID_PARAMETER,ID_PLANT,ID_GROUPAREA,ID_COMPONENT,DISPLAY) values (62,1,7,1,null);
Insert into QMUSER.D_PARAMETER (ID_PARAMETER,ID_PLANT,ID_GROUPAREA,ID_COMPONENT,DISPLAY) values (63,1,7,22,null);
Insert into QMUSER.D_PARAMETER (ID_PARAMETER,ID_PLANT,ID_GROUPAREA,ID_COMPONENT,DISPLAY) values (64,1,7,23,null);
Insert into QMUSER.D_PARAMETER (ID_PARAMETER,ID_PLANT,ID_GROUPAREA,ID_COMPONENT,DISPLAY) values (65,1,7,29,null);
Insert into QMUSER.D_PARAMETER (ID_PARAMETER,ID_PLANT,ID_GROUPAREA,ID_COMPONENT,DISPLAY) values (66,1,7,35,null);
Insert into QMUSER.D_PARAMETER (ID_PARAMETER,ID_PLANT,ID_GROUPAREA,ID_COMPONENT,DISPLAY) values (864,22,4,6,'H');
Insert into QMUSER.D_PARAMETER (ID_PARAMETER,ID_PLANT,ID_GROUPAREA,ID_COMPONENT,DISPLAY) values (865,22,4,21,'H');
Insert into QMUSER.D_PARAMETER (ID_PARAMETER,ID_PLANT,ID_GROUPAREA,ID_COMPONENT,DISPLAY) values (866,22,4,22,'H');
Insert into QMUSER.D_PARAMETER (ID_PARAMETER,ID_PLANT,ID_GROUPAREA,ID_COMPONENT,DISPLAY) values (367,21,4,32,'D');
Insert into QMUSER.D_PARAMETER (ID_PARAMETER,ID_PLANT,ID_GROUPAREA,ID_COMPONENT,DISPLAY) values (867,22,4,32,'H');
Insert into QMUSER.D_PARAMETER (ID_PARAMETER,ID_PLANT,ID_GROUPAREA,ID_COMPONENT,DISPLAY) values (868,22,4,41,'H');
Insert into QMUSER.D_PARAMETER (ID_PARAMETER,ID_PLANT,ID_GROUPAREA,ID_COMPONENT,DISPLAY) values (869,22,4,101,'H');
Insert into QMUSER.D_PARAMETER (ID_PARAMETER,ID_PLANT,ID_GROUPAREA,ID_COMPONENT,DISPLAY) values (870,22,4,102,'H');
Insert into QMUSER.D_PARAMETER (ID_PARAMETER,ID_PLANT,ID_GROUPAREA,ID_COMPONENT,DISPLAY) values (871,22,4,103,'H');
Insert into QMUSER.D_PARAMETER (ID_PARAMETER,ID_PLANT,ID_GROUPAREA,ID_COMPONENT,DISPLAY) values (872,22,4,104,'H');
Insert into QMUSER.D_PARAMETER (ID_PARAMETER,ID_PLANT,ID_GROUPAREA,ID_COMPONENT,DISPLAY) values (873,22,4,105,'H');
Insert into QMUSER.D_PARAMETER (ID_PARAMETER,ID_PLANT,ID_GROUPAREA,ID_COMPONENT,DISPLAY) values (874,22,4,121,'H');
Insert into QMUSER.D_PARAMETER (ID_PARAMETER,ID_PLANT,ID_GROUPAREA,ID_COMPONENT,DISPLAY) values (875,22,4,122,'H');
Insert into QMUSER.D_PARAMETER (ID_PARAMETER,ID_PLANT,ID_GROUPAREA,ID_COMPONENT,DISPLAY) values (876,22,4,123,'H');
Insert into QMUSER.D_PARAMETER (ID_PARAMETER,ID_PLANT,ID_GROUPAREA,ID_COMPONENT,DISPLAY) values (376,21,4,101,'D');
Insert into QMUSER.D_PARAMETER (ID_PARAMETER,ID_PLANT,ID_GROUPAREA,ID_COMPONENT,DISPLAY) values (377,21,4,102,'D');
Insert into QMUSER.D_PARAMETER (ID_PARAMETER,ID_PLANT,ID_GROUPAREA,ID_COMPONENT,DISPLAY) values (378,21,4,103,'D');
Insert into QMUSER.D_PARAMETER (ID_PARAMETER,ID_PLANT,ID_GROUPAREA,ID_COMPONENT,DISPLAY) values (379,21,4,104,'D');
Insert into QMUSER.D_PARAMETER (ID_PARAMETER,ID_PLANT,ID_GROUPAREA,ID_COMPONENT,DISPLAY) values (380,21,4,105,'D');
Insert into QMUSER.D_PARAMETER (ID_PARAMETER,ID_PLANT,ID_GROUPAREA,ID_COMPONENT,DISPLAY) values (877,22,4,3,'H');
Insert into QMUSER.D_PARAMETER (ID_PARAMETER,ID_PLANT,ID_GROUPAREA,ID_COMPONENT,DISPLAY) values (878,22,4,4,'H');
Insert into QMUSER.D_PARAMETER (ID_PARAMETER,ID_PLANT,ID_GROUPAREA,ID_COMPONENT,DISPLAY) values (862,22,4,3,'H');
Insert into QMUSER.D_PARAMETER (ID_PARAMETER,ID_PLANT,ID_GROUPAREA,ID_COMPONENT,DISPLAY) values (863,22,4,4,'H');
Insert into QMUSER.D_PARAMETER (ID_PARAMETER,ID_PLANT,ID_GROUPAREA,ID_COMPONENT,DISPLAY) values (879,22,4,6,'H');
Insert into QMUSER.D_PARAMETER (ID_PARAMETER,ID_PLANT,ID_GROUPAREA,ID_COMPONENT,DISPLAY) values (880,22,4,21,'H');
Insert into QMUSER.D_PARAMETER (ID_PARAMETER,ID_PLANT,ID_GROUPAREA,ID_COMPONENT,DISPLAY) values (387,22,4,32,'D');
Insert into QMUSER.D_PARAMETER (ID_PARAMETER,ID_PLANT,ID_GROUPAREA,ID_COMPONENT,DISPLAY) values (881,22,4,22,'H');
Insert into QMUSER.D_PARAMETER (ID_PARAMETER,ID_PLANT,ID_GROUPAREA,ID_COMPONENT,DISPLAY) values (882,22,4,32,'H');
Insert into QMUSER.D_PARAMETER (ID_PARAMETER,ID_PLANT,ID_GROUPAREA,ID_COMPONENT,DISPLAY) values (883,22,4,41,'H');
Insert into QMUSER.D_PARAMETER (ID_PARAMETER,ID_PLANT,ID_GROUPAREA,ID_COMPONENT,DISPLAY) values (884,22,4,101,'H');
Insert into QMUSER.D_PARAMETER (ID_PARAMETER,ID_PLANT,ID_GROUPAREA,ID_COMPONENT,DISPLAY) values (885,22,4,102,'H');
Insert into QMUSER.D_PARAMETER (ID_PARAMETER,ID_PLANT,ID_GROUPAREA,ID_COMPONENT,DISPLAY) values (886,22,4,103,'H');
Insert into QMUSER.D_PARAMETER (ID_PARAMETER,ID_PLANT,ID_GROUPAREA,ID_COMPONENT,DISPLAY) values (887,22,4,104,'H');
Insert into QMUSER.D_PARAMETER (ID_PARAMETER,ID_PLANT,ID_GROUPAREA,ID_COMPONENT,DISPLAY) values (888,22,4,105,'H');
Insert into QMUSER.D_PARAMETER (ID_PARAMETER,ID_PLANT,ID_GROUPAREA,ID_COMPONENT,DISPLAY) values (396,22,4,101,'D');
Insert into QMUSER.D_PARAMETER (ID_PARAMETER,ID_PLANT,ID_GROUPAREA,ID_COMPONENT,DISPLAY) values (397,22,4,102,'D');
Insert into QMUSER.D_PARAMETER (ID_PARAMETER,ID_PLANT,ID_GROUPAREA,ID_COMPONENT,DISPLAY) values (398,22,4,103,'D');
Insert into QMUSER.D_PARAMETER (ID_PARAMETER,ID_PLANT,ID_GROUPAREA,ID_COMPONENT,DISPLAY) values (399,22,4,104,'D');
Insert into QMUSER.D_PARAMETER (ID_PARAMETER,ID_PLANT,ID_GROUPAREA,ID_COMPONENT,DISPLAY) values (400,22,4,105,'D');
Insert into QMUSER.D_PARAMETER (ID_PARAMETER,ID_PLANT,ID_GROUPAREA,ID_COMPONENT,DISPLAY) values (889,22,4,121,'H');
Insert into QMUSER.D_PARAMETER (ID_PARAMETER,ID_PLANT,ID_GROUPAREA,ID_COMPONENT,DISPLAY) values (890,22,4,122,'H');
Insert into QMUSER.D_PARAMETER (ID_PARAMETER,ID_PLANT,ID_GROUPAREA,ID_COMPONENT,DISPLAY) values (576,6,1,24,'D');
Insert into QMUSER.D_PARAMETER (ID_PARAMETER,ID_PLANT,ID_GROUPAREA,ID_COMPONENT,DISPLAY) values (577,6,1,28,'D');
Insert into QMUSER.D_PARAMETER (ID_PARAMETER,ID_PLANT,ID_GROUPAREA,ID_COMPONENT,DISPLAY) values (578,6,1,29,'D');
Insert into QMUSER.D_PARAMETER (ID_PARAMETER,ID_PLANT,ID_GROUPAREA,ID_COMPONENT,DISPLAY) values (579,6,1,30,'D');
Insert into QMUSER.D_PARAMETER (ID_PARAMETER,ID_PLANT,ID_GROUPAREA,ID_COMPONENT,DISPLAY) values (580,6,1,32,'D');
Insert into QMUSER.D_PARAMETER (ID_PARAMETER,ID_PLANT,ID_GROUPAREA,ID_COMPONENT,DISPLAY) values (581,6,1,33,'D');
Insert into QMUSER.D_PARAMETER (ID_PARAMETER,ID_PLANT,ID_GROUPAREA,ID_COMPONENT,DISPLAY) values (582,6,1,34,'D');
Insert into QMUSER.D_PARAMETER (ID_PARAMETER,ID_PLANT,ID_GROUPAREA,ID_COMPONENT,DISPLAY) values (583,6,1,36,'D');
Insert into QMUSER.D_PARAMETER (ID_PARAMETER,ID_PLANT,ID_GROUPAREA,ID_COMPONENT,DISPLAY) values (584,6,1,37,'D');
Insert into QMUSER.D_PARAMETER (ID_PARAMETER,ID_PLANT,ID_GROUPAREA,ID_COMPONENT,DISPLAY) values (585,6,1,38,'D');
Insert into QMUSER.D_PARAMETER (ID_PARAMETER,ID_PLANT,ID_GROUPAREA,ID_COMPONENT,DISPLAY) values (586,6,1,39,'D');
Insert into QMUSER.D_PARAMETER (ID_PARAMETER,ID_PLANT,ID_GROUPAREA,ID_COMPONENT,DISPLAY) values (587,6,1,40,'D');
Insert into QMUSER.D_PARAMETER (ID_PARAMETER,ID_PLANT,ID_GROUPAREA,ID_COMPONENT,DISPLAY) values (588,6,1,101,'D');
Insert into QMUSER.D_PARAMETER (ID_PARAMETER,ID_PLANT,ID_GROUPAREA,ID_COMPONENT,DISPLAY) values (589,6,1,102,'D');
Insert into QMUSER.D_PARAMETER (ID_PARAMETER,ID_PLANT,ID_GROUPAREA,ID_COMPONENT,DISPLAY) values (590,6,1,103,'D');
Insert into QMUSER.D_PARAMETER (ID_PARAMETER,ID_PLANT,ID_GROUPAREA,ID_COMPONENT,DISPLAY) values (591,6,1,104,'D');
Insert into QMUSER.D_PARAMETER (ID_PARAMETER,ID_PLANT,ID_GROUPAREA,ID_COMPONENT,DISPLAY) values (592,6,1,105,'D');
Insert into QMUSER.D_PARAMETER (ID_PARAMETER,ID_PLANT,ID_GROUPAREA,ID_COMPONENT,DISPLAY) values (593,6,1,106,'D');
Insert into QMUSER.D_PARAMETER (ID_PARAMETER,ID_PLANT,ID_GROUPAREA,ID_COMPONENT,DISPLAY) values (594,6,1,107,'D');
Insert into QMUSER.D_PARAMETER (ID_PARAMETER,ID_PLANT,ID_GROUPAREA,ID_COMPONENT,DISPLAY) values (891,22,4,123,'H');
Insert into QMUSER.D_PARAMETER (ID_PARAMETER,ID_PLANT,ID_GROUPAREA,ID_COMPONENT,DISPLAY) values (892,22,6,3,'H');
Insert into QMUSER.D_PARAMETER (ID_PARAMETER,ID_PLANT,ID_GROUPAREA,ID_COMPONENT,DISPLAY) values (893,22,6,4,'H');
Insert into QMUSER.D_PARAMETER (ID_PARAMETER,ID_PLANT,ID_GROUPAREA,ID_COMPONENT,DISPLAY) values (894,22,6,6,'H');
Insert into QMUSER.D_PARAMETER (ID_PARAMETER,ID_PLANT,ID_GROUPAREA,ID_COMPONENT,DISPLAY) values (895,22,6,21,'H');
Insert into QMUSER.D_PARAMETER (ID_PARAMETER,ID_PLANT,ID_GROUPAREA,ID_COMPONENT,DISPLAY) values (896,22,6,22,'H');
Insert into QMUSER.D_PARAMETER (ID_PARAMETER,ID_PLANT,ID_GROUPAREA,ID_COMPONENT,DISPLAY) values (897,22,6,32,'H');
Insert into QMUSER.D_PARAMETER (ID_PARAMETER,ID_PLANT,ID_GROUPAREA,ID_COMPONENT,DISPLAY) values (898,22,6,41,'H');
Insert into QMUSER.D_PARAMETER (ID_PARAMETER,ID_PLANT,ID_GROUPAREA,ID_COMPONENT,DISPLAY) values (899,22,6,101,'H');
Insert into QMUSER.D_PARAMETER (ID_PARAMETER,ID_PLANT,ID_GROUPAREA,ID_COMPONENT,DISPLAY) values (900,22,6,102,'H');
Insert into QMUSER.D_PARAMETER (ID_PARAMETER,ID_PLANT,ID_GROUPAREA,ID_COMPONENT,DISPLAY) values (901,22,6,103,'H');
Insert into QMUSER.D_PARAMETER (ID_PARAMETER,ID_PLANT,ID_GROUPAREA,ID_COMPONENT,DISPLAY) values (902,22,6,104,'H');
Insert into QMUSER.D_PARAMETER (ID_PARAMETER,ID_PLANT,ID_GROUPAREA,ID_COMPONENT,DISPLAY) values (903,22,6,105,'H');
Insert into QMUSER.D_PARAMETER (ID_PARAMETER,ID_PLANT,ID_GROUPAREA,ID_COMPONENT,DISPLAY) values (904,22,6,121,'H');
Insert into QMUSER.D_PARAMETER (ID_PARAMETER,ID_PLANT,ID_GROUPAREA,ID_COMPONENT,DISPLAY) values (905,22,6,122,'H');
Insert into QMUSER.D_PARAMETER (ID_PARAMETER,ID_PLANT,ID_GROUPAREA,ID_COMPONENT,DISPLAY) values (906,22,6,123,'H');
Insert into QMUSER.D_PARAMETER (ID_PARAMETER,ID_PLANT,ID_GROUPAREA,ID_COMPONENT,DISPLAY) values (922,23,6,3,'H');
Insert into QMUSER.D_PARAMETER (ID_PARAMETER,ID_PLANT,ID_GROUPAREA,ID_COMPONENT,DISPLAY) values (923,23,6,4,'H');
Insert into QMUSER.D_PARAMETER (ID_PARAMETER,ID_PLANT,ID_GROUPAREA,ID_COMPONENT,DISPLAY) values (924,23,6,6,'H');
Insert into QMUSER.D_PARAMETER (ID_PARAMETER,ID_PLANT,ID_GROUPAREA,ID_COMPONENT,DISPLAY) values (925,23,6,21,'H');
Insert into QMUSER.D_PARAMETER (ID_PARAMETER,ID_PLANT,ID_GROUPAREA,ID_COMPONENT,DISPLAY) values (926,23,6,22,'H');
Insert into QMUSER.D_PARAMETER (ID_PARAMETER,ID_PLANT,ID_GROUPAREA,ID_COMPONENT,DISPLAY) values (927,23,6,32,'H');
Insert into QMUSER.D_PARAMETER (ID_PARAMETER,ID_PLANT,ID_GROUPAREA,ID_COMPONENT,DISPLAY) values (928,23,6,41,'H');
Insert into QMUSER.D_PARAMETER (ID_PARAMETER,ID_PLANT,ID_GROUPAREA,ID_COMPONENT,DISPLAY) values (929,23,6,101,'H');
Insert into QMUSER.D_PARAMETER (ID_PARAMETER,ID_PLANT,ID_GROUPAREA,ID_COMPONENT,DISPLAY) values (930,23,6,102,'H');
Insert into QMUSER.D_PARAMETER (ID_PARAMETER,ID_PLANT,ID_GROUPAREA,ID_COMPONENT,DISPLAY) values (931,23,6,103,'H');
Insert into QMUSER.D_PARAMETER (ID_PARAMETER,ID_PLANT,ID_GROUPAREA,ID_COMPONENT,DISPLAY) values (932,23,6,104,'H');
Insert into QMUSER.D_PARAMETER (ID_PARAMETER,ID_PLANT,ID_GROUPAREA,ID_COMPONENT,DISPLAY) values (933,23,6,105,'H');
Insert into QMUSER.D_PARAMETER (ID_PARAMETER,ID_PLANT,ID_GROUPAREA,ID_COMPONENT,DISPLAY) values (934,23,6,121,'H');
Insert into QMUSER.D_PARAMETER (ID_PARAMETER,ID_PLANT,ID_GROUPAREA,ID_COMPONENT,DISPLAY) values (935,23,6,122,'H');
Insert into QMUSER.D_PARAMETER (ID_PARAMETER,ID_PLANT,ID_GROUPAREA,ID_COMPONENT,DISPLAY) values (936,23,6,123,'H');
Insert into QMUSER.D_PARAMETER (ID_PARAMETER,ID_PLANT,ID_GROUPAREA,ID_COMPONENT,DISPLAY) values (937,5,4,3,'D');
Insert into QMUSER.D_PARAMETER (ID_PARAMETER,ID_PLANT,ID_GROUPAREA,ID_COMPONENT,DISPLAY) values (938,5,4,4,'D');
Insert into QMUSER.D_PARAMETER (ID_PARAMETER,ID_PLANT,ID_GROUPAREA,ID_COMPONENT,DISPLAY) values (939,5,4,6,'D');
Insert into QMUSER.D_PARAMETER (ID_PARAMETER,ID_PLANT,ID_GROUPAREA,ID_COMPONENT,DISPLAY) values (940,5,4,21,'D');
Insert into QMUSER.D_PARAMETER (ID_PARAMETER,ID_PLANT,ID_GROUPAREA,ID_COMPONENT,DISPLAY) values (941,5,4,22,'D');
Insert into QMUSER.D_PARAMETER (ID_PARAMETER,ID_PLANT,ID_GROUPAREA,ID_COMPONENT,DISPLAY) values (942,5,4,32,'D');
Insert into QMUSER.D_PARAMETER (ID_PARAMETER,ID_PLANT,ID_GROUPAREA,ID_COMPONENT,DISPLAY) values (943,5,4,41,'D');
Insert into QMUSER.D_PARAMETER (ID_PARAMETER,ID_PLANT,ID_GROUPAREA,ID_COMPONENT,DISPLAY) values (944,5,4,101,'D');
Insert into QMUSER.D_PARAMETER (ID_PARAMETER,ID_PLANT,ID_GROUPAREA,ID_COMPONENT,DISPLAY) values (945,5,4,102,'D');
Insert into QMUSER.D_PARAMETER (ID_PARAMETER,ID_PLANT,ID_GROUPAREA,ID_COMPONENT,DISPLAY) values (946,5,4,103,'D');
Insert into QMUSER.D_PARAMETER (ID_PARAMETER,ID_PLANT,ID_GROUPAREA,ID_COMPONENT,DISPLAY) values (947,5,4,104,'D');
Insert into QMUSER.D_PARAMETER (ID_PARAMETER,ID_PLANT,ID_GROUPAREA,ID_COMPONENT,DISPLAY) values (948,5,4,105,'D');
Insert into QMUSER.D_PARAMETER (ID_PARAMETER,ID_PLANT,ID_GROUPAREA,ID_COMPONENT,DISPLAY) values (949,5,4,121,'D');
Insert into QMUSER.D_PARAMETER (ID_PARAMETER,ID_PLANT,ID_GROUPAREA,ID_COMPONENT,DISPLAY) values (950,5,4,122,'D');
Insert into QMUSER.D_PARAMETER (ID_PARAMETER,ID_PLANT,ID_GROUPAREA,ID_COMPONENT,DISPLAY) values (951,5,4,123,'D');
Insert into QMUSER.D_PARAMETER (ID_PARAMETER,ID_PLANT,ID_GROUPAREA,ID_COMPONENT,DISPLAY) values (967,5,4,3,'H');
Insert into QMUSER.D_PARAMETER (ID_PARAMETER,ID_PLANT,ID_GROUPAREA,ID_COMPONENT,DISPLAY) values (968,5,4,4,'H');
Insert into QMUSER.D_PARAMETER (ID_PARAMETER,ID_PLANT,ID_GROUPAREA,ID_COMPONENT,DISPLAY) values (969,5,4,6,'H');
Insert into QMUSER.D_PARAMETER (ID_PARAMETER,ID_PLANT,ID_GROUPAREA,ID_COMPONENT,DISPLAY) values (970,5,4,21,'H');
Insert into QMUSER.D_PARAMETER (ID_PARAMETER,ID_PLANT,ID_GROUPAREA,ID_COMPONENT,DISPLAY) values (971,5,4,22,'H');
Insert into QMUSER.D_PARAMETER (ID_PARAMETER,ID_PLANT,ID_GROUPAREA,ID_COMPONENT,DISPLAY) values (972,5,4,32,'H');
Insert into QMUSER.D_PARAMETER (ID_PARAMETER,ID_PLANT,ID_GROUPAREA,ID_COMPONENT,DISPLAY) values (973,5,4,41,'H');
Insert into QMUSER.D_PARAMETER (ID_PARAMETER,ID_PLANT,ID_GROUPAREA,ID_COMPONENT,DISPLAY) values (974,5,4,101,'H');
Insert into QMUSER.D_PARAMETER (ID_PARAMETER,ID_PLANT,ID_GROUPAREA,ID_COMPONENT,DISPLAY) values (975,5,4,102,'H');
Insert into QMUSER.D_PARAMETER (ID_PARAMETER,ID_PLANT,ID_GROUPAREA,ID_COMPONENT,DISPLAY) values (976,5,4,103,'H');
Insert into QMUSER.D_PARAMETER (ID_PARAMETER,ID_PLANT,ID_GROUPAREA,ID_COMPONENT,DISPLAY) values (977,5,4,105,'H');
Insert into QMUSER.D_PARAMETER (ID_PARAMETER,ID_PLANT,ID_GROUPAREA,ID_COMPONENT,DISPLAY) values (978,5,4,121,'H');
Insert into QMUSER.D_PARAMETER (ID_PARAMETER,ID_PLANT,ID_GROUPAREA,ID_COMPONENT,DISPLAY) values (979,5,4,122,'H');
Insert into QMUSER.D_PARAMETER (ID_PARAMETER,ID_PLANT,ID_GROUPAREA,ID_COMPONENT,DISPLAY) values (980,5,4,123,'H');
Insert into QMUSER.D_PARAMETER (ID_PARAMETER,ID_PLANT,ID_GROUPAREA,ID_COMPONENT,DISPLAY) values (1011,6,6,3,'H');
Insert into QMUSER.D_PARAMETER (ID_PARAMETER,ID_PLANT,ID_GROUPAREA,ID_COMPONENT,DISPLAY) values (1012,6,6,4,'H');
Insert into QMUSER.D_PARAMETER (ID_PARAMETER,ID_PLANT,ID_GROUPAREA,ID_COMPONENT,DISPLAY) values (1013,6,6,6,'H');
Insert into QMUSER.D_PARAMETER (ID_PARAMETER,ID_PLANT,ID_GROUPAREA,ID_COMPONENT,DISPLAY) values (1014,6,6,21,'H');
Insert into QMUSER.D_PARAMETER (ID_PARAMETER,ID_PLANT,ID_GROUPAREA,ID_COMPONENT,DISPLAY) values (1015,6,6,22,'H');
Insert into QMUSER.D_PARAMETER (ID_PARAMETER,ID_PLANT,ID_GROUPAREA,ID_COMPONENT,DISPLAY) values (1016,6,6,32,'H');
Insert into QMUSER.D_PARAMETER (ID_PARAMETER,ID_PLANT,ID_GROUPAREA,ID_COMPONENT,DISPLAY) values (1017,6,6,41,'H');
Insert into QMUSER.D_PARAMETER (ID_PARAMETER,ID_PLANT,ID_GROUPAREA,ID_COMPONENT,DISPLAY) values (1018,6,6,101,'H');
Insert into QMUSER.D_PARAMETER (ID_PARAMETER,ID_PLANT,ID_GROUPAREA,ID_COMPONENT,DISPLAY) values (1019,6,6,102,'H');
Insert into QMUSER.D_PARAMETER (ID_PARAMETER,ID_PLANT,ID_GROUPAREA,ID_COMPONENT,DISPLAY) values (1020,6,6,103,'H');
Insert into QMUSER.D_PARAMETER (ID_PARAMETER,ID_PLANT,ID_GROUPAREA,ID_COMPONENT,DISPLAY) values (1021,6,6,104,'H');
Insert into QMUSER.D_PARAMETER (ID_PARAMETER,ID_PLANT,ID_GROUPAREA,ID_COMPONENT,DISPLAY) values (1022,6,6,105,'H');
Insert into QMUSER.D_PARAMETER (ID_PARAMETER,ID_PLANT,ID_GROUPAREA,ID_COMPONENT,DISPLAY) values (1023,6,6,121,'H');
Insert into QMUSER.D_PARAMETER (ID_PARAMETER,ID_PLANT,ID_GROUPAREA,ID_COMPONENT,DISPLAY) values (1024,6,6,122,'H');
Insert into QMUSER.D_PARAMETER (ID_PARAMETER,ID_PLANT,ID_GROUPAREA,ID_COMPONENT,DISPLAY) values (1025,6,6,123,'H');
Insert into QMUSER.D_PARAMETER (ID_PARAMETER,ID_PLANT,ID_GROUPAREA,ID_COMPONENT,DISPLAY) values (1026,6,6,3,'D');
Insert into QMUSER.D_PARAMETER (ID_PARAMETER,ID_PLANT,ID_GROUPAREA,ID_COMPONENT,DISPLAY) values (1027,6,6,4,'D');
Insert into QMUSER.D_PARAMETER (ID_PARAMETER,ID_PLANT,ID_GROUPAREA,ID_COMPONENT,DISPLAY) values (1028,6,6,6,'D');
Insert into QMUSER.D_PARAMETER (ID_PARAMETER,ID_PLANT,ID_GROUPAREA,ID_COMPONENT,DISPLAY) values (1029,6,6,21,'D');
Insert into QMUSER.D_PARAMETER (ID_PARAMETER,ID_PLANT,ID_GROUPAREA,ID_COMPONENT,DISPLAY) values (1030,6,6,22,'D');
Insert into QMUSER.D_PARAMETER (ID_PARAMETER,ID_PLANT,ID_GROUPAREA,ID_COMPONENT,DISPLAY) values (1031,6,6,32,'D');
Insert into QMUSER.D_PARAMETER (ID_PARAMETER,ID_PLANT,ID_GROUPAREA,ID_COMPONENT,DISPLAY) values (1032,6,6,41,'D');
Insert into QMUSER.D_PARAMETER (ID_PARAMETER,ID_PLANT,ID_GROUPAREA,ID_COMPONENT,DISPLAY) values (1033,6,6,101,'D');
Insert into QMUSER.D_PARAMETER (ID_PARAMETER,ID_PLANT,ID_GROUPAREA,ID_COMPONENT,DISPLAY) values (1034,6,6,102,'D');
Insert into QMUSER.D_PARAMETER (ID_PARAMETER,ID_PLANT,ID_GROUPAREA,ID_COMPONENT,DISPLAY) values (1035,6,6,103,'D');
Insert into QMUSER.D_PARAMETER (ID_PARAMETER,ID_PLANT,ID_GROUPAREA,ID_COMPONENT,DISPLAY) values (1036,6,6,104,'D');
Insert into QMUSER.D_PARAMETER (ID_PARAMETER,ID_PLANT,ID_GROUPAREA,ID_COMPONENT,DISPLAY) values (1037,6,6,105,'D');
Insert into QMUSER.D_PARAMETER (ID_PARAMETER,ID_PLANT,ID_GROUPAREA,ID_COMPONENT,DISPLAY) values (1038,6,6,121,'D');
Insert into QMUSER.D_PARAMETER (ID_PARAMETER,ID_PLANT,ID_GROUPAREA,ID_COMPONENT,DISPLAY) values (1039,6,6,122,'D');
Insert into QMUSER.D_PARAMETER (ID_PARAMETER,ID_PLANT,ID_GROUPAREA,ID_COMPONENT,DISPLAY) values (1040,6,6,123,'D');
Insert into QMUSER.D_PARAMETER (ID_PARAMETER,ID_PLANT,ID_GROUPAREA,ID_COMPONENT,DISPLAY) values (1056,7,4,3,'D');
Insert into QMUSER.D_PARAMETER (ID_PARAMETER,ID_PLANT,ID_GROUPAREA,ID_COMPONENT,DISPLAY) values (1057,7,4,4,'D');
Insert into QMUSER.D_PARAMETER (ID_PARAMETER,ID_PLANT,ID_GROUPAREA,ID_COMPONENT,DISPLAY) values (1058,7,4,6,'D');
Insert into QMUSER.D_PARAMETER (ID_PARAMETER,ID_PLANT,ID_GROUPAREA,ID_COMPONENT,DISPLAY) values (1059,7,4,21,'D');
Insert into QMUSER.D_PARAMETER (ID_PARAMETER,ID_PLANT,ID_GROUPAREA,ID_COMPONENT,DISPLAY) values (1060,7,4,22,'D');
Insert into QMUSER.D_PARAMETER (ID_PARAMETER,ID_PLANT,ID_GROUPAREA,ID_COMPONENT,DISPLAY) values (1061,7,4,32,'D');
Insert into QMUSER.D_PARAMETER (ID_PARAMETER,ID_PLANT,ID_GROUPAREA,ID_COMPONENT,DISPLAY) values (1062,7,4,41,'D');
Insert into QMUSER.D_PARAMETER (ID_PARAMETER,ID_PLANT,ID_GROUPAREA,ID_COMPONENT,DISPLAY) values (1063,7,4,101,'D');
Insert into QMUSER.D_PARAMETER (ID_PARAMETER,ID_PLANT,ID_GROUPAREA,ID_COMPONENT,DISPLAY) values (1064,7,4,102,'D');
Insert into QMUSER.D_PARAMETER (ID_PARAMETER,ID_PLANT,ID_GROUPAREA,ID_COMPONENT,DISPLAY) values (1065,7,4,103,'D');
Insert into QMUSER.D_PARAMETER (ID_PARAMETER,ID_PLANT,ID_GROUPAREA,ID_COMPONENT,DISPLAY) values (1066,7,4,104,'D');
Insert into QMUSER.D_PARAMETER (ID_PARAMETER,ID_PLANT,ID_GROUPAREA,ID_COMPONENT,DISPLAY) values (1067,7,4,105,'D');
Insert into QMUSER.D_PARAMETER (ID_PARAMETER,ID_PLANT,ID_GROUPAREA,ID_COMPONENT,DISPLAY) values (1068,7,4,121,'D');
Insert into QMUSER.D_PARAMETER (ID_PARAMETER,ID_PLANT,ID_GROUPAREA,ID_COMPONENT,DISPLAY) values (1069,7,4,122,'D');
Insert into QMUSER.D_PARAMETER (ID_PARAMETER,ID_PLANT,ID_GROUPAREA,ID_COMPONENT,DISPLAY) values (1070,7,4,123,'D');
Insert into QMUSER.D_PARAMETER (ID_PARAMETER,ID_PLANT,ID_GROUPAREA,ID_COMPONENT,DISPLAY) values (1161,1,4,3,'H');
Insert into QMUSER.D_PARAMETER (ID_PARAMETER,ID_PLANT,ID_GROUPAREA,ID_COMPONENT,DISPLAY) values (1162,1,4,4,'H');
Insert into QMUSER.D_PARAMETER (ID_PARAMETER,ID_PLANT,ID_GROUPAREA,ID_COMPONENT,DISPLAY) values (1163,1,4,6,'H');
Insert into QMUSER.D_PARAMETER (ID_PARAMETER,ID_PLANT,ID_GROUPAREA,ID_COMPONENT,DISPLAY) values (1164,1,4,21,'H');
Insert into QMUSER.D_PARAMETER (ID_PARAMETER,ID_PLANT,ID_GROUPAREA,ID_COMPONENT,DISPLAY) values (1165,1,4,22,'H');
Insert into QMUSER.D_PARAMETER (ID_PARAMETER,ID_PLANT,ID_GROUPAREA,ID_COMPONENT,DISPLAY) values (1166,1,4,32,'H');
Insert into QMUSER.D_PARAMETER (ID_PARAMETER,ID_PLANT,ID_GROUPAREA,ID_COMPONENT,DISPLAY) values (1167,1,4,41,'H');
Insert into QMUSER.D_PARAMETER (ID_PARAMETER,ID_PLANT,ID_GROUPAREA,ID_COMPONENT,DISPLAY) values (1168,1,4,101,'H');
Insert into QMUSER.D_PARAMETER (ID_PARAMETER,ID_PLANT,ID_GROUPAREA,ID_COMPONENT,DISPLAY) values (1169,1,4,102,'H');
Insert into QMUSER.D_PARAMETER (ID_PARAMETER,ID_PLANT,ID_GROUPAREA,ID_COMPONENT,DISPLAY) values (1170,1,4,103,'H');
Insert into QMUSER.D_PARAMETER (ID_PARAMETER,ID_PLANT,ID_GROUPAREA,ID_COMPONENT,DISPLAY) values (1171,1,4,104,'H');
Insert into QMUSER.D_PARAMETER (ID_PARAMETER,ID_PLANT,ID_GROUPAREA,ID_COMPONENT,DISPLAY) values (1172,1,4,105,'H');
Insert into QMUSER.D_PARAMETER (ID_PARAMETER,ID_PLANT,ID_GROUPAREA,ID_COMPONENT,DISPLAY) values (1173,1,4,121,'H');
Insert into QMUSER.D_PARAMETER (ID_PARAMETER,ID_PLANT,ID_GROUPAREA,ID_COMPONENT,DISPLAY) values (1174,1,4,122,'H');
Insert into QMUSER.D_PARAMETER (ID_PARAMETER,ID_PLANT,ID_GROUPAREA,ID_COMPONENT,DISPLAY) values (1175,1,4,123,'H');
Insert into QMUSER.D_PARAMETER (ID_PARAMETER,ID_PLANT,ID_GROUPAREA,ID_COMPONENT,DISPLAY) values (1230,2,4,3,'D');
Insert into QMUSER.D_PARAMETER (ID_PARAMETER,ID_PLANT,ID_GROUPAREA,ID_COMPONENT,DISPLAY) values (1231,2,4,4,'D');
Insert into QMUSER.D_PARAMETER (ID_PARAMETER,ID_PLANT,ID_GROUPAREA,ID_COMPONENT,DISPLAY) values (1232,2,4,6,'D');
Insert into QMUSER.D_PARAMETER (ID_PARAMETER,ID_PLANT,ID_GROUPAREA,ID_COMPONENT,DISPLAY) values (1233,2,4,21,'D');
Insert into QMUSER.D_PARAMETER (ID_PARAMETER,ID_PLANT,ID_GROUPAREA,ID_COMPONENT,DISPLAY) values (1234,2,4,22,'D');
Insert into QMUSER.D_PARAMETER (ID_PARAMETER,ID_PLANT,ID_GROUPAREA,ID_COMPONENT,DISPLAY) values (1235,2,4,32,'D');
Insert into QMUSER.D_PARAMETER (ID_PARAMETER,ID_PLANT,ID_GROUPAREA,ID_COMPONENT,DISPLAY) values (1236,2,4,41,'D');
Insert into QMUSER.D_PARAMETER (ID_PARAMETER,ID_PLANT,ID_GROUPAREA,ID_COMPONENT,DISPLAY) values (1237,2,4,101,'D');
Insert into QMUSER.D_PARAMETER (ID_PARAMETER,ID_PLANT,ID_GROUPAREA,ID_COMPONENT,DISPLAY) values (1238,2,4,102,'D');
Insert into QMUSER.D_PARAMETER (ID_PARAMETER,ID_PLANT,ID_GROUPAREA,ID_COMPONENT,DISPLAY) values (1239,2,4,103,'D');
Insert into QMUSER.D_PARAMETER (ID_PARAMETER,ID_PLANT,ID_GROUPAREA,ID_COMPONENT,DISPLAY) values (1240,2,4,104,'D');
Insert into QMUSER.D_PARAMETER (ID_PARAMETER,ID_PLANT,ID_GROUPAREA,ID_COMPONENT,DISPLAY) values (1241,2,4,105,'D');
Insert into QMUSER.D_PARAMETER (ID_PARAMETER,ID_PLANT,ID_GROUPAREA,ID_COMPONENT,DISPLAY) values (1242,2,4,121,'D');
Insert into QMUSER.D_PARAMETER (ID_PARAMETER,ID_PLANT,ID_GROUPAREA,ID_COMPONENT,DISPLAY) values (1243,2,4,122,'D');
Insert into QMUSER.D_PARAMETER (ID_PARAMETER,ID_PLANT,ID_GROUPAREA,ID_COMPONENT,DISPLAY) values (1244,2,4,123,'D');
Insert into QMUSER.D_PARAMETER (ID_PARAMETER,ID_PLANT,ID_GROUPAREA,ID_COMPONENT,DISPLAY) values (1324,3,6,3,'D');
Insert into QMUSER.D_PARAMETER (ID_PARAMETER,ID_PLANT,ID_GROUPAREA,ID_COMPONENT,DISPLAY) values (1325,3,6,4,'D');
Insert into QMUSER.D_PARAMETER (ID_PARAMETER,ID_PLANT,ID_GROUPAREA,ID_COMPONENT,DISPLAY) values (1326,3,6,6,'D');
Insert into QMUSER.D_PARAMETER (ID_PARAMETER,ID_PLANT,ID_GROUPAREA,ID_COMPONENT,DISPLAY) values (1327,3,6,21,'D');
Insert into QMUSER.D_PARAMETER (ID_PARAMETER,ID_PLANT,ID_GROUPAREA,ID_COMPONENT,DISPLAY) values (1328,3,6,22,'D');
Insert into QMUSER.D_PARAMETER (ID_PARAMETER,ID_PLANT,ID_GROUPAREA,ID_COMPONENT,DISPLAY) values (1329,3,6,32,'D');
Insert into QMUSER.D_PARAMETER (ID_PARAMETER,ID_PLANT,ID_GROUPAREA,ID_COMPONENT,DISPLAY) values (1330,3,6,41,'D');
Insert into QMUSER.D_PARAMETER (ID_PARAMETER,ID_PLANT,ID_GROUPAREA,ID_COMPONENT,DISPLAY) values (1331,3,6,101,'D');
Insert into QMUSER.D_PARAMETER (ID_PARAMETER,ID_PLANT,ID_GROUPAREA,ID_COMPONENT,DISPLAY) values (1332,3,6,102,'D');
Insert into QMUSER.D_PARAMETER (ID_PARAMETER,ID_PLANT,ID_GROUPAREA,ID_COMPONENT,DISPLAY) values (1333,3,6,103,'D');
Insert into QMUSER.D_PARAMETER (ID_PARAMETER,ID_PLANT,ID_GROUPAREA,ID_COMPONENT,DISPLAY) values (1334,3,6,104,'D');
Insert into QMUSER.D_PARAMETER (ID_PARAMETER,ID_PLANT,ID_GROUPAREA,ID_COMPONENT,DISPLAY) values (1335,3,6,105,'D');
Insert into QMUSER.D_PARAMETER (ID_PARAMETER,ID_PLANT,ID_GROUPAREA,ID_COMPONENT,DISPLAY) values (1336,3,6,121,'D');
Insert into QMUSER.D_PARAMETER (ID_PARAMETER,ID_PLANT,ID_GROUPAREA,ID_COMPONENT,DISPLAY) values (1337,3,6,122,'D');
Insert into QMUSER.D_PARAMETER (ID_PARAMETER,ID_PLANT,ID_GROUPAREA,ID_COMPONENT,DISPLAY) values (1338,3,6,123,'D');
Insert into QMUSER.D_PARAMETER (ID_PARAMETER,ID_PLANT,ID_GROUPAREA,ID_COMPONENT,DISPLAY) values (1369,4,1,24,'D');
Insert into QMUSER.D_PARAMETER (ID_PARAMETER,ID_PLANT,ID_GROUPAREA,ID_COMPONENT,DISPLAY) values (1370,4,1,28,'D');
Insert into QMUSER.D_PARAMETER (ID_PARAMETER,ID_PLANT,ID_GROUPAREA,ID_COMPONENT,DISPLAY) values (1371,4,1,29,'D');
Insert into QMUSER.D_PARAMETER (ID_PARAMETER,ID_PLANT,ID_GROUPAREA,ID_COMPONENT,DISPLAY) values (1372,4,1,30,'D');
Insert into QMUSER.D_PARAMETER (ID_PARAMETER,ID_PLANT,ID_GROUPAREA,ID_COMPONENT,DISPLAY) values (1373,4,1,32,'D');
Insert into QMUSER.D_PARAMETER (ID_PARAMETER,ID_PLANT,ID_GROUPAREA,ID_COMPONENT,DISPLAY) values (1374,4,1,33,'D');
Insert into QMUSER.D_PARAMETER (ID_PARAMETER,ID_PLANT,ID_GROUPAREA,ID_COMPONENT,DISPLAY) values (1375,4,1,34,'D');
Insert into QMUSER.D_PARAMETER (ID_PARAMETER,ID_PLANT,ID_GROUPAREA,ID_COMPONENT,DISPLAY) values (1376,4,1,36,'D');
Insert into QMUSER.D_PARAMETER (ID_PARAMETER,ID_PLANT,ID_GROUPAREA,ID_COMPONENT,DISPLAY) values (1377,4,1,37,'D');
Insert into QMUSER.D_PARAMETER (ID_PARAMETER,ID_PLANT,ID_GROUPAREA,ID_COMPONENT,DISPLAY) values (1378,4,1,38,'D');
Insert into QMUSER.D_PARAMETER (ID_PARAMETER,ID_PLANT,ID_GROUPAREA,ID_COMPONENT,DISPLAY) values (1379,4,1,39,'D');
Insert into QMUSER.D_PARAMETER (ID_PARAMETER,ID_PLANT,ID_GROUPAREA,ID_COMPONENT,DISPLAY) values (1380,4,1,40,'D');
Insert into QMUSER.D_PARAMETER (ID_PARAMETER,ID_PLANT,ID_GROUPAREA,ID_COMPONENT,DISPLAY) values (1381,4,1,101,'D');
Insert into QMUSER.D_PARAMETER (ID_PARAMETER,ID_PLANT,ID_GROUPAREA,ID_COMPONENT,DISPLAY) values (1382,4,1,102,'D');
Insert into QMUSER.D_PARAMETER (ID_PARAMETER,ID_PLANT,ID_GROUPAREA,ID_COMPONENT,DISPLAY) values (1383,4,1,103,'D');
Insert into QMUSER.D_PARAMETER (ID_PARAMETER,ID_PLANT,ID_GROUPAREA,ID_COMPONENT,DISPLAY) values (1384,4,1,104,'D');
Insert into QMUSER.D_PARAMETER (ID_PARAMETER,ID_PLANT,ID_GROUPAREA,ID_COMPONENT,DISPLAY) values (1385,4,1,105,'D');
Insert into QMUSER.D_PARAMETER (ID_PARAMETER,ID_PLANT,ID_GROUPAREA,ID_COMPONENT,DISPLAY) values (1386,4,1,106,'D');
Insert into QMUSER.D_PARAMETER (ID_PARAMETER,ID_PLANT,ID_GROUPAREA,ID_COMPONENT,DISPLAY) values (1387,4,1,107,'D');
Insert into QMUSER.D_PARAMETER (ID_PARAMETER,ID_PLANT,ID_GROUPAREA,ID_COMPONENT,DISPLAY) values (1417,4,4,3,'D');
Insert into QMUSER.D_PARAMETER (ID_PARAMETER,ID_PLANT,ID_GROUPAREA,ID_COMPONENT,DISPLAY) values (1418,4,4,4,'D');
Insert into QMUSER.D_PARAMETER (ID_PARAMETER,ID_PLANT,ID_GROUPAREA,ID_COMPONENT,DISPLAY) values (1419,4,4,6,'D');
Insert into QMUSER.D_PARAMETER (ID_PARAMETER,ID_PLANT,ID_GROUPAREA,ID_COMPONENT,DISPLAY) values (1420,4,4,21,'D');
Insert into QMUSER.D_PARAMETER (ID_PARAMETER,ID_PLANT,ID_GROUPAREA,ID_COMPONENT,DISPLAY) values (1421,4,4,22,'D');
Insert into QMUSER.D_PARAMETER (ID_PARAMETER,ID_PLANT,ID_GROUPAREA,ID_COMPONENT,DISPLAY) values (1422,4,4,32,'D');
Insert into QMUSER.D_PARAMETER (ID_PARAMETER,ID_PLANT,ID_GROUPAREA,ID_COMPONENT,DISPLAY) values (1423,4,4,41,'D');
Insert into QMUSER.D_PARAMETER (ID_PARAMETER,ID_PLANT,ID_GROUPAREA,ID_COMPONENT,DISPLAY) values (1424,4,4,101,'D');
Insert into QMUSER.D_PARAMETER (ID_PARAMETER,ID_PLANT,ID_GROUPAREA,ID_COMPONENT,DISPLAY) values (1425,4,4,102,'D');
Insert into QMUSER.D_PARAMETER (ID_PARAMETER,ID_PLANT,ID_GROUPAREA,ID_COMPONENT,DISPLAY) values (1426,4,4,103,'D');
Insert into QMUSER.D_PARAMETER (ID_PARAMETER,ID_PLANT,ID_GROUPAREA,ID_COMPONENT,DISPLAY) values (1427,4,4,104,'D');
Insert into QMUSER.D_PARAMETER (ID_PARAMETER,ID_PLANT,ID_GROUPAREA,ID_COMPONENT,DISPLAY) values (1428,4,4,105,'D');
Insert into QMUSER.D_PARAMETER (ID_PARAMETER,ID_PLANT,ID_GROUPAREA,ID_COMPONENT,DISPLAY) values (1429,4,4,121,'D');
Insert into QMUSER.D_PARAMETER (ID_PARAMETER,ID_PLANT,ID_GROUPAREA,ID_COMPONENT,DISPLAY) values (1430,4,4,122,'D');
Insert into QMUSER.D_PARAMETER (ID_PARAMETER,ID_PLANT,ID_GROUPAREA,ID_COMPONENT,DISPLAY) values (1431,4,4,123,'D');
Insert into QMUSER.D_PARAMETER (ID_PARAMETER,ID_PLANT,ID_GROUPAREA,ID_COMPONENT,DISPLAY) values (1432,4,4,3,'H');
Insert into QMUSER.D_PARAMETER (ID_PARAMETER,ID_PLANT,ID_GROUPAREA,ID_COMPONENT,DISPLAY) values (1433,4,4,4,'H');
Insert into QMUSER.D_PARAMETER (ID_PARAMETER,ID_PLANT,ID_GROUPAREA,ID_COMPONENT,DISPLAY) values (1434,4,4,6,'H');
Insert into QMUSER.D_PARAMETER (ID_PARAMETER,ID_PLANT,ID_GROUPAREA,ID_COMPONENT,DISPLAY) values (1435,4,4,21,'H');
Insert into QMUSER.D_PARAMETER (ID_PARAMETER,ID_PLANT,ID_GROUPAREA,ID_COMPONENT,DISPLAY) values (1436,4,4,22,'H');
Insert into QMUSER.D_PARAMETER (ID_PARAMETER,ID_PLANT,ID_GROUPAREA,ID_COMPONENT,DISPLAY) values (1437,4,4,32,'H');
Insert into QMUSER.D_PARAMETER (ID_PARAMETER,ID_PLANT,ID_GROUPAREA,ID_COMPONENT,DISPLAY) values (1438,4,4,41,'H');
Insert into QMUSER.D_PARAMETER (ID_PARAMETER,ID_PLANT,ID_GROUPAREA,ID_COMPONENT,DISPLAY) values (1439,4,4,101,'H');
Insert into QMUSER.D_PARAMETER (ID_PARAMETER,ID_PLANT,ID_GROUPAREA,ID_COMPONENT,DISPLAY) values (1440,4,4,102,'H');
Insert into QMUSER.D_PARAMETER (ID_PARAMETER,ID_PLANT,ID_GROUPAREA,ID_COMPONENT,DISPLAY) values (1441,4,4,103,'H');
Insert into QMUSER.D_PARAMETER (ID_PARAMETER,ID_PLANT,ID_GROUPAREA,ID_COMPONENT,DISPLAY) values (1442,4,4,104,'H');
Insert into QMUSER.D_PARAMETER (ID_PARAMETER,ID_PLANT,ID_GROUPAREA,ID_COMPONENT,DISPLAY) values (1443,4,4,105,'H');
Insert into QMUSER.D_PARAMETER (ID_PARAMETER,ID_PLANT,ID_GROUPAREA,ID_COMPONENT,DISPLAY) values (1444,4,4,121,'H');
Insert into QMUSER.D_PARAMETER (ID_PARAMETER,ID_PLANT,ID_GROUPAREA,ID_COMPONENT,DISPLAY) values (1445,4,4,122,'H');
Insert into QMUSER.D_PARAMETER (ID_PARAMETER,ID_PLANT,ID_GROUPAREA,ID_COMPONENT,DISPLAY) values (1446,4,4,123,'H');
Insert into QMUSER.D_PARAMETER (ID_PARAMETER,ID_PLANT,ID_GROUPAREA,ID_COMPONENT,DISPLAY) values (1447,4,6,3,'H');
Insert into QMUSER.D_PARAMETER (ID_PARAMETER,ID_PLANT,ID_GROUPAREA,ID_COMPONENT,DISPLAY) values (1448,4,6,4,'H');
Insert into QMUSER.D_PARAMETER (ID_PARAMETER,ID_PLANT,ID_GROUPAREA,ID_COMPONENT,DISPLAY) values (1449,4,6,6,'H');
Insert into QMUSER.D_PARAMETER (ID_PARAMETER,ID_PLANT,ID_GROUPAREA,ID_COMPONENT,DISPLAY) values (1450,4,6,21,'H');
Insert into QMUSER.D_PARAMETER (ID_PARAMETER,ID_PLANT,ID_GROUPAREA,ID_COMPONENT,DISPLAY) values (1451,4,6,22,'H');
Insert into QMUSER.D_PARAMETER (ID_PARAMETER,ID_PLANT,ID_GROUPAREA,ID_COMPONENT,DISPLAY) values (1452,4,6,32,'H');
Insert into QMUSER.D_PARAMETER (ID_PARAMETER,ID_PLANT,ID_GROUPAREA,ID_COMPONENT,DISPLAY) values (1453,4,6,41,'H');
Insert into QMUSER.D_PARAMETER (ID_PARAMETER,ID_PLANT,ID_GROUPAREA,ID_COMPONENT,DISPLAY) values (1454,4,6,101,'H');
Insert into QMUSER.D_PARAMETER (ID_PARAMETER,ID_PLANT,ID_GROUPAREA,ID_COMPONENT,DISPLAY) values (1455,4,6,102,'H');
Insert into QMUSER.D_PARAMETER (ID_PARAMETER,ID_PLANT,ID_GROUPAREA,ID_COMPONENT,DISPLAY) values (1456,4,6,103,'H');
Insert into QMUSER.D_PARAMETER (ID_PARAMETER,ID_PLANT,ID_GROUPAREA,ID_COMPONENT,DISPLAY) values (1457,4,6,104,'H');
Insert into QMUSER.D_PARAMETER (ID_PARAMETER,ID_PLANT,ID_GROUPAREA,ID_COMPONENT,DISPLAY) values (1458,4,6,105,'H');
Insert into QMUSER.D_PARAMETER (ID_PARAMETER,ID_PLANT,ID_GROUPAREA,ID_COMPONENT,DISPLAY) values (1459,4,6,121,'H');
Insert into QMUSER.D_PARAMETER (ID_PARAMETER,ID_PLANT,ID_GROUPAREA,ID_COMPONENT,DISPLAY) values (1460,4,6,122,'H');
Insert into QMUSER.D_PARAMETER (ID_PARAMETER,ID_PLANT,ID_GROUPAREA,ID_COMPONENT,DISPLAY) values (1461,4,6,123,'H');
Insert into QMUSER.D_PARAMETER (ID_PARAMETER,ID_PLANT,ID_GROUPAREA,ID_COMPONENT,DISPLAY) values (1480,9,3,3,'H');
Insert into QMUSER.D_PARAMETER (ID_PARAMETER,ID_PLANT,ID_GROUPAREA,ID_COMPONENT,DISPLAY) values (1481,9,3,4,'H');
Insert into QMUSER.D_PARAMETER (ID_PARAMETER,ID_PLANT,ID_GROUPAREA,ID_COMPONENT,DISPLAY) values (1482,9,3,6,'H');
Insert into QMUSER.D_PARAMETER (ID_PARAMETER,ID_PLANT,ID_GROUPAREA,ID_COMPONENT,DISPLAY) values (1483,9,3,27,'H');
Insert into QMUSER.D_PARAMETER (ID_PARAMETER,ID_PLANT,ID_GROUPAREA,ID_COMPONENT,DISPLAY) values (1484,9,3,28,'H');
Insert into QMUSER.D_PARAMETER (ID_PARAMETER,ID_PLANT,ID_GROUPAREA,ID_COMPONENT,DISPLAY) values (1485,9,3,29,'H');
Insert into QMUSER.D_PARAMETER (ID_PARAMETER,ID_PLANT,ID_GROUPAREA,ID_COMPONENT,DISPLAY) values (1486,9,3,31,'H');
Insert into QMUSER.D_PARAMETER (ID_PARAMETER,ID_PLANT,ID_GROUPAREA,ID_COMPONENT,DISPLAY) values (1487,9,3,32,'H');
Insert into QMUSER.D_PARAMETER (ID_PARAMETER,ID_PLANT,ID_GROUPAREA,ID_COMPONENT,DISPLAY) values (1488,9,3,81,'H');
Insert into QMUSER.D_PARAMETER (ID_PARAMETER,ID_PLANT,ID_GROUPAREA,ID_COMPONENT,DISPLAY) values (1489,9,3,82,'H');
Insert into QMUSER.D_PARAMETER (ID_PARAMETER,ID_PLANT,ID_GROUPAREA,ID_COMPONENT,DISPLAY) values (1490,9,3,101,'H');
Insert into QMUSER.D_PARAMETER (ID_PARAMETER,ID_PLANT,ID_GROUPAREA,ID_COMPONENT,DISPLAY) values (1491,9,3,102,'H');
Insert into QMUSER.D_PARAMETER (ID_PARAMETER,ID_PLANT,ID_GROUPAREA,ID_COMPONENT,DISPLAY) values (1492,9,3,103,'H');
Insert into QMUSER.D_PARAMETER (ID_PARAMETER,ID_PLANT,ID_GROUPAREA,ID_COMPONENT,DISPLAY) values (1493,9,3,104,'H');
Insert into QMUSER.D_PARAMETER (ID_PARAMETER,ID_PLANT,ID_GROUPAREA,ID_COMPONENT,DISPLAY) values (1494,9,3,105,'H');
Insert into QMUSER.D_PARAMETER (ID_PARAMETER,ID_PLANT,ID_GROUPAREA,ID_COMPONENT,DISPLAY) values (1495,9,3,121,'H');
Insert into QMUSER.D_PARAMETER (ID_PARAMETER,ID_PLANT,ID_GROUPAREA,ID_COMPONENT,DISPLAY) values (1496,9,3,122,'H');
Insert into QMUSER.D_PARAMETER (ID_PARAMETER,ID_PLANT,ID_GROUPAREA,ID_COMPONENT,DISPLAY) values (1497,9,3,123,'H');
Insert into QMUSER.D_PARAMETER (ID_PARAMETER,ID_PLANT,ID_GROUPAREA,ID_COMPONENT,DISPLAY) values (1498,9,3,3,'D');
Insert into QMUSER.D_PARAMETER (ID_PARAMETER,ID_PLANT,ID_GROUPAREA,ID_COMPONENT,DISPLAY) values (1499,9,3,4,'D');
Insert into QMUSER.D_PARAMETER (ID_PARAMETER,ID_PLANT,ID_GROUPAREA,ID_COMPONENT,DISPLAY) values (1500,9,3,6,'D');
Insert into QMUSER.D_PARAMETER (ID_PARAMETER,ID_PLANT,ID_GROUPAREA,ID_COMPONENT,DISPLAY) values (1501,9,3,27,'D');
Insert into QMUSER.D_PARAMETER (ID_PARAMETER,ID_PLANT,ID_GROUPAREA,ID_COMPONENT,DISPLAY) values (1502,9,3,28,'D');
Insert into QMUSER.D_PARAMETER (ID_PARAMETER,ID_PLANT,ID_GROUPAREA,ID_COMPONENT,DISPLAY) values (1503,9,3,29,'D');
Insert into QMUSER.D_PARAMETER (ID_PARAMETER,ID_PLANT,ID_GROUPAREA,ID_COMPONENT,DISPLAY) values (1504,9,3,31,'D');
Insert into QMUSER.D_PARAMETER (ID_PARAMETER,ID_PLANT,ID_GROUPAREA,ID_COMPONENT,DISPLAY) values (1505,9,3,32,'D');
Insert into QMUSER.D_PARAMETER (ID_PARAMETER,ID_PLANT,ID_GROUPAREA,ID_COMPONENT,DISPLAY) values (1506,9,3,81,'D');
Insert into QMUSER.D_PARAMETER (ID_PARAMETER,ID_PLANT,ID_GROUPAREA,ID_COMPONENT,DISPLAY) values (1507,9,3,82,'D');
Insert into QMUSER.D_PARAMETER (ID_PARAMETER,ID_PLANT,ID_GROUPAREA,ID_COMPONENT,DISPLAY) values (1508,9,3,101,'D');
Insert into QMUSER.D_PARAMETER (ID_PARAMETER,ID_PLANT,ID_GROUPAREA,ID_COMPONENT,DISPLAY) values (1509,9,3,102,'D');
Insert into QMUSER.D_PARAMETER (ID_PARAMETER,ID_PLANT,ID_GROUPAREA,ID_COMPONENT,DISPLAY) values (1510,9,3,103,'D');
Insert into QMUSER.D_PARAMETER (ID_PARAMETER,ID_PLANT,ID_GROUPAREA,ID_COMPONENT,DISPLAY) values (1511,9,3,104,'D');
Insert into QMUSER.D_PARAMETER (ID_PARAMETER,ID_PLANT,ID_GROUPAREA,ID_COMPONENT,DISPLAY) values (1512,9,3,105,'D');
Insert into QMUSER.D_PARAMETER (ID_PARAMETER,ID_PLANT,ID_GROUPAREA,ID_COMPONENT,DISPLAY) values (1513,9,3,121,'D');
Insert into QMUSER.D_PARAMETER (ID_PARAMETER,ID_PLANT,ID_GROUPAREA,ID_COMPONENT,DISPLAY) values (1514,9,3,122,'D');
Insert into QMUSER.D_PARAMETER (ID_PARAMETER,ID_PLANT,ID_GROUPAREA,ID_COMPONENT,DISPLAY) values (1515,9,3,123,'D');
Insert into QMUSER.D_PARAMETER (ID_PARAMETER,ID_PLANT,ID_GROUPAREA,ID_COMPONENT,DISPLAY) values (1641,5,3,3,'D');
Insert into QMUSER.D_PARAMETER (ID_PARAMETER,ID_PLANT,ID_GROUPAREA,ID_COMPONENT,DISPLAY) values (1642,5,3,4,'D');
Insert into QMUSER.D_PARAMETER (ID_PARAMETER,ID_PLANT,ID_GROUPAREA,ID_COMPONENT,DISPLAY) values (1643,5,3,6,'D');
Insert into QMUSER.D_PARAMETER (ID_PARAMETER,ID_PLANT,ID_GROUPAREA,ID_COMPONENT,DISPLAY) values (1644,5,3,27,'D');
Insert into QMUSER.D_PARAMETER (ID_PARAMETER,ID_PLANT,ID_GROUPAREA,ID_COMPONENT,DISPLAY) values (1645,5,3,28,'D');
Insert into QMUSER.D_PARAMETER (ID_PARAMETER,ID_PLANT,ID_GROUPAREA,ID_COMPONENT,DISPLAY) values (1646,5,3,29,'D');
Insert into QMUSER.D_PARAMETER (ID_PARAMETER,ID_PLANT,ID_GROUPAREA,ID_COMPONENT,DISPLAY) values (1647,5,3,31,'D');
Insert into QMUSER.D_PARAMETER (ID_PARAMETER,ID_PLANT,ID_GROUPAREA,ID_COMPONENT,DISPLAY) values (1648,5,3,32,'D');
Insert into QMUSER.D_PARAMETER (ID_PARAMETER,ID_PLANT,ID_GROUPAREA,ID_COMPONENT,DISPLAY) values (1649,5,3,81,'D');
Insert into QMUSER.D_PARAMETER (ID_PARAMETER,ID_PLANT,ID_GROUPAREA,ID_COMPONENT,DISPLAY) values (1650,5,3,82,'D');
Insert into QMUSER.D_PARAMETER (ID_PARAMETER,ID_PLANT,ID_GROUPAREA,ID_COMPONENT,DISPLAY) values (1651,5,3,101,'D');
Insert into QMUSER.D_PARAMETER (ID_PARAMETER,ID_PLANT,ID_GROUPAREA,ID_COMPONENT,DISPLAY) values (1652,5,3,102,'D');
Insert into QMUSER.D_PARAMETER (ID_PARAMETER,ID_PLANT,ID_GROUPAREA,ID_COMPONENT,DISPLAY) values (1653,5,3,103,'D');
Insert into QMUSER.D_PARAMETER (ID_PARAMETER,ID_PLANT,ID_GROUPAREA,ID_COMPONENT,DISPLAY) values (1654,5,3,104,'D');
Insert into QMUSER.D_PARAMETER (ID_PARAMETER,ID_PLANT,ID_GROUPAREA,ID_COMPONENT,DISPLAY) values (1655,5,3,105,'D');
Insert into QMUSER.D_PARAMETER (ID_PARAMETER,ID_PLANT,ID_GROUPAREA,ID_COMPONENT,DISPLAY) values (1656,5,3,121,'D');
Insert into QMUSER.D_PARAMETER (ID_PARAMETER,ID_PLANT,ID_GROUPAREA,ID_COMPONENT,DISPLAY) values (1657,5,3,122,'D');
Insert into QMUSER.D_PARAMETER (ID_PARAMETER,ID_PLANT,ID_GROUPAREA,ID_COMPONENT,DISPLAY) values (1658,5,3,123,'D');
Insert into QMUSER.D_PARAMETER (ID_PARAMETER,ID_PLANT,ID_GROUPAREA,ID_COMPONENT,DISPLAY) values (1659,5,3,3,'H');
Insert into QMUSER.D_PARAMETER (ID_PARAMETER,ID_PLANT,ID_GROUPAREA,ID_COMPONENT,DISPLAY) values (1660,5,3,4,'H');
Insert into QMUSER.D_PARAMETER (ID_PARAMETER,ID_PLANT,ID_GROUPAREA,ID_COMPONENT,DISPLAY) values (1661,5,3,6,'H');
Insert into QMUSER.D_PARAMETER (ID_PARAMETER,ID_PLANT,ID_GROUPAREA,ID_COMPONENT,DISPLAY) values (1662,5,3,27,'H');
Insert into QMUSER.D_PARAMETER (ID_PARAMETER,ID_PLANT,ID_GROUPAREA,ID_COMPONENT,DISPLAY) values (1663,5,3,28,'H');
Insert into QMUSER.D_PARAMETER (ID_PARAMETER,ID_PLANT,ID_GROUPAREA,ID_COMPONENT,DISPLAY) values (1664,5,3,29,'H');
Insert into QMUSER.D_PARAMETER (ID_PARAMETER,ID_PLANT,ID_GROUPAREA,ID_COMPONENT,DISPLAY) values (1665,5,3,31,'H');
Insert into QMUSER.D_PARAMETER (ID_PARAMETER,ID_PLANT,ID_GROUPAREA,ID_COMPONENT,DISPLAY) values (1666,5,3,32,'H');
Insert into QMUSER.D_PARAMETER (ID_PARAMETER,ID_PLANT,ID_GROUPAREA,ID_COMPONENT,DISPLAY) values (1667,5,3,81,'H');
Insert into QMUSER.D_PARAMETER (ID_PARAMETER,ID_PLANT,ID_GROUPAREA,ID_COMPONENT,DISPLAY) values (1668,5,3,82,'H');
Insert into QMUSER.D_PARAMETER (ID_PARAMETER,ID_PLANT,ID_GROUPAREA,ID_COMPONENT,DISPLAY) values (1669,5,3,101,'H');
Insert into QMUSER.D_PARAMETER (ID_PARAMETER,ID_PLANT,ID_GROUPAREA,ID_COMPONENT,DISPLAY) values (1670,5,3,102,'H');
Insert into QMUSER.D_PARAMETER (ID_PARAMETER,ID_PLANT,ID_GROUPAREA,ID_COMPONENT,DISPLAY) values (1671,5,3,103,'H');
Insert into QMUSER.D_PARAMETER (ID_PARAMETER,ID_PLANT,ID_GROUPAREA,ID_COMPONENT,DISPLAY) values (1672,5,3,104,'H');
Insert into QMUSER.D_PARAMETER (ID_PARAMETER,ID_PLANT,ID_GROUPAREA,ID_COMPONENT,DISPLAY) values (1673,5,3,105,'H');
Insert into QMUSER.D_PARAMETER (ID_PARAMETER,ID_PLANT,ID_GROUPAREA,ID_COMPONENT,DISPLAY) values (323,8,1,29,'D');
Insert into QMUSER.D_PARAMETER (ID_PARAMETER,ID_PLANT,ID_GROUPAREA,ID_COMPONENT,DISPLAY) values (324,8,1,30,'D');
Insert into QMUSER.D_PARAMETER (ID_PARAMETER,ID_PLANT,ID_GROUPAREA,ID_COMPONENT,DISPLAY) values (325,8,1,32,'D');
Insert into QMUSER.D_PARAMETER (ID_PARAMETER,ID_PLANT,ID_GROUPAREA,ID_COMPONENT,DISPLAY) values (326,8,1,33,'D');
Insert into QMUSER.D_PARAMETER (ID_PARAMETER,ID_PLANT,ID_GROUPAREA,ID_COMPONENT,DISPLAY) values (327,8,1,34,'D');
Insert into QMUSER.D_PARAMETER (ID_PARAMETER,ID_PLANT,ID_GROUPAREA,ID_COMPONENT,DISPLAY) values (328,8,1,35,'D');
Insert into QMUSER.D_PARAMETER (ID_PARAMETER,ID_PLANT,ID_GROUPAREA,ID_COMPONENT,DISPLAY) values (329,8,1,36,'D');
Insert into QMUSER.D_PARAMETER (ID_PARAMETER,ID_PLANT,ID_GROUPAREA,ID_COMPONENT,DISPLAY) values (330,8,1,37,'D');
Insert into QMUSER.D_PARAMETER (ID_PARAMETER,ID_PLANT,ID_GROUPAREA,ID_COMPONENT,DISPLAY) values (331,8,1,38,'D');
Insert into QMUSER.D_PARAMETER (ID_PARAMETER,ID_PLANT,ID_GROUPAREA,ID_COMPONENT,DISPLAY) values (332,8,1,39,'D');
Insert into QMUSER.D_PARAMETER (ID_PARAMETER,ID_PLANT,ID_GROUPAREA,ID_COMPONENT,DISPLAY) values (333,8,1,40,'D');
Insert into QMUSER.D_PARAMETER (ID_PARAMETER,ID_PLANT,ID_GROUPAREA,ID_COMPONENT,DISPLAY) values (334,8,1,101,'D');
Insert into QMUSER.D_PARAMETER (ID_PARAMETER,ID_PLANT,ID_GROUPAREA,ID_COMPONENT,DISPLAY) values (335,8,1,102,'D');
Insert into QMUSER.D_PARAMETER (ID_PARAMETER,ID_PLANT,ID_GROUPAREA,ID_COMPONENT,DISPLAY) values (321,8,1,24,'D');
Insert into QMUSER.D_PARAMETER (ID_PARAMETER,ID_PLANT,ID_GROUPAREA,ID_COMPONENT,DISPLAY) values (322,8,1,28,'D');
Insert into QMUSER.D_PARAMETER (ID_PARAMETER,ID_PLANT,ID_GROUPAREA,ID_COMPONENT,DISPLAY) values (336,8,1,103,'D');
Insert into QMUSER.D_PARAMETER (ID_PARAMETER,ID_PLANT,ID_GROUPAREA,ID_COMPONENT,DISPLAY) values (337,8,1,104,'D');
Insert into QMUSER.D_PARAMETER (ID_PARAMETER,ID_PLANT,ID_GROUPAREA,ID_COMPONENT,DISPLAY) values (338,8,1,105,'D');
Insert into QMUSER.D_PARAMETER (ID_PARAMETER,ID_PLANT,ID_GROUPAREA,ID_COMPONENT,DISPLAY) values (339,8,1,106,'D');
Insert into QMUSER.D_PARAMETER (ID_PARAMETER,ID_PLANT,ID_GROUPAREA,ID_COMPONENT,DISPLAY) values (340,8,1,107,'D');
Insert into QMUSER.D_PARAMETER (ID_PARAMETER,ID_PLANT,ID_GROUPAREA,ID_COMPONENT,DISPLAY) values (538,28,1,24,'D');
Insert into QMUSER.D_PARAMETER (ID_PARAMETER,ID_PLANT,ID_GROUPAREA,ID_COMPONENT,DISPLAY) values (539,28,1,28,'D');
Insert into QMUSER.D_PARAMETER (ID_PARAMETER,ID_PLANT,ID_GROUPAREA,ID_COMPONENT,DISPLAY) values (540,28,1,29,'D');
Insert into QMUSER.D_PARAMETER (ID_PARAMETER,ID_PLANT,ID_GROUPAREA,ID_COMPONENT,DISPLAY) values (541,28,1,30,'D');
Insert into QMUSER.D_PARAMETER (ID_PARAMETER,ID_PLANT,ID_GROUPAREA,ID_COMPONENT,DISPLAY) values (542,28,1,32,'D');
Insert into QMUSER.D_PARAMETER (ID_PARAMETER,ID_PLANT,ID_GROUPAREA,ID_COMPONENT,DISPLAY) values (543,28,1,33,'D');
Insert into QMUSER.D_PARAMETER (ID_PARAMETER,ID_PLANT,ID_GROUPAREA,ID_COMPONENT,DISPLAY) values (544,28,1,34,'D');
Insert into QMUSER.D_PARAMETER (ID_PARAMETER,ID_PLANT,ID_GROUPAREA,ID_COMPONENT,DISPLAY) values (545,28,1,36,'D');
Insert into QMUSER.D_PARAMETER (ID_PARAMETER,ID_PLANT,ID_GROUPAREA,ID_COMPONENT,DISPLAY) values (546,28,1,37,'D');
Insert into QMUSER.D_PARAMETER (ID_PARAMETER,ID_PLANT,ID_GROUPAREA,ID_COMPONENT,DISPLAY) values (547,28,1,38,'D');
Insert into QMUSER.D_PARAMETER (ID_PARAMETER,ID_PLANT,ID_GROUPAREA,ID_COMPONENT,DISPLAY) values (548,28,1,39,'D');
Insert into QMUSER.D_PARAMETER (ID_PARAMETER,ID_PLANT,ID_GROUPAREA,ID_COMPONENT,DISPLAY) values (549,28,1,40,'D');
Insert into QMUSER.D_PARAMETER (ID_PARAMETER,ID_PLANT,ID_GROUPAREA,ID_COMPONENT,DISPLAY) values (550,28,1,101,'D');
Insert into QMUSER.D_PARAMETER (ID_PARAMETER,ID_PLANT,ID_GROUPAREA,ID_COMPONENT,DISPLAY) values (551,28,1,102,'D');
Insert into QMUSER.D_PARAMETER (ID_PARAMETER,ID_PLANT,ID_GROUPAREA,ID_COMPONENT,DISPLAY) values (552,28,1,103,'D');
Insert into QMUSER.D_PARAMETER (ID_PARAMETER,ID_PLANT,ID_GROUPAREA,ID_COMPONENT,DISPLAY) values (553,28,1,104,'D');
Insert into QMUSER.D_PARAMETER (ID_PARAMETER,ID_PLANT,ID_GROUPAREA,ID_COMPONENT,DISPLAY) values (554,28,1,105,'D');
Insert into QMUSER.D_PARAMETER (ID_PARAMETER,ID_PLANT,ID_GROUPAREA,ID_COMPONENT,DISPLAY) values (555,28,1,106,'D');
Insert into QMUSER.D_PARAMETER (ID_PARAMETER,ID_PLANT,ID_GROUPAREA,ID_COMPONENT,DISPLAY) values (556,28,1,107,'D');
Insert into QMUSER.D_PARAMETER (ID_PARAMETER,ID_PLANT,ID_GROUPAREA,ID_COMPONENT,DISPLAY) values (729,23,6,3,'D');
Insert into QMUSER.D_PARAMETER (ID_PARAMETER,ID_PLANT,ID_GROUPAREA,ID_COMPONENT,DISPLAY) values (730,23,6,4,'D');
Insert into QMUSER.D_PARAMETER (ID_PARAMETER,ID_PLANT,ID_GROUPAREA,ID_COMPONENT,DISPLAY) values (731,23,6,6,'D');
Insert into QMUSER.D_PARAMETER (ID_PARAMETER,ID_PLANT,ID_GROUPAREA,ID_COMPONENT,DISPLAY) values (732,23,6,21,'D');
Insert into QMUSER.D_PARAMETER (ID_PARAMETER,ID_PLANT,ID_GROUPAREA,ID_COMPONENT,DISPLAY) values (733,23,6,22,'D');
Insert into QMUSER.D_PARAMETER (ID_PARAMETER,ID_PLANT,ID_GROUPAREA,ID_COMPONENT,DISPLAY) values (734,23,6,32,'D');
Insert into QMUSER.D_PARAMETER (ID_PARAMETER,ID_PLANT,ID_GROUPAREA,ID_COMPONENT,DISPLAY) values (735,23,6,41,'D');
Insert into QMUSER.D_PARAMETER (ID_PARAMETER,ID_PLANT,ID_GROUPAREA,ID_COMPONENT,DISPLAY) values (736,23,6,101,'D');
Insert into QMUSER.D_PARAMETER (ID_PARAMETER,ID_PLANT,ID_GROUPAREA,ID_COMPONENT,DISPLAY) values (737,23,6,102,'D');
Insert into QMUSER.D_PARAMETER (ID_PARAMETER,ID_PLANT,ID_GROUPAREA,ID_COMPONENT,DISPLAY) values (738,23,6,103,'D');
Insert into QMUSER.D_PARAMETER (ID_PARAMETER,ID_PLANT,ID_GROUPAREA,ID_COMPONENT,DISPLAY) values (739,23,6,104,'D');
Insert into QMUSER.D_PARAMETER (ID_PARAMETER,ID_PLANT,ID_GROUPAREA,ID_COMPONENT,DISPLAY) values (740,23,6,105,'D');
Insert into QMUSER.D_PARAMETER (ID_PARAMETER,ID_PLANT,ID_GROUPAREA,ID_COMPONENT,DISPLAY) values (741,23,6,121,'D');
Insert into QMUSER.D_PARAMETER (ID_PARAMETER,ID_PLANT,ID_GROUPAREA,ID_COMPONENT,DISPLAY) values (742,23,6,122,'D');
Insert into QMUSER.D_PARAMETER (ID_PARAMETER,ID_PLANT,ID_GROUPAREA,ID_COMPONENT,DISPLAY) values (743,23,6,123,'D');
Insert into QMUSER.D_PARAMETER (ID_PARAMETER,ID_PLANT,ID_GROUPAREA,ID_COMPONENT,DISPLAY) values (774,21,6,3,'D');
Insert into QMUSER.D_PARAMETER (ID_PARAMETER,ID_PLANT,ID_GROUPAREA,ID_COMPONENT,DISPLAY) values (775,21,6,4,'D');
Insert into QMUSER.D_PARAMETER (ID_PARAMETER,ID_PLANT,ID_GROUPAREA,ID_COMPONENT,DISPLAY) values (776,21,6,6,'D');
Insert into QMUSER.D_PARAMETER (ID_PARAMETER,ID_PLANT,ID_GROUPAREA,ID_COMPONENT,DISPLAY) values (777,21,6,21,'D');
Insert into QMUSER.D_PARAMETER (ID_PARAMETER,ID_PLANT,ID_GROUPAREA,ID_COMPONENT,DISPLAY) values (778,21,6,22,'D');
Insert into QMUSER.D_PARAMETER (ID_PARAMETER,ID_PLANT,ID_GROUPAREA,ID_COMPONENT,DISPLAY) values (779,21,6,32,'D');
Insert into QMUSER.D_PARAMETER (ID_PARAMETER,ID_PLANT,ID_GROUPAREA,ID_COMPONENT,DISPLAY) values (780,21,6,41,'D');
Insert into QMUSER.D_PARAMETER (ID_PARAMETER,ID_PLANT,ID_GROUPAREA,ID_COMPONENT,DISPLAY) values (781,21,6,101,'D');
Insert into QMUSER.D_PARAMETER (ID_PARAMETER,ID_PLANT,ID_GROUPAREA,ID_COMPONENT,DISPLAY) values (782,21,6,102,'D');
Insert into QMUSER.D_PARAMETER (ID_PARAMETER,ID_PLANT,ID_GROUPAREA,ID_COMPONENT,DISPLAY) values (783,21,6,103,'D');
Insert into QMUSER.D_PARAMETER (ID_PARAMETER,ID_PLANT,ID_GROUPAREA,ID_COMPONENT,DISPLAY) values (784,21,6,104,'D');
Insert into QMUSER.D_PARAMETER (ID_PARAMETER,ID_PLANT,ID_GROUPAREA,ID_COMPONENT,DISPLAY) values (785,21,6,121,'D');
Insert into QMUSER.D_PARAMETER (ID_PARAMETER,ID_PLANT,ID_GROUPAREA,ID_COMPONENT,DISPLAY) values (786,21,6,122,'D');
Insert into QMUSER.D_PARAMETER (ID_PARAMETER,ID_PLANT,ID_GROUPAREA,ID_COMPONENT,DISPLAY) values (787,21,6,123,'D');
Insert into QMUSER.D_PARAMETER (ID_PARAMETER,ID_PLANT,ID_GROUPAREA,ID_COMPONENT,DISPLAY) values (907,23,4,3,'H');
Insert into QMUSER.D_PARAMETER (ID_PARAMETER,ID_PLANT,ID_GROUPAREA,ID_COMPONENT,DISPLAY) values (908,23,4,4,'H');
Insert into QMUSER.D_PARAMETER (ID_PARAMETER,ID_PLANT,ID_GROUPAREA,ID_COMPONENT,DISPLAY) values (909,23,4,6,'H');
Insert into QMUSER.D_PARAMETER (ID_PARAMETER,ID_PLANT,ID_GROUPAREA,ID_COMPONENT,DISPLAY) values (910,23,4,21,'H');
Insert into QMUSER.D_PARAMETER (ID_PARAMETER,ID_PLANT,ID_GROUPAREA,ID_COMPONENT,DISPLAY) values (911,23,4,22,'H');
Insert into QMUSER.D_PARAMETER (ID_PARAMETER,ID_PLANT,ID_GROUPAREA,ID_COMPONENT,DISPLAY) values (912,23,4,32,'H');
Insert into QMUSER.D_PARAMETER (ID_PARAMETER,ID_PLANT,ID_GROUPAREA,ID_COMPONENT,DISPLAY) values (913,23,4,41,'H');
Insert into QMUSER.D_PARAMETER (ID_PARAMETER,ID_PLANT,ID_GROUPAREA,ID_COMPONENT,DISPLAY) values (914,23,4,101,'H');
Insert into QMUSER.D_PARAMETER (ID_PARAMETER,ID_PLANT,ID_GROUPAREA,ID_COMPONENT,DISPLAY) values (915,23,4,102,'H');
Insert into QMUSER.D_PARAMETER (ID_PARAMETER,ID_PLANT,ID_GROUPAREA,ID_COMPONENT,DISPLAY) values (916,23,4,103,'H');
Insert into QMUSER.D_PARAMETER (ID_PARAMETER,ID_PLANT,ID_GROUPAREA,ID_COMPONENT,DISPLAY) values (917,23,4,104,'H');
Insert into QMUSER.D_PARAMETER (ID_PARAMETER,ID_PLANT,ID_GROUPAREA,ID_COMPONENT,DISPLAY) values (918,23,4,105,'H');
Insert into QMUSER.D_PARAMETER (ID_PARAMETER,ID_PLANT,ID_GROUPAREA,ID_COMPONENT,DISPLAY) values (919,23,4,121,'H');
Insert into QMUSER.D_PARAMETER (ID_PARAMETER,ID_PLANT,ID_GROUPAREA,ID_COMPONENT,DISPLAY) values (920,23,4,122,'H');
Insert into QMUSER.D_PARAMETER (ID_PARAMETER,ID_PLANT,ID_GROUPAREA,ID_COMPONENT,DISPLAY) values (921,23,4,123,'H');
Insert into QMUSER.D_PARAMETER (ID_PARAMETER,ID_PLANT,ID_GROUPAREA,ID_COMPONENT,DISPLAY) values (952,5,6,3,'D');
Insert into QMUSER.D_PARAMETER (ID_PARAMETER,ID_PLANT,ID_GROUPAREA,ID_COMPONENT,DISPLAY) values (953,5,6,4,'D');
Insert into QMUSER.D_PARAMETER (ID_PARAMETER,ID_PLANT,ID_GROUPAREA,ID_COMPONENT,DISPLAY) values (954,5,6,6,'D');
Insert into QMUSER.D_PARAMETER (ID_PARAMETER,ID_PLANT,ID_GROUPAREA,ID_COMPONENT,DISPLAY) values (955,5,6,21,'D');
Insert into QMUSER.D_PARAMETER (ID_PARAMETER,ID_PLANT,ID_GROUPAREA,ID_COMPONENT,DISPLAY) values (956,5,6,22,'D');
Insert into QMUSER.D_PARAMETER (ID_PARAMETER,ID_PLANT,ID_GROUPAREA,ID_COMPONENT,DISPLAY) values (957,5,6,32,'D');
Insert into QMUSER.D_PARAMETER (ID_PARAMETER,ID_PLANT,ID_GROUPAREA,ID_COMPONENT,DISPLAY) values (958,5,6,41,'D');
Insert into QMUSER.D_PARAMETER (ID_PARAMETER,ID_PLANT,ID_GROUPAREA,ID_COMPONENT,DISPLAY) values (959,5,6,101,'D');
Insert into QMUSER.D_PARAMETER (ID_PARAMETER,ID_PLANT,ID_GROUPAREA,ID_COMPONENT,DISPLAY) values (960,5,6,102,'D');
Insert into QMUSER.D_PARAMETER (ID_PARAMETER,ID_PLANT,ID_GROUPAREA,ID_COMPONENT,DISPLAY) values (961,5,6,103,'D');
Insert into QMUSER.D_PARAMETER (ID_PARAMETER,ID_PLANT,ID_GROUPAREA,ID_COMPONENT,DISPLAY) values (962,5,6,104,'D');
Insert into QMUSER.D_PARAMETER (ID_PARAMETER,ID_PLANT,ID_GROUPAREA,ID_COMPONENT,DISPLAY) values (963,5,6,105,'D');
Insert into QMUSER.D_PARAMETER (ID_PARAMETER,ID_PLANT,ID_GROUPAREA,ID_COMPONENT,DISPLAY) values (964,5,6,121,'D');
Insert into QMUSER.D_PARAMETER (ID_PARAMETER,ID_PLANT,ID_GROUPAREA,ID_COMPONENT,DISPLAY) values (965,5,6,122,'D');
Insert into QMUSER.D_PARAMETER (ID_PARAMETER,ID_PLANT,ID_GROUPAREA,ID_COMPONENT,DISPLAY) values (966,5,6,123,'D');
Insert into QMUSER.D_PARAMETER (ID_PARAMETER,ID_PLANT,ID_GROUPAREA,ID_COMPONENT,DISPLAY) values (1146,1,6,3,'H');
Insert into QMUSER.D_PARAMETER (ID_PARAMETER,ID_PLANT,ID_GROUPAREA,ID_COMPONENT,DISPLAY) values (1147,1,6,4,'H');
Insert into QMUSER.D_PARAMETER (ID_PARAMETER,ID_PLANT,ID_GROUPAREA,ID_COMPONENT,DISPLAY) values (1148,1,6,6,'H');
Insert into QMUSER.D_PARAMETER (ID_PARAMETER,ID_PLANT,ID_GROUPAREA,ID_COMPONENT,DISPLAY) values (1149,1,6,21,'H');
Insert into QMUSER.D_PARAMETER (ID_PARAMETER,ID_PLANT,ID_GROUPAREA,ID_COMPONENT,DISPLAY) values (1150,1,6,22,'H');
Insert into QMUSER.D_PARAMETER (ID_PARAMETER,ID_PLANT,ID_GROUPAREA,ID_COMPONENT,DISPLAY) values (1151,1,6,32,'H');
Insert into QMUSER.D_PARAMETER (ID_PARAMETER,ID_PLANT,ID_GROUPAREA,ID_COMPONENT,DISPLAY) values (1152,1,6,41,'H');
Insert into QMUSER.D_PARAMETER (ID_PARAMETER,ID_PLANT,ID_GROUPAREA,ID_COMPONENT,DISPLAY) values (1153,1,6,101,'H');
Insert into QMUSER.D_PARAMETER (ID_PARAMETER,ID_PLANT,ID_GROUPAREA,ID_COMPONENT,DISPLAY) values (1154,1,6,102,'H');
Insert into QMUSER.D_PARAMETER (ID_PARAMETER,ID_PLANT,ID_GROUPAREA,ID_COMPONENT,DISPLAY) values (1155,1,6,103,'H');
Insert into QMUSER.D_PARAMETER (ID_PARAMETER,ID_PLANT,ID_GROUPAREA,ID_COMPONENT,DISPLAY) values (1156,1,6,104,'H');
Insert into QMUSER.D_PARAMETER (ID_PARAMETER,ID_PLANT,ID_GROUPAREA,ID_COMPONENT,DISPLAY) values (1157,1,6,105,'H');
Insert into QMUSER.D_PARAMETER (ID_PARAMETER,ID_PLANT,ID_GROUPAREA,ID_COMPONENT,DISPLAY) values (1158,1,6,121,'H');
Insert into QMUSER.D_PARAMETER (ID_PARAMETER,ID_PLANT,ID_GROUPAREA,ID_COMPONENT,DISPLAY) values (1159,1,6,122,'H');
Insert into QMUSER.D_PARAMETER (ID_PARAMETER,ID_PLANT,ID_GROUPAREA,ID_COMPONENT,DISPLAY) values (1160,1,6,123,'H');
Insert into QMUSER.D_PARAMETER (ID_PARAMETER,ID_PLANT,ID_GROUPAREA,ID_COMPONENT,DISPLAY) values (1260,2,6,3,'H');
Insert into QMUSER.D_PARAMETER (ID_PARAMETER,ID_PLANT,ID_GROUPAREA,ID_COMPONENT,DISPLAY) values (1261,2,6,4,'H');
Insert into QMUSER.D_PARAMETER (ID_PARAMETER,ID_PLANT,ID_GROUPAREA,ID_COMPONENT,DISPLAY) values (1262,2,6,6,'H');
Insert into QMUSER.D_PARAMETER (ID_PARAMETER,ID_PLANT,ID_GROUPAREA,ID_COMPONENT,DISPLAY) values (1263,2,6,21,'H');
Insert into QMUSER.D_PARAMETER (ID_PARAMETER,ID_PLANT,ID_GROUPAREA,ID_COMPONENT,DISPLAY) values (1264,2,6,22,'H');
Insert into QMUSER.D_PARAMETER (ID_PARAMETER,ID_PLANT,ID_GROUPAREA,ID_COMPONENT,DISPLAY) values (1265,2,6,32,'H');
Insert into QMUSER.D_PARAMETER (ID_PARAMETER,ID_PLANT,ID_GROUPAREA,ID_COMPONENT,DISPLAY) values (1266,2,6,41,'H');
Insert into QMUSER.D_PARAMETER (ID_PARAMETER,ID_PLANT,ID_GROUPAREA,ID_COMPONENT,DISPLAY) values (1267,2,6,101,'H');
Insert into QMUSER.D_PARAMETER (ID_PARAMETER,ID_PLANT,ID_GROUPAREA,ID_COMPONENT,DISPLAY) values (1268,2,6,102,'H');
Insert into QMUSER.D_PARAMETER (ID_PARAMETER,ID_PLANT,ID_GROUPAREA,ID_COMPONENT,DISPLAY) values (1269,2,6,103,'H');
Insert into QMUSER.D_PARAMETER (ID_PARAMETER,ID_PLANT,ID_GROUPAREA,ID_COMPONENT,DISPLAY) values (1270,2,6,104,'H');
Insert into QMUSER.D_PARAMETER (ID_PARAMETER,ID_PLANT,ID_GROUPAREA,ID_COMPONENT,DISPLAY) values (1271,2,6,105,'H');
Insert into QMUSER.D_PARAMETER (ID_PARAMETER,ID_PLANT,ID_GROUPAREA,ID_COMPONENT,DISPLAY) values (1272,2,6,121,'H');
Insert into QMUSER.D_PARAMETER (ID_PARAMETER,ID_PLANT,ID_GROUPAREA,ID_COMPONENT,DISPLAY) values (1273,2,6,122,'H');
Insert into QMUSER.D_PARAMETER (ID_PARAMETER,ID_PLANT,ID_GROUPAREA,ID_COMPONENT,DISPLAY) values (1274,2,6,123,'H');
Insert into QMUSER.D_PARAMETER (ID_PARAMETER,ID_PLANT,ID_GROUPAREA,ID_COMPONENT,DISPLAY) values (1354,3,4,3,'H');
Insert into QMUSER.D_PARAMETER (ID_PARAMETER,ID_PLANT,ID_GROUPAREA,ID_COMPONENT,DISPLAY) values (1355,3,4,4,'H');
Insert into QMUSER.D_PARAMETER (ID_PARAMETER,ID_PLANT,ID_GROUPAREA,ID_COMPONENT,DISPLAY) values (1356,3,4,6,'H');
Insert into QMUSER.D_PARAMETER (ID_PARAMETER,ID_PLANT,ID_GROUPAREA,ID_COMPONENT,DISPLAY) values (1357,3,4,21,'H');
Insert into QMUSER.D_PARAMETER (ID_PARAMETER,ID_PLANT,ID_GROUPAREA,ID_COMPONENT,DISPLAY) values (1358,3,4,22,'H');
Insert into QMUSER.D_PARAMETER (ID_PARAMETER,ID_PLANT,ID_GROUPAREA,ID_COMPONENT,DISPLAY) values (1359,3,4,32,'H');
Insert into QMUSER.D_PARAMETER (ID_PARAMETER,ID_PLANT,ID_GROUPAREA,ID_COMPONENT,DISPLAY) values (1360,3,4,41,'H');
Insert into QMUSER.D_PARAMETER (ID_PARAMETER,ID_PLANT,ID_GROUPAREA,ID_COMPONENT,DISPLAY) values (1361,3,4,101,'H');
Insert into QMUSER.D_PARAMETER (ID_PARAMETER,ID_PLANT,ID_GROUPAREA,ID_COMPONENT,DISPLAY) values (1362,3,4,102,'H');
Insert into QMUSER.D_PARAMETER (ID_PARAMETER,ID_PLANT,ID_GROUPAREA,ID_COMPONENT,DISPLAY) values (1363,3,4,103,'H');
Insert into QMUSER.D_PARAMETER (ID_PARAMETER,ID_PLANT,ID_GROUPAREA,ID_COMPONENT,DISPLAY) values (1364,3,4,104,'H');
Insert into QMUSER.D_PARAMETER (ID_PARAMETER,ID_PLANT,ID_GROUPAREA,ID_COMPONENT,DISPLAY) values (1365,3,4,105,'H');
Insert into QMUSER.D_PARAMETER (ID_PARAMETER,ID_PLANT,ID_GROUPAREA,ID_COMPONENT,DISPLAY) values (1366,3,4,121,'H');
Insert into QMUSER.D_PARAMETER (ID_PARAMETER,ID_PLANT,ID_GROUPAREA,ID_COMPONENT,DISPLAY) values (1367,3,4,122,'H');
Insert into QMUSER.D_PARAMETER (ID_PARAMETER,ID_PLANT,ID_GROUPAREA,ID_COMPONENT,DISPLAY) values (1368,3,4,123,'H');
Insert into QMUSER.D_PARAMETER (ID_PARAMETER,ID_PLANT,ID_GROUPAREA,ID_COMPONENT,DISPLAY) values (1388,4,4,3,'D');
Insert into QMUSER.D_PARAMETER (ID_PARAMETER,ID_PLANT,ID_GROUPAREA,ID_COMPONENT,DISPLAY) values (1389,4,4,4,'D');
Insert into QMUSER.D_PARAMETER (ID_PARAMETER,ID_PLANT,ID_GROUPAREA,ID_COMPONENT,DISPLAY) values (1390,4,4,6,'D');
Insert into QMUSER.D_PARAMETER (ID_PARAMETER,ID_PLANT,ID_GROUPAREA,ID_COMPONENT,DISPLAY) values (1391,4,4,21,'D');
Insert into QMUSER.D_PARAMETER (ID_PARAMETER,ID_PLANT,ID_GROUPAREA,ID_COMPONENT,DISPLAY) values (1676,5,3,123,'H');
Insert into QMUSER.D_PARAMETER (ID_PARAMETER,ID_PLANT,ID_GROUPAREA,ID_COMPONENT,DISPLAY) values (1393,4,4,32,'D');
Insert into QMUSER.D_PARAMETER (ID_PARAMETER,ID_PLANT,ID_GROUPAREA,ID_COMPONENT,DISPLAY) values (1394,4,4,41,'D');
Insert into QMUSER.D_PARAMETER (ID_PARAMETER,ID_PLANT,ID_GROUPAREA,ID_COMPONENT,DISPLAY) values (1395,4,4,101,'D');
Insert into QMUSER.D_PARAMETER (ID_PARAMETER,ID_PLANT,ID_GROUPAREA,ID_COMPONENT,DISPLAY) values (1396,4,4,102,'D');
Insert into QMUSER.D_PARAMETER (ID_PARAMETER,ID_PLANT,ID_GROUPAREA,ID_COMPONENT,DISPLAY) values (1397,4,4,103,'D');
Insert into QMUSER.D_PARAMETER (ID_PARAMETER,ID_PLANT,ID_GROUPAREA,ID_COMPONENT,DISPLAY) values (1398,4,4,104,'D');
Insert into QMUSER.D_PARAMETER (ID_PARAMETER,ID_PLANT,ID_GROUPAREA,ID_COMPONENT,DISPLAY) values (1399,4,4,105,'D');
Insert into QMUSER.D_PARAMETER (ID_PARAMETER,ID_PLANT,ID_GROUPAREA,ID_COMPONENT,DISPLAY) values (1400,4,4,122,'D');
Insert into QMUSER.D_PARAMETER (ID_PARAMETER,ID_PLANT,ID_GROUPAREA,ID_COMPONENT,DISPLAY) values (1401,4,4,123,'D');
Insert into QMUSER.D_PARAMETER (ID_PARAMETER,ID_PLANT,ID_GROUPAREA,ID_COMPONENT,DISPLAY) values (1674,5,3,121,'H');
Insert into QMUSER.D_PARAMETER (ID_PARAMETER,ID_PLANT,ID_GROUPAREA,ID_COMPONENT,DISPLAY) values (1675,5,3,122,'H');
Insert into QMUSER.D_PARAMETER (ID_PARAMETER,ID_PLANT,ID_GROUPAREA,ID_COMPONENT,DISPLAY) values (1677,6,3,3,'D');
Insert into QMUSER.D_PARAMETER (ID_PARAMETER,ID_PLANT,ID_GROUPAREA,ID_COMPONENT,DISPLAY) values (1678,6,3,4,'D');
Insert into QMUSER.D_PARAMETER (ID_PARAMETER,ID_PLANT,ID_GROUPAREA,ID_COMPONENT,DISPLAY) values (1679,6,3,6,'D');
Insert into QMUSER.D_PARAMETER (ID_PARAMETER,ID_PLANT,ID_GROUPAREA,ID_COMPONENT,DISPLAY) values (1680,6,3,27,'D');
Insert into QMUSER.D_PARAMETER (ID_PARAMETER,ID_PLANT,ID_GROUPAREA,ID_COMPONENT,DISPLAY) values (1681,6,3,28,'D');
Insert into QMUSER.D_PARAMETER (ID_PARAMETER,ID_PLANT,ID_GROUPAREA,ID_COMPONENT,DISPLAY) values (1682,6,3,29,'D');
Insert into QMUSER.D_PARAMETER (ID_PARAMETER,ID_PLANT,ID_GROUPAREA,ID_COMPONENT,DISPLAY) values (1683,6,3,31,'D');
Insert into QMUSER.D_PARAMETER (ID_PARAMETER,ID_PLANT,ID_GROUPAREA,ID_COMPONENT,DISPLAY) values (1684,6,3,32,'D');
Insert into QMUSER.D_PARAMETER (ID_PARAMETER,ID_PLANT,ID_GROUPAREA,ID_COMPONENT,DISPLAY) values (1685,6,3,81,'D');
Insert into QMUSER.D_PARAMETER (ID_PARAMETER,ID_PLANT,ID_GROUPAREA,ID_COMPONENT,DISPLAY) values (1686,6,3,82,'D');
Insert into QMUSER.D_PARAMETER (ID_PARAMETER,ID_PLANT,ID_GROUPAREA,ID_COMPONENT,DISPLAY) values (1687,6,3,101,'D');
Insert into QMUSER.D_PARAMETER (ID_PARAMETER,ID_PLANT,ID_GROUPAREA,ID_COMPONENT,DISPLAY) values (1688,6,3,102,'D');
Insert into QMUSER.D_PARAMETER (ID_PARAMETER,ID_PLANT,ID_GROUPAREA,ID_COMPONENT,DISPLAY) values (1689,6,3,103,'D');
Insert into QMUSER.D_PARAMETER (ID_PARAMETER,ID_PLANT,ID_GROUPAREA,ID_COMPONENT,DISPLAY) values (1690,6,3,104,'D');
Insert into QMUSER.D_PARAMETER (ID_PARAMETER,ID_PLANT,ID_GROUPAREA,ID_COMPONENT,DISPLAY) values (1691,6,3,105,'D');
Insert into QMUSER.D_PARAMETER (ID_PARAMETER,ID_PLANT,ID_GROUPAREA,ID_COMPONENT,DISPLAY) values (1692,6,3,121,'D');
Insert into QMUSER.D_PARAMETER (ID_PARAMETER,ID_PLANT,ID_GROUPAREA,ID_COMPONENT,DISPLAY) values (1693,6,3,122,'D');
Insert into QMUSER.D_PARAMETER (ID_PARAMETER,ID_PLANT,ID_GROUPAREA,ID_COMPONENT,DISPLAY) values (1694,6,3,123,'D');
Insert into QMUSER.D_PARAMETER (ID_PARAMETER,ID_PLANT,ID_GROUPAREA,ID_COMPONENT,DISPLAY) values (1695,6,3,3,'H');
Insert into QMUSER.D_PARAMETER (ID_PARAMETER,ID_PLANT,ID_GROUPAREA,ID_COMPONENT,DISPLAY) values (1696,6,3,4,'H');
Insert into QMUSER.D_PARAMETER (ID_PARAMETER,ID_PLANT,ID_GROUPAREA,ID_COMPONENT,DISPLAY) values (1697,6,3,6,'H');
Insert into QMUSER.D_PARAMETER (ID_PARAMETER,ID_PLANT,ID_GROUPAREA,ID_COMPONENT,DISPLAY) values (1698,6,3,27,'H');
Insert into QMUSER.D_PARAMETER (ID_PARAMETER,ID_PLANT,ID_GROUPAREA,ID_COMPONENT,DISPLAY) values (1699,6,3,28,'H');
Insert into QMUSER.D_PARAMETER (ID_PARAMETER,ID_PLANT,ID_GROUPAREA,ID_COMPONENT,DISPLAY) values (1700,6,3,29,'H');
Insert into QMUSER.D_PARAMETER (ID_PARAMETER,ID_PLANT,ID_GROUPAREA,ID_COMPONENT,DISPLAY) values (1701,6,3,31,'H');
Insert into QMUSER.D_PARAMETER (ID_PARAMETER,ID_PLANT,ID_GROUPAREA,ID_COMPONENT,DISPLAY) values (1702,6,3,32,'H');
Insert into QMUSER.D_PARAMETER (ID_PARAMETER,ID_PLANT,ID_GROUPAREA,ID_COMPONENT,DISPLAY) values (1703,6,3,81,'H');
Insert into QMUSER.D_PARAMETER (ID_PARAMETER,ID_PLANT,ID_GROUPAREA,ID_COMPONENT,DISPLAY) values (1704,6,3,82,'H');
Insert into QMUSER.D_PARAMETER (ID_PARAMETER,ID_PLANT,ID_GROUPAREA,ID_COMPONENT,DISPLAY) values (1705,6,3,101,'H');
Insert into QMUSER.D_PARAMETER (ID_PARAMETER,ID_PLANT,ID_GROUPAREA,ID_COMPONENT,DISPLAY) values (1706,6,3,102,'H');
Insert into QMUSER.D_PARAMETER (ID_PARAMETER,ID_PLANT,ID_GROUPAREA,ID_COMPONENT,DISPLAY) values (1707,6,3,103,'H');
Insert into QMUSER.D_PARAMETER (ID_PARAMETER,ID_PLANT,ID_GROUPAREA,ID_COMPONENT,DISPLAY) values (1708,6,3,104,'H');
Insert into QMUSER.D_PARAMETER (ID_PARAMETER,ID_PLANT,ID_GROUPAREA,ID_COMPONENT,DISPLAY) values (1709,6,3,105,'H');
Insert into QMUSER.D_PARAMETER (ID_PARAMETER,ID_PLANT,ID_GROUPAREA,ID_COMPONENT,DISPLAY) values (1710,6,3,121,'H');
Insert into QMUSER.D_PARAMETER (ID_PARAMETER,ID_PLANT,ID_GROUPAREA,ID_COMPONENT,DISPLAY) values (1711,6,3,122,'H');
Insert into QMUSER.D_PARAMETER (ID_PARAMETER,ID_PLANT,ID_GROUPAREA,ID_COMPONENT,DISPLAY) values (1712,6,3,123,'H');
Insert into QMUSER.D_PARAMETER (ID_PARAMETER,ID_PLANT,ID_GROUPAREA,ID_COMPONENT,DISPLAY) values (1748,7,3,3,'D');
Insert into QMUSER.D_PARAMETER (ID_PARAMETER,ID_PLANT,ID_GROUPAREA,ID_COMPONENT,DISPLAY) values (1749,7,3,4,'D');
Insert into QMUSER.D_PARAMETER (ID_PARAMETER,ID_PLANT,ID_GROUPAREA,ID_COMPONENT,DISPLAY) values (1750,7,3,6,'D');
Insert into QMUSER.D_PARAMETER (ID_PARAMETER,ID_PLANT,ID_GROUPAREA,ID_COMPONENT,DISPLAY) values (1751,7,3,27,'D');
Insert into QMUSER.D_PARAMETER (ID_PARAMETER,ID_PLANT,ID_GROUPAREA,ID_COMPONENT,DISPLAY) values (1752,7,3,28,'D');
Insert into QMUSER.D_PARAMETER (ID_PARAMETER,ID_PLANT,ID_GROUPAREA,ID_COMPONENT,DISPLAY) values (1753,7,3,29,'D');
Insert into QMUSER.D_PARAMETER (ID_PARAMETER,ID_PLANT,ID_GROUPAREA,ID_COMPONENT,DISPLAY) values (1754,7,3,31,'D');
Insert into QMUSER.D_PARAMETER (ID_PARAMETER,ID_PLANT,ID_GROUPAREA,ID_COMPONENT,DISPLAY) values (1755,7,3,32,'D');
Insert into QMUSER.D_PARAMETER (ID_PARAMETER,ID_PLANT,ID_GROUPAREA,ID_COMPONENT,DISPLAY) values (1756,7,3,81,'D');
Insert into QMUSER.D_PARAMETER (ID_PARAMETER,ID_PLANT,ID_GROUPAREA,ID_COMPONENT,DISPLAY) values (1757,7,3,82,'D');
Insert into QMUSER.D_PARAMETER (ID_PARAMETER,ID_PLANT,ID_GROUPAREA,ID_COMPONENT,DISPLAY) values (1758,7,3,101,'D');
Insert into QMUSER.D_PARAMETER (ID_PARAMETER,ID_PLANT,ID_GROUPAREA,ID_COMPONENT,DISPLAY) values (1759,7,3,102,'D');
Insert into QMUSER.D_PARAMETER (ID_PARAMETER,ID_PLANT,ID_GROUPAREA,ID_COMPONENT,DISPLAY) values (1760,7,3,103,'D');
Insert into QMUSER.D_PARAMETER (ID_PARAMETER,ID_PLANT,ID_GROUPAREA,ID_COMPONENT,DISPLAY) values (1761,7,3,104,'D');
Insert into QMUSER.D_PARAMETER (ID_PARAMETER,ID_PLANT,ID_GROUPAREA,ID_COMPONENT,DISPLAY) values (1762,7,3,105,'D');
Insert into QMUSER.D_PARAMETER (ID_PARAMETER,ID_PLANT,ID_GROUPAREA,ID_COMPONENT,DISPLAY) values (1763,7,3,121,'D');
Insert into QMUSER.D_PARAMETER (ID_PARAMETER,ID_PLANT,ID_GROUPAREA,ID_COMPONENT,DISPLAY) values (1764,7,3,122,'D');
Insert into QMUSER.D_PARAMETER (ID_PARAMETER,ID_PLANT,ID_GROUPAREA,ID_COMPONENT,DISPLAY) values (1765,7,3,123,'D');
Insert into QMUSER.D_PARAMETER (ID_PARAMETER,ID_PLANT,ID_GROUPAREA,ID_COMPONENT,DISPLAY) values (1826,2,3,31,'D');
Insert into QMUSER.D_PARAMETER (ID_PARAMETER,ID_PLANT,ID_GROUPAREA,ID_COMPONENT,DISPLAY) values (1827,2,3,32,'D');
Insert into QMUSER.D_PARAMETER (ID_PARAMETER,ID_PLANT,ID_GROUPAREA,ID_COMPONENT,DISPLAY) values (1828,2,3,81,'D');
Insert into QMUSER.D_PARAMETER (ID_PARAMETER,ID_PLANT,ID_GROUPAREA,ID_COMPONENT,DISPLAY) values (1829,2,3,82,'D');
Insert into QMUSER.D_PARAMETER (ID_PARAMETER,ID_PLANT,ID_GROUPAREA,ID_COMPONENT,DISPLAY) values (1830,2,3,101,'D');
Insert into QMUSER.D_PARAMETER (ID_PARAMETER,ID_PLANT,ID_GROUPAREA,ID_COMPONENT,DISPLAY) values (1831,2,3,102,'D');
Insert into QMUSER.D_PARAMETER (ID_PARAMETER,ID_PLANT,ID_GROUPAREA,ID_COMPONENT,DISPLAY) values (1832,2,3,103,'D');
Insert into QMUSER.D_PARAMETER (ID_PARAMETER,ID_PLANT,ID_GROUPAREA,ID_COMPONENT,DISPLAY) values (1833,2,3,104,'D');
Insert into QMUSER.D_PARAMETER (ID_PARAMETER,ID_PLANT,ID_GROUPAREA,ID_COMPONENT,DISPLAY) values (1834,2,3,105,'D');
Insert into QMUSER.D_PARAMETER (ID_PARAMETER,ID_PLANT,ID_GROUPAREA,ID_COMPONENT,DISPLAY) values (1835,2,3,121,'D');
Insert into QMUSER.D_PARAMETER (ID_PARAMETER,ID_PLANT,ID_GROUPAREA,ID_COMPONENT,DISPLAY) values (1836,2,3,122,'D');
Insert into QMUSER.D_PARAMETER (ID_PARAMETER,ID_PLANT,ID_GROUPAREA,ID_COMPONENT,DISPLAY) values (1837,2,3,123,'D');
Insert into QMUSER.D_PARAMETER (ID_PARAMETER,ID_PLANT,ID_GROUPAREA,ID_COMPONENT,DISPLAY) values (1838,3,3,3,'H');
Insert into QMUSER.D_PARAMETER (ID_PARAMETER,ID_PLANT,ID_GROUPAREA,ID_COMPONENT,DISPLAY) values (1839,3,3,4,'H');
Insert into QMUSER.D_PARAMETER (ID_PARAMETER,ID_PLANT,ID_GROUPAREA,ID_COMPONENT,DISPLAY) values (1840,3,3,6,'H');
Insert into QMUSER.D_PARAMETER (ID_PARAMETER,ID_PLANT,ID_GROUPAREA,ID_COMPONENT,DISPLAY) values (1841,3,3,27,'H');
Insert into QMUSER.D_PARAMETER (ID_PARAMETER,ID_PLANT,ID_GROUPAREA,ID_COMPONENT,DISPLAY) values (1842,3,3,28,'H');
Insert into QMUSER.D_PARAMETER (ID_PARAMETER,ID_PLANT,ID_GROUPAREA,ID_COMPONENT,DISPLAY) values (1843,3,3,29,'H');
Insert into QMUSER.D_PARAMETER (ID_PARAMETER,ID_PLANT,ID_GROUPAREA,ID_COMPONENT,DISPLAY) values (1844,3,3,31,'H');
Insert into QMUSER.D_PARAMETER (ID_PARAMETER,ID_PLANT,ID_GROUPAREA,ID_COMPONENT,DISPLAY) values (1845,3,3,32,'H');
Insert into QMUSER.D_PARAMETER (ID_PARAMETER,ID_PLANT,ID_GROUPAREA,ID_COMPONENT,DISPLAY) values (1846,3,3,81,'H');
Insert into QMUSER.D_PARAMETER (ID_PARAMETER,ID_PLANT,ID_GROUPAREA,ID_COMPONENT,DISPLAY) values (1847,3,3,82,'H');
Insert into QMUSER.D_PARAMETER (ID_PARAMETER,ID_PLANT,ID_GROUPAREA,ID_COMPONENT,DISPLAY) values (1848,3,3,101,'H');
Insert into QMUSER.D_PARAMETER (ID_PARAMETER,ID_PLANT,ID_GROUPAREA,ID_COMPONENT,DISPLAY) values (1849,3,3,102,'H');
Insert into QMUSER.D_PARAMETER (ID_PARAMETER,ID_PLANT,ID_GROUPAREA,ID_COMPONENT,DISPLAY) values (1850,3,3,103,'H');
Insert into QMUSER.D_PARAMETER (ID_PARAMETER,ID_PLANT,ID_GROUPAREA,ID_COMPONENT,DISPLAY) values (1851,3,3,104,'H');
Insert into QMUSER.D_PARAMETER (ID_PARAMETER,ID_PLANT,ID_GROUPAREA,ID_COMPONENT,DISPLAY) values (1852,3,3,105,'H');
Insert into QMUSER.D_PARAMETER (ID_PARAMETER,ID_PLANT,ID_GROUPAREA,ID_COMPONENT,DISPLAY) values (1853,3,3,121,'H');
Insert into QMUSER.D_PARAMETER (ID_PARAMETER,ID_PLANT,ID_GROUPAREA,ID_COMPONENT,DISPLAY) values (1854,3,3,122,'H');
Insert into QMUSER.D_PARAMETER (ID_PARAMETER,ID_PLANT,ID_GROUPAREA,ID_COMPONENT,DISPLAY) values (1855,3,3,123,'H');
Insert into QMUSER.D_PARAMETER (ID_PARAMETER,ID_PLANT,ID_GROUPAREA,ID_COMPONENT,DISPLAY) values (1856,3,3,3,'D');
Insert into QMUSER.D_PARAMETER (ID_PARAMETER,ID_PLANT,ID_GROUPAREA,ID_COMPONENT,DISPLAY) values (1857,3,3,4,'D');
Insert into QMUSER.D_PARAMETER (ID_PARAMETER,ID_PLANT,ID_GROUPAREA,ID_COMPONENT,DISPLAY) values (1858,3,3,6,'D');
Insert into QMUSER.D_PARAMETER (ID_PARAMETER,ID_PLANT,ID_GROUPAREA,ID_COMPONENT,DISPLAY) values (1859,3,3,27,'D');
Insert into QMUSER.D_PARAMETER (ID_PARAMETER,ID_PLANT,ID_GROUPAREA,ID_COMPONENT,DISPLAY) values (1860,3,3,28,'D');
Insert into QMUSER.D_PARAMETER (ID_PARAMETER,ID_PLANT,ID_GROUPAREA,ID_COMPONENT,DISPLAY) values (1861,3,3,29,'D');
Insert into QMUSER.D_PARAMETER (ID_PARAMETER,ID_PLANT,ID_GROUPAREA,ID_COMPONENT,DISPLAY) values (1862,3,3,31,'D');
Insert into QMUSER.D_PARAMETER (ID_PARAMETER,ID_PLANT,ID_GROUPAREA,ID_COMPONENT,DISPLAY) values (1863,3,3,32,'D');
Insert into QMUSER.D_PARAMETER (ID_PARAMETER,ID_PLANT,ID_GROUPAREA,ID_COMPONENT,DISPLAY) values (1864,3,3,81,'D');
Insert into QMUSER.D_PARAMETER (ID_PARAMETER,ID_PLANT,ID_GROUPAREA,ID_COMPONENT,DISPLAY) values (1865,3,3,82,'D');
Insert into QMUSER.D_PARAMETER (ID_PARAMETER,ID_PLANT,ID_GROUPAREA,ID_COMPONENT,DISPLAY) values (1866,3,3,101,'D');
Insert into QMUSER.D_PARAMETER (ID_PARAMETER,ID_PLANT,ID_GROUPAREA,ID_COMPONENT,DISPLAY) values (1867,3,3,102,'D');
Insert into QMUSER.D_PARAMETER (ID_PARAMETER,ID_PLANT,ID_GROUPAREA,ID_COMPONENT,DISPLAY) values (1868,3,3,103,'D');
Insert into QMUSER.D_PARAMETER (ID_PARAMETER,ID_PLANT,ID_GROUPAREA,ID_COMPONENT,DISPLAY) values (1869,3,3,104,'D');
Insert into QMUSER.D_PARAMETER (ID_PARAMETER,ID_PLANT,ID_GROUPAREA,ID_COMPONENT,DISPLAY) values (1870,3,3,105,'D');
Insert into QMUSER.D_PARAMETER (ID_PARAMETER,ID_PLANT,ID_GROUPAREA,ID_COMPONENT,DISPLAY) values (1871,3,3,121,'D');
Insert into QMUSER.D_PARAMETER (ID_PARAMETER,ID_PLANT,ID_GROUPAREA,ID_COMPONENT,DISPLAY) values (1872,3,3,122,'D');
Insert into QMUSER.D_PARAMETER (ID_PARAMETER,ID_PLANT,ID_GROUPAREA,ID_COMPONENT,DISPLAY) values (1873,3,3,123,'D');
Insert into QMUSER.D_PARAMETER (ID_PARAMETER,ID_PLANT,ID_GROUPAREA,ID_COMPONENT,DISPLAY) values (1874,4,3,3,'H');
Insert into QMUSER.D_PARAMETER (ID_PARAMETER,ID_PLANT,ID_GROUPAREA,ID_COMPONENT,DISPLAY) values (1875,4,3,4,'H');
Insert into QMUSER.D_PARAMETER (ID_PARAMETER,ID_PLANT,ID_GROUPAREA,ID_COMPONENT,DISPLAY) values (1876,4,3,6,'H');
Insert into QMUSER.D_PARAMETER (ID_PARAMETER,ID_PLANT,ID_GROUPAREA,ID_COMPONENT,DISPLAY) values (1877,4,3,27,'H');
Insert into QMUSER.D_PARAMETER (ID_PARAMETER,ID_PLANT,ID_GROUPAREA,ID_COMPONENT,DISPLAY) values (1878,4,3,28,'H');
Insert into QMUSER.D_PARAMETER (ID_PARAMETER,ID_PLANT,ID_GROUPAREA,ID_COMPONENT,DISPLAY) values (1879,4,3,29,'H');
Insert into QMUSER.D_PARAMETER (ID_PARAMETER,ID_PLANT,ID_GROUPAREA,ID_COMPONENT,DISPLAY) values (1880,4,3,31,'H');
Insert into QMUSER.D_PARAMETER (ID_PARAMETER,ID_PLANT,ID_GROUPAREA,ID_COMPONENT,DISPLAY) values (1881,4,3,32,'H');
Insert into QMUSER.D_PARAMETER (ID_PARAMETER,ID_PLANT,ID_GROUPAREA,ID_COMPONENT,DISPLAY) values (1882,4,3,81,'H');
Insert into QMUSER.D_PARAMETER (ID_PARAMETER,ID_PLANT,ID_GROUPAREA,ID_COMPONENT,DISPLAY) values (1883,4,3,82,'H');
Insert into QMUSER.D_PARAMETER (ID_PARAMETER,ID_PLANT,ID_GROUPAREA,ID_COMPONENT,DISPLAY) values (1884,4,3,101,'H');
Insert into QMUSER.D_PARAMETER (ID_PARAMETER,ID_PLANT,ID_GROUPAREA,ID_COMPONENT,DISPLAY) values (1885,4,3,102,'H');
Insert into QMUSER.D_PARAMETER (ID_PARAMETER,ID_PLANT,ID_GROUPAREA,ID_COMPONENT,DISPLAY) values (1886,4,3,103,'H');
Insert into QMUSER.D_PARAMETER (ID_PARAMETER,ID_PLANT,ID_GROUPAREA,ID_COMPONENT,DISPLAY) values (1887,4,3,104,'H');
Insert into QMUSER.D_PARAMETER (ID_PARAMETER,ID_PLANT,ID_GROUPAREA,ID_COMPONENT,DISPLAY) values (1888,4,3,105,'H');
Insert into QMUSER.D_PARAMETER (ID_PARAMETER,ID_PLANT,ID_GROUPAREA,ID_COMPONENT,DISPLAY) values (1889,4,3,121,'H');
Insert into QMUSER.D_PARAMETER (ID_PARAMETER,ID_PLANT,ID_GROUPAREA,ID_COMPONENT,DISPLAY) values (1890,4,3,122,'H');
Insert into QMUSER.D_PARAMETER (ID_PARAMETER,ID_PLANT,ID_GROUPAREA,ID_COMPONENT,DISPLAY) values (1891,4,3,123,'H');
Insert into QMUSER.D_PARAMETER (ID_PARAMETER,ID_PLANT,ID_GROUPAREA,ID_COMPONENT,DISPLAY) values (1892,4,3,3,'D');
Insert into QMUSER.D_PARAMETER (ID_PARAMETER,ID_PLANT,ID_GROUPAREA,ID_COMPONENT,DISPLAY) values (1893,4,3,4,'D');
Insert into QMUSER.D_PARAMETER (ID_PARAMETER,ID_PLANT,ID_GROUPAREA,ID_COMPONENT,DISPLAY) values (1894,4,3,6,'D');
Insert into QMUSER.D_PARAMETER (ID_PARAMETER,ID_PLANT,ID_GROUPAREA,ID_COMPONENT,DISPLAY) values (1895,4,3,27,'D');
Insert into QMUSER.D_PARAMETER (ID_PARAMETER,ID_PLANT,ID_GROUPAREA,ID_COMPONENT,DISPLAY) values (1896,4,3,28,'D');
Insert into QMUSER.D_PARAMETER (ID_PARAMETER,ID_PLANT,ID_GROUPAREA,ID_COMPONENT,DISPLAY) values (1897,4,3,29,'D');
Insert into QMUSER.D_PARAMETER (ID_PARAMETER,ID_PLANT,ID_GROUPAREA,ID_COMPONENT,DISPLAY) values (1898,4,3,31,'D');
Insert into QMUSER.D_PARAMETER (ID_PARAMETER,ID_PLANT,ID_GROUPAREA,ID_COMPONENT,DISPLAY) values (1899,4,3,32,'D');
Insert into QMUSER.D_PARAMETER (ID_PARAMETER,ID_PLANT,ID_GROUPAREA,ID_COMPONENT,DISPLAY) values (1900,4,3,81,'D');
Insert into QMUSER.D_PARAMETER (ID_PARAMETER,ID_PLANT,ID_GROUPAREA,ID_COMPONENT,DISPLAY) values (1901,4,3,82,'D');
Insert into QMUSER.D_PARAMETER (ID_PARAMETER,ID_PLANT,ID_GROUPAREA,ID_COMPONENT,DISPLAY) values (1902,4,3,101,'D');
Insert into QMUSER.D_PARAMETER (ID_PARAMETER,ID_PLANT,ID_GROUPAREA,ID_COMPONENT,DISPLAY) values (1903,4,3,102,'D');
Insert into QMUSER.D_PARAMETER (ID_PARAMETER,ID_PLANT,ID_GROUPAREA,ID_COMPONENT,DISPLAY) values (1904,4,3,103,'D');
Insert into QMUSER.D_PARAMETER (ID_PARAMETER,ID_PLANT,ID_GROUPAREA,ID_COMPONENT,DISPLAY) values (1905,4,3,104,'D');
Insert into QMUSER.D_PARAMETER (ID_PARAMETER,ID_PLANT,ID_GROUPAREA,ID_COMPONENT,DISPLAY) values (1906,4,3,105,'D');
Insert into QMUSER.D_PARAMETER (ID_PARAMETER,ID_PLANT,ID_GROUPAREA,ID_COMPONENT,DISPLAY) values (1907,4,3,121,'D');
Insert into QMUSER.D_PARAMETER (ID_PARAMETER,ID_PLANT,ID_GROUPAREA,ID_COMPONENT,DISPLAY) values (1908,4,3,122,'D');
Insert into QMUSER.D_PARAMETER (ID_PARAMETER,ID_PLANT,ID_GROUPAREA,ID_COMPONENT,DISPLAY) values (1909,4,3,123,'D');
Insert into QMUSER.D_PARAMETER (ID_PARAMETER,ID_PLANT,ID_GROUPAREA,ID_COMPONENT,DISPLAY) values (1910,8,1,24,'H');
Insert into QMUSER.D_PARAMETER (ID_PARAMETER,ID_PLANT,ID_GROUPAREA,ID_COMPONENT,DISPLAY) values (1911,8,1,28,'H');
Insert into QMUSER.D_PARAMETER (ID_PARAMETER,ID_PLANT,ID_GROUPAREA,ID_COMPONENT,DISPLAY) values (1912,8,1,30,'H');
Insert into QMUSER.D_PARAMETER (ID_PARAMETER,ID_PLANT,ID_GROUPAREA,ID_COMPONENT,DISPLAY) values (1913,8,1,32,'H');
Insert into QMUSER.D_PARAMETER (ID_PARAMETER,ID_PLANT,ID_GROUPAREA,ID_COMPONENT,DISPLAY) values (1914,8,1,101,'H');
Insert into QMUSER.D_PARAMETER (ID_PARAMETER,ID_PLANT,ID_GROUPAREA,ID_COMPONENT,DISPLAY) values (1915,8,1,102,'H');
Insert into QMUSER.D_PARAMETER (ID_PARAMETER,ID_PLANT,ID_GROUPAREA,ID_COMPONENT,DISPLAY) values (1916,8,1,103,'H');
Insert into QMUSER.D_PARAMETER (ID_PARAMETER,ID_PLANT,ID_GROUPAREA,ID_COMPONENT,DISPLAY) values (1917,8,1,104,'H');
Insert into QMUSER.D_PARAMETER (ID_PARAMETER,ID_PLANT,ID_GROUPAREA,ID_COMPONENT,DISPLAY) values (1918,8,1,105,'H');
Insert into QMUSER.D_PARAMETER (ID_PARAMETER,ID_PLANT,ID_GROUPAREA,ID_COMPONENT,DISPLAY) values (1928,21,3,3,'H');
Insert into QMUSER.D_PARAMETER (ID_PARAMETER,ID_PLANT,ID_GROUPAREA,ID_COMPONENT,DISPLAY) values (1929,21,3,4,'H');
Insert into QMUSER.D_PARAMETER (ID_PARAMETER,ID_PLANT,ID_GROUPAREA,ID_COMPONENT,DISPLAY) values (1930,21,3,6,'H');
Insert into QMUSER.D_PARAMETER (ID_PARAMETER,ID_PLANT,ID_GROUPAREA,ID_COMPONENT,DISPLAY) values (1931,21,3,27,'H');
Insert into QMUSER.D_PARAMETER (ID_PARAMETER,ID_PLANT,ID_GROUPAREA,ID_COMPONENT,DISPLAY) values (1932,21,3,28,'H');
Insert into QMUSER.D_PARAMETER (ID_PARAMETER,ID_PLANT,ID_GROUPAREA,ID_COMPONENT,DISPLAY) values (1933,21,3,29,'H');
Insert into QMUSER.D_PARAMETER (ID_PARAMETER,ID_PLANT,ID_GROUPAREA,ID_COMPONENT,DISPLAY) values (1934,21,3,31,'H');
Insert into QMUSER.D_PARAMETER (ID_PARAMETER,ID_PLANT,ID_GROUPAREA,ID_COMPONENT,DISPLAY) values (1935,21,3,32,'H');
Insert into QMUSER.D_PARAMETER (ID_PARAMETER,ID_PLANT,ID_GROUPAREA,ID_COMPONENT,DISPLAY) values (1936,21,3,81,'H');
Insert into QMUSER.D_PARAMETER (ID_PARAMETER,ID_PLANT,ID_GROUPAREA,ID_COMPONENT,DISPLAY) values (1937,21,3,82,'H');
Insert into QMUSER.D_PARAMETER (ID_PARAMETER,ID_PLANT,ID_GROUPAREA,ID_COMPONENT,DISPLAY) values (1938,21,3,101,'H');
Insert into QMUSER.D_PARAMETER (ID_PARAMETER,ID_PLANT,ID_GROUPAREA,ID_COMPONENT,DISPLAY) values (1939,21,3,102,'H');
Insert into QMUSER.D_PARAMETER (ID_PARAMETER,ID_PLANT,ID_GROUPAREA,ID_COMPONENT,DISPLAY) values (1940,21,3,103,'H');
Insert into QMUSER.D_PARAMETER (ID_PARAMETER,ID_PLANT,ID_GROUPAREA,ID_COMPONENT,DISPLAY) values (1941,21,3,104,'H');
Insert into QMUSER.D_PARAMETER (ID_PARAMETER,ID_PLANT,ID_GROUPAREA,ID_COMPONENT,DISPLAY) values (1942,21,3,105,'H');
Insert into QMUSER.D_PARAMETER (ID_PARAMETER,ID_PLANT,ID_GROUPAREA,ID_COMPONENT,DISPLAY) values (1943,21,3,121,'H');
Insert into QMUSER.D_PARAMETER (ID_PARAMETER,ID_PLANT,ID_GROUPAREA,ID_COMPONENT,DISPLAY) values (1944,21,3,122,'H');
Insert into QMUSER.D_PARAMETER (ID_PARAMETER,ID_PLANT,ID_GROUPAREA,ID_COMPONENT,DISPLAY) values (1945,21,3,123,'H');
Insert into QMUSER.D_PARAMETER (ID_PARAMETER,ID_PLANT,ID_GROUPAREA,ID_COMPONENT,DISPLAY) values (1946,21,1,24,'H');
Insert into QMUSER.D_PARAMETER (ID_PARAMETER,ID_PLANT,ID_GROUPAREA,ID_COMPONENT,DISPLAY) values (1947,21,1,28,'H');
Insert into QMUSER.D_PARAMETER (ID_PARAMETER,ID_PLANT,ID_GROUPAREA,ID_COMPONENT,DISPLAY) values (1948,21,1,30,'H');
Insert into QMUSER.D_PARAMETER (ID_PARAMETER,ID_PLANT,ID_GROUPAREA,ID_COMPONENT,DISPLAY) values (1949,21,1,32,'H');
Insert into QMUSER.D_PARAMETER (ID_PARAMETER,ID_PLANT,ID_GROUPAREA,ID_COMPONENT,DISPLAY) values (1950,21,1,101,'H');
Insert into QMUSER.D_PARAMETER (ID_PARAMETER,ID_PLANT,ID_GROUPAREA,ID_COMPONENT,DISPLAY) values (1951,21,1,102,'H');
Insert into QMUSER.D_PARAMETER (ID_PARAMETER,ID_PLANT,ID_GROUPAREA,ID_COMPONENT,DISPLAY) values (1952,21,1,103,'H');
Insert into QMUSER.D_PARAMETER (ID_PARAMETER,ID_PLANT,ID_GROUPAREA,ID_COMPONENT,DISPLAY) values (1953,21,1,104,'H');
Insert into QMUSER.D_PARAMETER (ID_PARAMETER,ID_PLANT,ID_GROUPAREA,ID_COMPONENT,DISPLAY) values (1954,21,1,105,'H');
Insert into QMUSER.D_PARAMETER (ID_PARAMETER,ID_PLANT,ID_GROUPAREA,ID_COMPONENT,DISPLAY) values (1955,22,1,24,'H');
Insert into QMUSER.D_PARAMETER (ID_PARAMETER,ID_PLANT,ID_GROUPAREA,ID_COMPONENT,DISPLAY) values (1956,22,1,28,'H');
Insert into QMUSER.D_PARAMETER (ID_PARAMETER,ID_PLANT,ID_GROUPAREA,ID_COMPONENT,DISPLAY) values (1957,22,1,30,'H');
Insert into QMUSER.D_PARAMETER (ID_PARAMETER,ID_PLANT,ID_GROUPAREA,ID_COMPONENT,DISPLAY) values (1958,22,1,32,'H');
Insert into QMUSER.D_PARAMETER (ID_PARAMETER,ID_PLANT,ID_GROUPAREA,ID_COMPONENT,DISPLAY) values (1959,22,1,101,'H');
Insert into QMUSER.D_PARAMETER (ID_PARAMETER,ID_PLANT,ID_GROUPAREA,ID_COMPONENT,DISPLAY) values (1960,22,1,102,'H');
Insert into QMUSER.D_PARAMETER (ID_PARAMETER,ID_PLANT,ID_GROUPAREA,ID_COMPONENT,DISPLAY) values (1961,22,1,103,'H');
Insert into QMUSER.D_PARAMETER (ID_PARAMETER,ID_PLANT,ID_GROUPAREA,ID_COMPONENT,DISPLAY) values (1962,22,1,104,'H');
Insert into QMUSER.D_PARAMETER (ID_PARAMETER,ID_PLANT,ID_GROUPAREA,ID_COMPONENT,DISPLAY) values (1963,22,1,105,'H');
Insert into QMUSER.D_PARAMETER (ID_PARAMETER,ID_PLANT,ID_GROUPAREA,ID_COMPONENT,DISPLAY) values (1964,23,1,24,'H');
Insert into QMUSER.D_PARAMETER (ID_PARAMETER,ID_PLANT,ID_GROUPAREA,ID_COMPONENT,DISPLAY) values (1965,23,1,28,'H');
Insert into QMUSER.D_PARAMETER (ID_PARAMETER,ID_PLANT,ID_GROUPAREA,ID_COMPONENT,DISPLAY) values (1966,23,1,30,'H');
Insert into QMUSER.D_PARAMETER (ID_PARAMETER,ID_PLANT,ID_GROUPAREA,ID_COMPONENT,DISPLAY) values (1967,23,1,32,'H');
Insert into QMUSER.D_PARAMETER (ID_PARAMETER,ID_PLANT,ID_GROUPAREA,ID_COMPONENT,DISPLAY) values (1968,23,1,101,'H');
Insert into QMUSER.D_PARAMETER (ID_PARAMETER,ID_PLANT,ID_GROUPAREA,ID_COMPONENT,DISPLAY) values (1969,23,1,102,'H');
Insert into QMUSER.D_PARAMETER (ID_PARAMETER,ID_PLANT,ID_GROUPAREA,ID_COMPONENT,DISPLAY) values (1970,23,1,103,'H');
Insert into QMUSER.D_PARAMETER (ID_PARAMETER,ID_PLANT,ID_GROUPAREA,ID_COMPONENT,DISPLAY) values (1971,23,1,104,'H');
Insert into QMUSER.D_PARAMETER (ID_PARAMETER,ID_PLANT,ID_GROUPAREA,ID_COMPONENT,DISPLAY) values (1972,23,1,105,'H');
Insert into QMUSER.D_PARAMETER (ID_PARAMETER,ID_PLANT,ID_GROUPAREA,ID_COMPONENT,DISPLAY) values (1973,5,1,24,'H');
Insert into QMUSER.D_PARAMETER (ID_PARAMETER,ID_PLANT,ID_GROUPAREA,ID_COMPONENT,DISPLAY) values (1974,5,1,28,'H');
Insert into QMUSER.D_PARAMETER (ID_PARAMETER,ID_PLANT,ID_GROUPAREA,ID_COMPONENT,DISPLAY) values (1975,5,1,30,'H');
Insert into QMUSER.D_PARAMETER (ID_PARAMETER,ID_PLANT,ID_GROUPAREA,ID_COMPONENT,DISPLAY) values (2085,5,7,21,'D');
Insert into QMUSER.D_PARAMETER (ID_PARAMETER,ID_PLANT,ID_GROUPAREA,ID_COMPONENT,DISPLAY) values (2086,5,7,22,'D');
Insert into QMUSER.D_PARAMETER (ID_PARAMETER,ID_PLANT,ID_GROUPAREA,ID_COMPONENT,DISPLAY) values (2087,5,7,25,'D');
Insert into QMUSER.D_PARAMETER (ID_PARAMETER,ID_PLANT,ID_GROUPAREA,ID_COMPONENT,DISPLAY) values (2088,5,7,26,'D');
Insert into QMUSER.D_PARAMETER (ID_PARAMETER,ID_PLANT,ID_GROUPAREA,ID_COMPONENT,DISPLAY) values (2089,5,7,62,'D');
Insert into QMUSER.D_PARAMETER (ID_PARAMETER,ID_PLANT,ID_GROUPAREA,ID_COMPONENT,DISPLAY) values (2201,8,1,24,'D');
Insert into QMUSER.D_PARAMETER (ID_PARAMETER,ID_PLANT,ID_GROUPAREA,ID_COMPONENT,DISPLAY) values (2202,8,1,28,'D');
Insert into QMUSER.D_PARAMETER (ID_PARAMETER,ID_PLANT,ID_GROUPAREA,ID_COMPONENT,DISPLAY) values (2203,8,1,29,'D');
Insert into QMUSER.D_PARAMETER (ID_PARAMETER,ID_PLANT,ID_GROUPAREA,ID_COMPONENT,DISPLAY) values (2204,8,1,30,'D');
Insert into QMUSER.D_PARAMETER (ID_PARAMETER,ID_PLANT,ID_GROUPAREA,ID_COMPONENT,DISPLAY) values (2205,8,1,32,'D');
Insert into QMUSER.D_PARAMETER (ID_PARAMETER,ID_PLANT,ID_GROUPAREA,ID_COMPONENT,DISPLAY) values (2206,8,1,33,'D');
Insert into QMUSER.D_PARAMETER (ID_PARAMETER,ID_PLANT,ID_GROUPAREA,ID_COMPONENT,DISPLAY) values (2207,8,1,34,'D');
Insert into QMUSER.D_PARAMETER (ID_PARAMETER,ID_PLANT,ID_GROUPAREA,ID_COMPONENT,DISPLAY) values (2208,8,1,35,'D');
Insert into QMUSER.D_PARAMETER (ID_PARAMETER,ID_PLANT,ID_GROUPAREA,ID_COMPONENT,DISPLAY) values (2209,8,1,36,'D');
Insert into QMUSER.D_PARAMETER (ID_PARAMETER,ID_PLANT,ID_GROUPAREA,ID_COMPONENT,DISPLAY) values (2210,8,1,37,'D');
Insert into QMUSER.D_PARAMETER (ID_PARAMETER,ID_PLANT,ID_GROUPAREA,ID_COMPONENT,DISPLAY) values (2211,8,1,38,'D');
Insert into QMUSER.D_PARAMETER (ID_PARAMETER,ID_PLANT,ID_GROUPAREA,ID_COMPONENT,DISPLAY) values (2212,8,1,39,'D');
Insert into QMUSER.D_PARAMETER (ID_PARAMETER,ID_PLANT,ID_GROUPAREA,ID_COMPONENT,DISPLAY) values (2213,8,1,40,'D');
Insert into QMUSER.D_PARAMETER (ID_PARAMETER,ID_PLANT,ID_GROUPAREA,ID_COMPONENT,DISPLAY) values (2214,8,1,101,'D');
Insert into QMUSER.D_PARAMETER (ID_PARAMETER,ID_PLANT,ID_GROUPAREA,ID_COMPONENT,DISPLAY) values (2215,8,1,102,'D');
Insert into QMUSER.D_PARAMETER (ID_PARAMETER,ID_PLANT,ID_GROUPAREA,ID_COMPONENT,DISPLAY) values (2216,8,1,103,'D');
Insert into QMUSER.D_PARAMETER (ID_PARAMETER,ID_PLANT,ID_GROUPAREA,ID_COMPONENT,DISPLAY) values (2217,8,1,104,'D');
Insert into QMUSER.D_PARAMETER (ID_PARAMETER,ID_PLANT,ID_GROUPAREA,ID_COMPONENT,DISPLAY) values (2218,8,1,105,'D');
Insert into QMUSER.D_PARAMETER (ID_PARAMETER,ID_PLANT,ID_GROUPAREA,ID_COMPONENT,DISPLAY) values (2219,8,1,106,'D');
Insert into QMUSER.D_PARAMETER (ID_PARAMETER,ID_PLANT,ID_GROUPAREA,ID_COMPONENT,DISPLAY) values (2220,8,1,107,'D');
Insert into QMUSER.D_PARAMETER (ID_PARAMETER,ID_PLANT,ID_GROUPAREA,ID_COMPONENT,DISPLAY) values (2267,26,1,24,'H');
Insert into QMUSER.D_PARAMETER (ID_PARAMETER,ID_PLANT,ID_GROUPAREA,ID_COMPONENT,DISPLAY) values (2268,26,1,28,'H');
Insert into QMUSER.D_PARAMETER (ID_PARAMETER,ID_PLANT,ID_GROUPAREA,ID_COMPONENT,DISPLAY) values (2269,26,1,30,'H');
Insert into QMUSER.D_PARAMETER (ID_PARAMETER,ID_PLANT,ID_GROUPAREA,ID_COMPONENT,DISPLAY) values (2270,26,1,32,'H');
Insert into QMUSER.D_PARAMETER (ID_PARAMETER,ID_PLANT,ID_GROUPAREA,ID_COMPONENT,DISPLAY) values (2271,26,1,101,'H');
Insert into QMUSER.D_PARAMETER (ID_PARAMETER,ID_PLANT,ID_GROUPAREA,ID_COMPONENT,DISPLAY) values (2272,26,1,102,'H');
Insert into QMUSER.D_PARAMETER (ID_PARAMETER,ID_PLANT,ID_GROUPAREA,ID_COMPONENT,DISPLAY) values (2273,26,1,103,'H');
Insert into QMUSER.D_PARAMETER (ID_PARAMETER,ID_PLANT,ID_GROUPAREA,ID_COMPONENT,DISPLAY) values (2274,26,1,104,'H');
Insert into QMUSER.D_PARAMETER (ID_PARAMETER,ID_PLANT,ID_GROUPAREA,ID_COMPONENT,DISPLAY) values (2275,26,1,105,'H');
Insert into QMUSER.D_PARAMETER (ID_PARAMETER,ID_PLANT,ID_GROUPAREA,ID_COMPONENT,DISPLAY) values (2414,26,7,21,'D');
Insert into QMUSER.D_PARAMETER (ID_PARAMETER,ID_PLANT,ID_GROUPAREA,ID_COMPONENT,DISPLAY) values (2415,26,7,22,'D');
Insert into QMUSER.D_PARAMETER (ID_PARAMETER,ID_PLANT,ID_GROUPAREA,ID_COMPONENT,DISPLAY) values (2416,26,7,25,'D');
Insert into QMUSER.D_PARAMETER (ID_PARAMETER,ID_PLANT,ID_GROUPAREA,ID_COMPONENT,DISPLAY) values (2417,26,7,26,'D');
Insert into QMUSER.D_PARAMETER (ID_PARAMETER,ID_PLANT,ID_GROUPAREA,ID_COMPONENT,DISPLAY) values (2418,26,7,62,'D');
Insert into QMUSER.D_PARAMETER (ID_PARAMETER,ID_PLANT,ID_GROUPAREA,ID_COMPONENT,DISPLAY) values (2109,7,7,21,'H');
Insert into QMUSER.D_PARAMETER (ID_PARAMETER,ID_PLANT,ID_GROUPAREA,ID_COMPONENT,DISPLAY) values (2110,7,7,22,'H');
Insert into QMUSER.D_PARAMETER (ID_PARAMETER,ID_PLANT,ID_GROUPAREA,ID_COMPONENT,DISPLAY) values (2125,3,7,21,'H');
Insert into QMUSER.D_PARAMETER (ID_PARAMETER,ID_PLANT,ID_GROUPAREA,ID_COMPONENT,DISPLAY) values (2126,3,7,22,'H');
Insert into QMUSER.D_PARAMETER (ID_PARAMETER,ID_PLANT,ID_GROUPAREA,ID_COMPONENT,DISPLAY) values (2360,26,3,3,'H');
Insert into QMUSER.D_PARAMETER (ID_PARAMETER,ID_PLANT,ID_GROUPAREA,ID_COMPONENT,DISPLAY) values (2361,26,3,4,'H');
Insert into QMUSER.D_PARAMETER (ID_PARAMETER,ID_PLANT,ID_GROUPAREA,ID_COMPONENT,DISPLAY) values (2362,26,3,6,'H');
Insert into QMUSER.D_PARAMETER (ID_PARAMETER,ID_PLANT,ID_GROUPAREA,ID_COMPONENT,DISPLAY) values (2363,26,3,27,'H');
Insert into QMUSER.D_PARAMETER (ID_PARAMETER,ID_PLANT,ID_GROUPAREA,ID_COMPONENT,DISPLAY) values (2364,26,3,28,'H');
Insert into QMUSER.D_PARAMETER (ID_PARAMETER,ID_PLANT,ID_GROUPAREA,ID_COMPONENT,DISPLAY) values (2365,26,3,29,'H');
Insert into QMUSER.D_PARAMETER (ID_PARAMETER,ID_PLANT,ID_GROUPAREA,ID_COMPONENT,DISPLAY) values (2366,26,3,31,'H');
Insert into QMUSER.D_PARAMETER (ID_PARAMETER,ID_PLANT,ID_GROUPAREA,ID_COMPONENT,DISPLAY) values (2367,26,3,32,'H');
Insert into QMUSER.D_PARAMETER (ID_PARAMETER,ID_PLANT,ID_GROUPAREA,ID_COMPONENT,DISPLAY) values (2368,26,3,81,'H');
Insert into QMUSER.D_PARAMETER (ID_PARAMETER,ID_PLANT,ID_GROUPAREA,ID_COMPONENT,DISPLAY) values (2369,26,3,82,'H');
Insert into QMUSER.D_PARAMETER (ID_PARAMETER,ID_PLANT,ID_GROUPAREA,ID_COMPONENT,DISPLAY) values (2370,26,3,101,'H');
Insert into QMUSER.D_PARAMETER (ID_PARAMETER,ID_PLANT,ID_GROUPAREA,ID_COMPONENT,DISPLAY) values (2371,26,3,102,'H');
Insert into QMUSER.D_PARAMETER (ID_PARAMETER,ID_PLANT,ID_GROUPAREA,ID_COMPONENT,DISPLAY) values (2372,26,3,103,'H');
Insert into QMUSER.D_PARAMETER (ID_PARAMETER,ID_PLANT,ID_GROUPAREA,ID_COMPONENT,DISPLAY) values (2373,26,3,104,'H');
Insert into QMUSER.D_PARAMETER (ID_PARAMETER,ID_PLANT,ID_GROUPAREA,ID_COMPONENT,DISPLAY) values (2374,26,3,105,'H');
Insert into QMUSER.D_PARAMETER (ID_PARAMETER,ID_PLANT,ID_GROUPAREA,ID_COMPONENT,DISPLAY) values (2375,26,3,121,'H');
Insert into QMUSER.D_PARAMETER (ID_PARAMETER,ID_PLANT,ID_GROUPAREA,ID_COMPONENT,DISPLAY) values (2376,26,3,122,'H');
Insert into QMUSER.D_PARAMETER (ID_PARAMETER,ID_PLANT,ID_GROUPAREA,ID_COMPONENT,DISPLAY) values (2377,26,3,123,'H');
Insert into QMUSER.D_PARAMETER (ID_PARAMETER,ID_PLANT,ID_GROUPAREA,ID_COMPONENT,DISPLAY) values (2378,26,3,3,'H');
Insert into QMUSER.D_PARAMETER (ID_PARAMETER,ID_PLANT,ID_GROUPAREA,ID_COMPONENT,DISPLAY) values (2379,26,3,4,'H');
Insert into QMUSER.D_PARAMETER (ID_PARAMETER,ID_PLANT,ID_GROUPAREA,ID_COMPONENT,DISPLAY) values (2380,26,3,6,'H');
Insert into QMUSER.D_PARAMETER (ID_PARAMETER,ID_PLANT,ID_GROUPAREA,ID_COMPONENT,DISPLAY) values (2381,26,3,27,'H');
Insert into QMUSER.D_PARAMETER (ID_PARAMETER,ID_PLANT,ID_GROUPAREA,ID_COMPONENT,DISPLAY) values (2382,26,3,28,'H');
Insert into QMUSER.D_PARAMETER (ID_PARAMETER,ID_PLANT,ID_GROUPAREA,ID_COMPONENT,DISPLAY) values (2383,26,3,29,'H');
Insert into QMUSER.D_PARAMETER (ID_PARAMETER,ID_PLANT,ID_GROUPAREA,ID_COMPONENT,DISPLAY) values (2384,26,3,31,'H');
Insert into QMUSER.D_PARAMETER (ID_PARAMETER,ID_PLANT,ID_GROUPAREA,ID_COMPONENT,DISPLAY) values (2385,26,3,32,'H');
Insert into QMUSER.D_PARAMETER (ID_PARAMETER,ID_PLANT,ID_GROUPAREA,ID_COMPONENT,DISPLAY) values (2386,26,3,81,'H');
Insert into QMUSER.D_PARAMETER (ID_PARAMETER,ID_PLANT,ID_GROUPAREA,ID_COMPONENT,DISPLAY) values (2387,26,3,82,'H');
Insert into QMUSER.D_PARAMETER (ID_PARAMETER,ID_PLANT,ID_GROUPAREA,ID_COMPONENT,DISPLAY) values (2388,26,3,101,'H');
Insert into QMUSER.D_PARAMETER (ID_PARAMETER,ID_PLANT,ID_GROUPAREA,ID_COMPONENT,DISPLAY) values (2389,26,3,102,'H');
Insert into QMUSER.D_PARAMETER (ID_PARAMETER,ID_PLANT,ID_GROUPAREA,ID_COMPONENT,DISPLAY) values (2390,26,3,103,'H');
Insert into QMUSER.D_PARAMETER (ID_PARAMETER,ID_PLANT,ID_GROUPAREA,ID_COMPONENT,DISPLAY) values (2391,26,3,104,'H');
Insert into QMUSER.D_PARAMETER (ID_PARAMETER,ID_PLANT,ID_GROUPAREA,ID_COMPONENT,DISPLAY) values (2392,26,3,105,'H');
Insert into QMUSER.D_PARAMETER (ID_PARAMETER,ID_PLANT,ID_GROUPAREA,ID_COMPONENT,DISPLAY) values (2393,26,3,121,'H');
Insert into QMUSER.D_PARAMETER (ID_PARAMETER,ID_PLANT,ID_GROUPAREA,ID_COMPONENT,DISPLAY) values (2394,26,3,122,'H');
Insert into QMUSER.D_PARAMETER (ID_PARAMETER,ID_PLANT,ID_GROUPAREA,ID_COMPONENT,DISPLAY) values (2395,26,3,123,'H');
Insert into QMUSER.D_PARAMETER (ID_PARAMETER,ID_PLANT,ID_GROUPAREA,ID_COMPONENT,DISPLAY) values (2419,26,7,21,'H');
Insert into QMUSER.D_PARAMETER (ID_PARAMETER,ID_PLANT,ID_GROUPAREA,ID_COMPONENT,DISPLAY) values (2420,26,7,22,'H');
Insert into QMUSER.D_PARAMETER (ID_PARAMETER,ID_PLANT,ID_GROUPAREA,ID_COMPONENT,DISPLAY) values (2421,26,7,21,'H');
Insert into QMUSER.D_PARAMETER (ID_PARAMETER,ID_PLANT,ID_GROUPAREA,ID_COMPONENT,DISPLAY) values (2422,26,7,22,'H');
Insert into QMUSER.D_PARAMETER (ID_PARAMETER,ID_PLANT,ID_GROUPAREA,ID_COMPONENT,DISPLAY) values (2132,4,7,21,'D');
Insert into QMUSER.D_PARAMETER (ID_PARAMETER,ID_PLANT,ID_GROUPAREA,ID_COMPONENT,DISPLAY) values (2133,4,7,22,'D');
Insert into QMUSER.D_PARAMETER (ID_PARAMETER,ID_PLANT,ID_GROUPAREA,ID_COMPONENT,DISPLAY) values (2134,4,7,25,'D');
Insert into QMUSER.D_PARAMETER (ID_PARAMETER,ID_PLANT,ID_GROUPAREA,ID_COMPONENT,DISPLAY) values (2135,4,7,26,'D');
Insert into QMUSER.D_PARAMETER (ID_PARAMETER,ID_PLANT,ID_GROUPAREA,ID_COMPONENT,DISPLAY) values (2136,4,7,62,'D');
Insert into QMUSER.D_PARAMETER (ID_PARAMETER,ID_PLANT,ID_GROUPAREA,ID_COMPONENT,DISPLAY) values (2159,23,2,21,'D');
Insert into QMUSER.D_PARAMETER (ID_PARAMETER,ID_PLANT,ID_GROUPAREA,ID_COMPONENT,DISPLAY) values (2160,23,2,25,'D');
Insert into QMUSER.D_PARAMETER (ID_PARAMETER,ID_PLANT,ID_GROUPAREA,ID_COMPONENT,DISPLAY) values (2161,23,2,26,'D');
Insert into QMUSER.D_PARAMETER (ID_PARAMETER,ID_PLANT,ID_GROUPAREA,ID_COMPONENT,DISPLAY) values (2162,23,2,62,'D');
Insert into QMUSER.D_PARAMETER (ID_PARAMETER,ID_PLANT,ID_GROUPAREA,ID_COMPONENT,DISPLAY) values (2163,23,2,141,'D');
Insert into QMUSER.D_PARAMETER (ID_PARAMETER,ID_PLANT,ID_GROUPAREA,ID_COMPONENT,DISPLAY) values (2189,3,2,21,'D');
Insert into QMUSER.D_PARAMETER (ID_PARAMETER,ID_PLANT,ID_GROUPAREA,ID_COMPONENT,DISPLAY) values (2190,3,2,25,'D');
Insert into QMUSER.D_PARAMETER (ID_PARAMETER,ID_PLANT,ID_GROUPAREA,ID_COMPONENT,DISPLAY) values (2191,3,2,26,'D');
Insert into QMUSER.D_PARAMETER (ID_PARAMETER,ID_PLANT,ID_GROUPAREA,ID_COMPONENT,DISPLAY) values (2192,3,2,62,'D');
Insert into QMUSER.D_PARAMETER (ID_PARAMETER,ID_PLANT,ID_GROUPAREA,ID_COMPONENT,DISPLAY) values (2193,3,2,141,'D');
Insert into QMUSER.D_PARAMETER (ID_PARAMETER,ID_PLANT,ID_GROUPAREA,ID_COMPONENT,DISPLAY) values (2194,4,2,21,'D');
Insert into QMUSER.D_PARAMETER (ID_PARAMETER,ID_PLANT,ID_GROUPAREA,ID_COMPONENT,DISPLAY) values (2195,4,2,25,'D');
Insert into QMUSER.D_PARAMETER (ID_PARAMETER,ID_PLANT,ID_GROUPAREA,ID_COMPONENT,DISPLAY) values (2196,4,2,26,'D');
Insert into QMUSER.D_PARAMETER (ID_PARAMETER,ID_PLANT,ID_GROUPAREA,ID_COMPONENT,DISPLAY) values (2197,4,2,62,'D');
Insert into QMUSER.D_PARAMETER (ID_PARAMETER,ID_PLANT,ID_GROUPAREA,ID_COMPONENT,DISPLAY) values (2198,4,2,141,'D');
Insert into QMUSER.D_PARAMETER (ID_PARAMETER,ID_PLANT,ID_GROUPAREA,ID_COMPONENT,DISPLAY) values (2118,2,7,21,'H');
Insert into QMUSER.D_PARAMETER (ID_PARAMETER,ID_PLANT,ID_GROUPAREA,ID_COMPONENT,DISPLAY) values (2119,2,7,22,'H');
Insert into QMUSER.D_PARAMETER (ID_PARAMETER,ID_PLANT,ID_GROUPAREA,ID_COMPONENT,DISPLAY) values (2120,2,7,21,'D');
Insert into QMUSER.D_PARAMETER (ID_PARAMETER,ID_PLANT,ID_GROUPAREA,ID_COMPONENT,DISPLAY) values (2121,2,7,22,'D');
Insert into QMUSER.D_PARAMETER (ID_PARAMETER,ID_PLANT,ID_GROUPAREA,ID_COMPONENT,DISPLAY) values (2122,2,7,25,'D');
Insert into QMUSER.D_PARAMETER (ID_PARAMETER,ID_PLANT,ID_GROUPAREA,ID_COMPONENT,DISPLAY) values (2123,2,7,26,'D');
Insert into QMUSER.D_PARAMETER (ID_PARAMETER,ID_PLANT,ID_GROUPAREA,ID_COMPONENT,DISPLAY) values (2124,2,7,62,'D');
Insert into QMUSER.D_PARAMETER (ID_PARAMETER,ID_PLANT,ID_GROUPAREA,ID_COMPONENT,DISPLAY) values (2137,4,7,21,'H');
Insert into QMUSER.D_PARAMETER (ID_PARAMETER,ID_PLANT,ID_GROUPAREA,ID_COMPONENT,DISPLAY) values (2138,4,7,22,'H');
Insert into QMUSER.D_PARAMETER (ID_PARAMETER,ID_PLANT,ID_GROUPAREA,ID_COMPONENT,DISPLAY) values (2285,26,4,3,'D');
Insert into QMUSER.D_PARAMETER (ID_PARAMETER,ID_PLANT,ID_GROUPAREA,ID_COMPONENT,DISPLAY) values (2286,26,4,4,'D');
Insert into QMUSER.D_PARAMETER (ID_PARAMETER,ID_PLANT,ID_GROUPAREA,ID_COMPONENT,DISPLAY) values (2287,26,4,6,'D');
Insert into QMUSER.D_PARAMETER (ID_PARAMETER,ID_PLANT,ID_GROUPAREA,ID_COMPONENT,DISPLAY) values (2288,26,4,21,'D');
Insert into QMUSER.D_PARAMETER (ID_PARAMETER,ID_PLANT,ID_GROUPAREA,ID_COMPONENT,DISPLAY) values (2289,26,4,22,'D');
Insert into QMUSER.D_PARAMETER (ID_PARAMETER,ID_PLANT,ID_GROUPAREA,ID_COMPONENT,DISPLAY) values (2290,26,4,32,'D');
Insert into QMUSER.D_PARAMETER (ID_PARAMETER,ID_PLANT,ID_GROUPAREA,ID_COMPONENT,DISPLAY) values (2291,26,4,41,'D');
Insert into QMUSER.D_PARAMETER (ID_PARAMETER,ID_PLANT,ID_GROUPAREA,ID_COMPONENT,DISPLAY) values (2292,26,4,101,'D');
Insert into QMUSER.D_PARAMETER (ID_PARAMETER,ID_PLANT,ID_GROUPAREA,ID_COMPONENT,DISPLAY) values (2293,26,4,102,'D');
Insert into QMUSER.D_PARAMETER (ID_PARAMETER,ID_PLANT,ID_GROUPAREA,ID_COMPONENT,DISPLAY) values (2294,26,4,103,'D');
Insert into QMUSER.D_PARAMETER (ID_PARAMETER,ID_PLANT,ID_GROUPAREA,ID_COMPONENT,DISPLAY) values (2295,26,4,104,'D');
Insert into QMUSER.D_PARAMETER (ID_PARAMETER,ID_PLANT,ID_GROUPAREA,ID_COMPONENT,DISPLAY) values (2296,26,4,105,'D');
Insert into QMUSER.D_PARAMETER (ID_PARAMETER,ID_PLANT,ID_GROUPAREA,ID_COMPONENT,DISPLAY) values (2297,26,4,121,'D');
Insert into QMUSER.D_PARAMETER (ID_PARAMETER,ID_PLANT,ID_GROUPAREA,ID_COMPONENT,DISPLAY) values (2298,26,4,122,'D');
Insert into QMUSER.D_PARAMETER (ID_PARAMETER,ID_PLANT,ID_GROUPAREA,ID_COMPONENT,DISPLAY) values (2299,26,4,123,'D');
Insert into QMUSER.D_PARAMETER (ID_PARAMETER,ID_PLANT,ID_GROUPAREA,ID_COMPONENT,DISPLAY) values (2169,6,2,21,'D');
Insert into QMUSER.D_PARAMETER (ID_PARAMETER,ID_PLANT,ID_GROUPAREA,ID_COMPONENT,DISPLAY) values (2170,6,2,25,'D');
Insert into QMUSER.D_PARAMETER (ID_PARAMETER,ID_PLANT,ID_GROUPAREA,ID_COMPONENT,DISPLAY) values (2171,6,2,26,'D');
Insert into QMUSER.D_PARAMETER (ID_PARAMETER,ID_PLANT,ID_GROUPAREA,ID_COMPONENT,DISPLAY) values (2172,6,2,62,'D');
Insert into QMUSER.D_PARAMETER (ID_PARAMETER,ID_PLANT,ID_GROUPAREA,ID_COMPONENT,DISPLAY) values (2173,6,2,141,'D');
Insert into QMUSER.D_PARAMETER (ID_PARAMETER,ID_PLANT,ID_GROUPAREA,ID_COMPONENT,DISPLAY) values (2174,7,2,21,'D');
Insert into QMUSER.D_PARAMETER (ID_PARAMETER,ID_PLANT,ID_GROUPAREA,ID_COMPONENT,DISPLAY) values (2175,7,2,25,'D');
Insert into QMUSER.D_PARAMETER (ID_PARAMETER,ID_PLANT,ID_GROUPAREA,ID_COMPONENT,DISPLAY) values (2176,7,2,26,'D');
Insert into QMUSER.D_PARAMETER (ID_PARAMETER,ID_PLANT,ID_GROUPAREA,ID_COMPONENT,DISPLAY) values (2177,7,2,62,'D');
Insert into QMUSER.D_PARAMETER (ID_PARAMETER,ID_PLANT,ID_GROUPAREA,ID_COMPONENT,DISPLAY) values (2178,7,2,141,'D');
Insert into QMUSER.D_PARAMETER (ID_PARAMETER,ID_PLANT,ID_GROUPAREA,ID_COMPONENT,DISPLAY) values (2276,26,1,24,'H');
Insert into QMUSER.D_PARAMETER (ID_PARAMETER,ID_PLANT,ID_GROUPAREA,ID_COMPONENT,DISPLAY) values (2277,26,1,28,'H');
Insert into QMUSER.D_PARAMETER (ID_PARAMETER,ID_PLANT,ID_GROUPAREA,ID_COMPONENT,DISPLAY) values (2278,26,1,30,'H');
Insert into QMUSER.D_PARAMETER (ID_PARAMETER,ID_PLANT,ID_GROUPAREA,ID_COMPONENT,DISPLAY) values (2279,26,1,32,'H');
Insert into QMUSER.D_PARAMETER (ID_PARAMETER,ID_PLANT,ID_GROUPAREA,ID_COMPONENT,DISPLAY) values (2280,26,1,101,'H');
Insert into QMUSER.D_PARAMETER (ID_PARAMETER,ID_PLANT,ID_GROUPAREA,ID_COMPONENT,DISPLAY) values (2281,26,1,102,'H');
Insert into QMUSER.D_PARAMETER (ID_PARAMETER,ID_PLANT,ID_GROUPAREA,ID_COMPONENT,DISPLAY) values (2282,26,1,103,'H');
Insert into QMUSER.D_PARAMETER (ID_PARAMETER,ID_PLANT,ID_GROUPAREA,ID_COMPONENT,DISPLAY) values (2283,26,1,104,'H');
Insert into QMUSER.D_PARAMETER (ID_PARAMETER,ID_PLANT,ID_GROUPAREA,ID_COMPONENT,DISPLAY) values (2284,26,1,105,'H');
Insert into QMUSER.D_PARAMETER (ID_PARAMETER,ID_PLANT,ID_GROUPAREA,ID_COMPONENT,DISPLAY) values (2300,26,4,3,'H');
Insert into QMUSER.D_PARAMETER (ID_PARAMETER,ID_PLANT,ID_GROUPAREA,ID_COMPONENT,DISPLAY) values (2301,26,4,4,'H');
Insert into QMUSER.D_PARAMETER (ID_PARAMETER,ID_PLANT,ID_GROUPAREA,ID_COMPONENT,DISPLAY) values (2302,26,4,6,'H');
Insert into QMUSER.D_PARAMETER (ID_PARAMETER,ID_PLANT,ID_GROUPAREA,ID_COMPONENT,DISPLAY) values (2303,26,4,21,'H');
Insert into QMUSER.D_PARAMETER (ID_PARAMETER,ID_PLANT,ID_GROUPAREA,ID_COMPONENT,DISPLAY) values (2304,26,4,22,'H');
Insert into QMUSER.D_PARAMETER (ID_PARAMETER,ID_PLANT,ID_GROUPAREA,ID_COMPONENT,DISPLAY) values (2305,26,4,32,'H');
Insert into QMUSER.D_PARAMETER (ID_PARAMETER,ID_PLANT,ID_GROUPAREA,ID_COMPONENT,DISPLAY) values (2306,26,4,41,'H');
Insert into QMUSER.D_PARAMETER (ID_PARAMETER,ID_PLANT,ID_GROUPAREA,ID_COMPONENT,DISPLAY) values (2307,26,4,101,'H');
Insert into QMUSER.D_PARAMETER (ID_PARAMETER,ID_PLANT,ID_GROUPAREA,ID_COMPONENT,DISPLAY) values (2308,26,4,102,'H');
Insert into QMUSER.D_PARAMETER (ID_PARAMETER,ID_PLANT,ID_GROUPAREA,ID_COMPONENT,DISPLAY) values (2309,26,4,103,'H');
Insert into QMUSER.D_PARAMETER (ID_PARAMETER,ID_PLANT,ID_GROUPAREA,ID_COMPONENT,DISPLAY) values (2310,26,4,104,'H');
Insert into QMUSER.D_PARAMETER (ID_PARAMETER,ID_PLANT,ID_GROUPAREA,ID_COMPONENT,DISPLAY) values (2311,26,4,105,'H');
Insert into QMUSER.D_PARAMETER (ID_PARAMETER,ID_PLANT,ID_GROUPAREA,ID_COMPONENT,DISPLAY) values (2312,26,4,121,'H');
Insert into QMUSER.D_PARAMETER (ID_PARAMETER,ID_PLANT,ID_GROUPAREA,ID_COMPONENT,DISPLAY) values (2313,26,4,122,'H');
Insert into QMUSER.D_PARAMETER (ID_PARAMETER,ID_PLANT,ID_GROUPAREA,ID_COMPONENT,DISPLAY) values (2314,26,4,123,'H');
Insert into QMUSER.D_PARAMETER (ID_PARAMETER,ID_PLANT,ID_GROUPAREA,ID_COMPONENT,DISPLAY) values (2315,26,6,3,'H');
Insert into QMUSER.D_PARAMETER (ID_PARAMETER,ID_PLANT,ID_GROUPAREA,ID_COMPONENT,DISPLAY) values (2316,26,6,4,'H');
Insert into QMUSER.D_PARAMETER (ID_PARAMETER,ID_PLANT,ID_GROUPAREA,ID_COMPONENT,DISPLAY) values (2317,26,6,6,'H');
Insert into QMUSER.D_PARAMETER (ID_PARAMETER,ID_PLANT,ID_GROUPAREA,ID_COMPONENT,DISPLAY) values (2318,26,6,21,'H');
Insert into QMUSER.D_PARAMETER (ID_PARAMETER,ID_PLANT,ID_GROUPAREA,ID_COMPONENT,DISPLAY) values (2319,26,6,22,'H');
Insert into QMUSER.D_PARAMETER (ID_PARAMETER,ID_PLANT,ID_GROUPAREA,ID_COMPONENT,DISPLAY) values (2320,26,6,32,'H');
Insert into QMUSER.D_PARAMETER (ID_PARAMETER,ID_PLANT,ID_GROUPAREA,ID_COMPONENT,DISPLAY) values (2321,26,6,41,'H');
Insert into QMUSER.D_PARAMETER (ID_PARAMETER,ID_PLANT,ID_GROUPAREA,ID_COMPONENT,DISPLAY) values (2322,26,6,101,'H');
Insert into QMUSER.D_PARAMETER (ID_PARAMETER,ID_PLANT,ID_GROUPAREA,ID_COMPONENT,DISPLAY) values (2323,26,6,102,'H');
Insert into QMUSER.D_PARAMETER (ID_PARAMETER,ID_PLANT,ID_GROUPAREA,ID_COMPONENT,DISPLAY) values (2324,26,6,103,'H');
Insert into QMUSER.D_PARAMETER (ID_PARAMETER,ID_PLANT,ID_GROUPAREA,ID_COMPONENT,DISPLAY) values (2325,26,6,104,'H');
Insert into QMUSER.D_PARAMETER (ID_PARAMETER,ID_PLANT,ID_GROUPAREA,ID_COMPONENT,DISPLAY) values (2326,26,6,105,'H');
Insert into QMUSER.D_PARAMETER (ID_PARAMETER,ID_PLANT,ID_GROUPAREA,ID_COMPONENT,DISPLAY) values (2327,26,6,121,'H');
Insert into QMUSER.D_PARAMETER (ID_PARAMETER,ID_PLANT,ID_GROUPAREA,ID_COMPONENT,DISPLAY) values (2328,26,6,122,'H');
Insert into QMUSER.D_PARAMETER (ID_PARAMETER,ID_PLANT,ID_GROUPAREA,ID_COMPONENT,DISPLAY) values (2329,26,6,123,'H');
Insert into QMUSER.D_PARAMETER (ID_PARAMETER,ID_PLANT,ID_GROUPAREA,ID_COMPONENT,DISPLAY) values (2423,26,2,21,'D');
Insert into QMUSER.D_PARAMETER (ID_PARAMETER,ID_PLANT,ID_GROUPAREA,ID_COMPONENT,DISPLAY) values (2424,26,2,25,'D');
Insert into QMUSER.D_PARAMETER (ID_PARAMETER,ID_PLANT,ID_GROUPAREA,ID_COMPONENT,DISPLAY) values (2425,26,2,26,'D');
Insert into QMUSER.D_PARAMETER (ID_PARAMETER,ID_PLANT,ID_GROUPAREA,ID_COMPONENT,DISPLAY) values (2426,26,2,62,'D');
Insert into QMUSER.D_PARAMETER (ID_PARAMETER,ID_PLANT,ID_GROUPAREA,ID_COMPONENT,DISPLAY) values (2427,26,2,141,'D');
Insert into QMUSER.D_PARAMETER (ID_PARAMETER,ID_PLANT,ID_GROUPAREA,ID_COMPONENT,DISPLAY) values (2092,6,7,21,'H');
Insert into QMUSER.D_PARAMETER (ID_PARAMETER,ID_PLANT,ID_GROUPAREA,ID_COMPONENT,DISPLAY) values (2093,6,7,22,'H');
Insert into QMUSER.D_PARAMETER (ID_PARAMETER,ID_PLANT,ID_GROUPAREA,ID_COMPONENT,DISPLAY) values (2144,21,2,21,'D');
Insert into QMUSER.D_PARAMETER (ID_PARAMETER,ID_PLANT,ID_GROUPAREA,ID_COMPONENT,DISPLAY) values (2145,21,2,25,'D');
Insert into QMUSER.D_PARAMETER (ID_PARAMETER,ID_PLANT,ID_GROUPAREA,ID_COMPONENT,DISPLAY) values (2146,21,2,26,'D');
Insert into QMUSER.D_PARAMETER (ID_PARAMETER,ID_PLANT,ID_GROUPAREA,ID_COMPONENT,DISPLAY) values (2147,21,2,62,'D');
Insert into QMUSER.D_PARAMETER (ID_PARAMETER,ID_PLANT,ID_GROUPAREA,ID_COMPONENT,DISPLAY) values (2148,21,2,141,'D');
Insert into QMUSER.D_PARAMETER (ID_PARAMETER,ID_PLANT,ID_GROUPAREA,ID_COMPONENT,DISPLAY) values (2149,21,2,21,'D');
Insert into QMUSER.D_PARAMETER (ID_PARAMETER,ID_PLANT,ID_GROUPAREA,ID_COMPONENT,DISPLAY) values (2150,21,2,25,'D');
Insert into QMUSER.D_PARAMETER (ID_PARAMETER,ID_PLANT,ID_GROUPAREA,ID_COMPONENT,DISPLAY) values (2151,21,2,26,'D');
Insert into QMUSER.D_PARAMETER (ID_PARAMETER,ID_PLANT,ID_GROUPAREA,ID_COMPONENT,DISPLAY) values (2152,21,2,62,'D');
Insert into QMUSER.D_PARAMETER (ID_PARAMETER,ID_PLANT,ID_GROUPAREA,ID_COMPONENT,DISPLAY) values (2153,21,2,141,'D');
Insert into QMUSER.D_PARAMETER (ID_PARAMETER,ID_PLANT,ID_GROUPAREA,ID_COMPONENT,DISPLAY) values (2164,5,2,21,'D');
Insert into QMUSER.D_PARAMETER (ID_PARAMETER,ID_PLANT,ID_GROUPAREA,ID_COMPONENT,DISPLAY) values (2165,5,2,25,'D');
Insert into QMUSER.D_PARAMETER (ID_PARAMETER,ID_PLANT,ID_GROUPAREA,ID_COMPONENT,DISPLAY) values (2166,5,2,26,'D');
Insert into QMUSER.D_PARAMETER (ID_PARAMETER,ID_PLANT,ID_GROUPAREA,ID_COMPONENT,DISPLAY) values (2167,5,2,62,'D');
Insert into QMUSER.D_PARAMETER (ID_PARAMETER,ID_PLANT,ID_GROUPAREA,ID_COMPONENT,DISPLAY) values (2168,5,2,141,'D');
Insert into QMUSER.D_PARAMETER (ID_PARAMETER,ID_PLANT,ID_GROUPAREA,ID_COMPONENT,DISPLAY) values (2179,1,2,21,'D');
Insert into QMUSER.D_PARAMETER (ID_PARAMETER,ID_PLANT,ID_GROUPAREA,ID_COMPONENT,DISPLAY) values (2180,1,2,25,'D');
Insert into QMUSER.D_PARAMETER (ID_PARAMETER,ID_PLANT,ID_GROUPAREA,ID_COMPONENT,DISPLAY) values (2181,1,2,26,'D');
Insert into QMUSER.D_PARAMETER (ID_PARAMETER,ID_PLANT,ID_GROUPAREA,ID_COMPONENT,DISPLAY) values (2182,1,2,62,'D');
Insert into QMUSER.D_PARAMETER (ID_PARAMETER,ID_PLANT,ID_GROUPAREA,ID_COMPONENT,DISPLAY) values (2183,1,2,141,'D');
Insert into QMUSER.D_PARAMETER (ID_PARAMETER,ID_PLANT,ID_GROUPAREA,ID_COMPONENT,DISPLAY) values (2240,27,1,24,'H');
Insert into QMUSER.D_PARAMETER (ID_PARAMETER,ID_PLANT,ID_GROUPAREA,ID_COMPONENT,DISPLAY) values (2241,27,1,28,'H');
Insert into QMUSER.D_PARAMETER (ID_PARAMETER,ID_PLANT,ID_GROUPAREA,ID_COMPONENT,DISPLAY) values (2242,27,1,30,'H');
Insert into QMUSER.D_PARAMETER (ID_PARAMETER,ID_PLANT,ID_GROUPAREA,ID_COMPONENT,DISPLAY) values (2243,27,1,32,'H');
Insert into QMUSER.D_PARAMETER (ID_PARAMETER,ID_PLANT,ID_GROUPAREA,ID_COMPONENT,DISPLAY) values (2244,27,1,101,'H');
Insert into QMUSER.D_PARAMETER (ID_PARAMETER,ID_PLANT,ID_GROUPAREA,ID_COMPONENT,DISPLAY) values (2245,27,1,102,'H');
Insert into QMUSER.D_PARAMETER (ID_PARAMETER,ID_PLANT,ID_GROUPAREA,ID_COMPONENT,DISPLAY) values (2246,27,1,103,'H');
Insert into QMUSER.D_PARAMETER (ID_PARAMETER,ID_PLANT,ID_GROUPAREA,ID_COMPONENT,DISPLAY) values (2247,27,1,104,'H');
Insert into QMUSER.D_PARAMETER (ID_PARAMETER,ID_PLANT,ID_GROUPAREA,ID_COMPONENT,DISPLAY) values (2248,27,1,105,'H');
Insert into QMUSER.D_PARAMETER (ID_PARAMETER,ID_PLANT,ID_GROUPAREA,ID_COMPONENT,DISPLAY) values (2330,26,6,3,'D');
Insert into QMUSER.D_PARAMETER (ID_PARAMETER,ID_PLANT,ID_GROUPAREA,ID_COMPONENT,DISPLAY) values (2331,26,6,4,'D');
Insert into QMUSER.D_PARAMETER (ID_PARAMETER,ID_PLANT,ID_GROUPAREA,ID_COMPONENT,DISPLAY) values (2332,26,6,6,'D');
Insert into QMUSER.D_PARAMETER (ID_PARAMETER,ID_PLANT,ID_GROUPAREA,ID_COMPONENT,DISPLAY) values (2333,26,6,21,'D');
Insert into QMUSER.D_PARAMETER (ID_PARAMETER,ID_PLANT,ID_GROUPAREA,ID_COMPONENT,DISPLAY) values (2334,26,6,22,'D');
Insert into QMUSER.D_PARAMETER (ID_PARAMETER,ID_PLANT,ID_GROUPAREA,ID_COMPONENT,DISPLAY) values (2335,26,6,32,'D');
Insert into QMUSER.D_PARAMETER (ID_PARAMETER,ID_PLANT,ID_GROUPAREA,ID_COMPONENT,DISPLAY) values (2336,26,6,41,'D');
Insert into QMUSER.D_PARAMETER (ID_PARAMETER,ID_PLANT,ID_GROUPAREA,ID_COMPONENT,DISPLAY) values (2337,26,6,101,'D');
Insert into QMUSER.D_PARAMETER (ID_PARAMETER,ID_PLANT,ID_GROUPAREA,ID_COMPONENT,DISPLAY) values (2338,26,6,102,'D');
Insert into QMUSER.D_PARAMETER (ID_PARAMETER,ID_PLANT,ID_GROUPAREA,ID_COMPONENT,DISPLAY) values (2339,26,6,103,'D');
Insert into QMUSER.D_PARAMETER (ID_PARAMETER,ID_PLANT,ID_GROUPAREA,ID_COMPONENT,DISPLAY) values (2340,26,6,104,'D');
Insert into QMUSER.D_PARAMETER (ID_PARAMETER,ID_PLANT,ID_GROUPAREA,ID_COMPONENT,DISPLAY) values (2341,26,6,105,'D');
Insert into QMUSER.D_PARAMETER (ID_PARAMETER,ID_PLANT,ID_GROUPAREA,ID_COMPONENT,DISPLAY) values (2342,26,6,121,'D');
Insert into QMUSER.D_PARAMETER (ID_PARAMETER,ID_PLANT,ID_GROUPAREA,ID_COMPONENT,DISPLAY) values (2343,26,6,122,'D');
Insert into QMUSER.D_PARAMETER (ID_PARAMETER,ID_PLANT,ID_GROUPAREA,ID_COMPONENT,DISPLAY) values (2344,26,6,123,'D');
Insert into QMUSER.D_PARAMETER (ID_PARAMETER,ID_PLANT,ID_GROUPAREA,ID_COMPONENT,DISPLAY) values (2345,26,6,3,'D');
Insert into QMUSER.D_PARAMETER (ID_PARAMETER,ID_PLANT,ID_GROUPAREA,ID_COMPONENT,DISPLAY) values (2346,26,6,4,'D');
Insert into QMUSER.D_PARAMETER (ID_PARAMETER,ID_PLANT,ID_GROUPAREA,ID_COMPONENT,DISPLAY) values (2347,26,6,6,'D');
Insert into QMUSER.D_PARAMETER (ID_PARAMETER,ID_PLANT,ID_GROUPAREA,ID_COMPONENT,DISPLAY) values (2348,26,6,21,'D');
Insert into QMUSER.D_PARAMETER (ID_PARAMETER,ID_PLANT,ID_GROUPAREA,ID_COMPONENT,DISPLAY) values (2349,26,6,22,'D');
Insert into QMUSER.D_PARAMETER (ID_PARAMETER,ID_PLANT,ID_GROUPAREA,ID_COMPONENT,DISPLAY) values (2350,26,6,32,'D');
Insert into QMUSER.D_PARAMETER (ID_PARAMETER,ID_PLANT,ID_GROUPAREA,ID_COMPONENT,DISPLAY) values (2351,26,6,41,'D');
Insert into QMUSER.D_PARAMETER (ID_PARAMETER,ID_PLANT,ID_GROUPAREA,ID_COMPONENT,DISPLAY) values (2352,26,6,101,'D');
Insert into QMUSER.D_PARAMETER (ID_PARAMETER,ID_PLANT,ID_GROUPAREA,ID_COMPONENT,DISPLAY) values (2353,26,6,102,'D');
Insert into QMUSER.D_PARAMETER (ID_PARAMETER,ID_PLANT,ID_GROUPAREA,ID_COMPONENT,DISPLAY) values (2354,26,6,103,'D');
Insert into QMUSER.D_PARAMETER (ID_PARAMETER,ID_PLANT,ID_GROUPAREA,ID_COMPONENT,DISPLAY) values (2355,26,6,104,'D');
Insert into QMUSER.D_PARAMETER (ID_PARAMETER,ID_PLANT,ID_GROUPAREA,ID_COMPONENT,DISPLAY) values (2356,26,6,105,'D');
Insert into QMUSER.D_PARAMETER (ID_PARAMETER,ID_PLANT,ID_GROUPAREA,ID_COMPONENT,DISPLAY) values (2357,26,6,121,'D');
Insert into QMUSER.D_PARAMETER (ID_PARAMETER,ID_PLANT,ID_GROUPAREA,ID_COMPONENT,DISPLAY) values (2358,26,6,122,'D');
Insert into QMUSER.D_PARAMETER (ID_PARAMETER,ID_PLANT,ID_GROUPAREA,ID_COMPONENT,DISPLAY) values (2359,26,6,123,'D');
Insert into QMUSER.D_PARAMETER (ID_PARAMETER,ID_PLANT,ID_GROUPAREA,ID_COMPONENT,DISPLAY) values (2396,26,3,3,'D');
Insert into QMUSER.D_PARAMETER (ID_PARAMETER,ID_PLANT,ID_GROUPAREA,ID_COMPONENT,DISPLAY) values (2397,26,3,4,'D');
Insert into QMUSER.D_PARAMETER (ID_PARAMETER,ID_PLANT,ID_GROUPAREA,ID_COMPONENT,DISPLAY) values (2398,26,3,6,'D');
Insert into QMUSER.D_PARAMETER (ID_PARAMETER,ID_PLANT,ID_GROUPAREA,ID_COMPONENT,DISPLAY) values (2399,26,3,27,'D');
Insert into QMUSER.D_PARAMETER (ID_PARAMETER,ID_PLANT,ID_GROUPAREA,ID_COMPONENT,DISPLAY) values (2400,26,3,28,'D');
Insert into QMUSER.D_PARAMETER (ID_PARAMETER,ID_PLANT,ID_GROUPAREA,ID_COMPONENT,DISPLAY) values (2401,26,3,29,'D');
Insert into QMUSER.D_PARAMETER (ID_PARAMETER,ID_PLANT,ID_GROUPAREA,ID_COMPONENT,DISPLAY) values (2402,26,3,31,'D');
Insert into QMUSER.D_PARAMETER (ID_PARAMETER,ID_PLANT,ID_GROUPAREA,ID_COMPONENT,DISPLAY) values (2403,26,3,32,'D');
Insert into QMUSER.D_PARAMETER (ID_PARAMETER,ID_PLANT,ID_GROUPAREA,ID_COMPONENT,DISPLAY) values (2404,26,3,81,'D');
Insert into QMUSER.D_PARAMETER (ID_PARAMETER,ID_PLANT,ID_GROUPAREA,ID_COMPONENT,DISPLAY) values (2405,26,3,82,'D');
Insert into QMUSER.D_PARAMETER (ID_PARAMETER,ID_PLANT,ID_GROUPAREA,ID_COMPONENT,DISPLAY) values (2406,26,3,101,'D');
Insert into QMUSER.D_PARAMETER (ID_PARAMETER,ID_PLANT,ID_GROUPAREA,ID_COMPONENT,DISPLAY) values (2407,26,3,102,'D');
Insert into QMUSER.D_PARAMETER (ID_PARAMETER,ID_PLANT,ID_GROUPAREA,ID_COMPONENT,DISPLAY) values (2408,26,3,103,'D');
Insert into QMUSER.D_PARAMETER (ID_PARAMETER,ID_PLANT,ID_GROUPAREA,ID_COMPONENT,DISPLAY) values (2409,26,3,104,'D');
Insert into QMUSER.D_PARAMETER (ID_PARAMETER,ID_PLANT,ID_GROUPAREA,ID_COMPONENT,DISPLAY) values (2410,26,3,105,'D');
Insert into QMUSER.D_PARAMETER (ID_PARAMETER,ID_PLANT,ID_GROUPAREA,ID_COMPONENT,DISPLAY) values (2411,26,3,121,'D');
Insert into QMUSER.D_PARAMETER (ID_PARAMETER,ID_PLANT,ID_GROUPAREA,ID_COMPONENT,DISPLAY) values (2412,26,3,122,'D');
Insert into QMUSER.D_PARAMETER (ID_PARAMETER,ID_PLANT,ID_GROUPAREA,ID_COMPONENT,DISPLAY) values (2413,26,3,123,'D');
Insert into QMUSER.D_PARAMETER (ID_PARAMETER,ID_PLANT,ID_GROUPAREA,ID_COMPONENT,DISPLAY) values (2094,6,7,21,'D');
Insert into QMUSER.D_PARAMETER (ID_PARAMETER,ID_PLANT,ID_GROUPAREA,ID_COMPONENT,DISPLAY) values (2095,6,7,22,'D');
Insert into QMUSER.D_PARAMETER (ID_PARAMETER,ID_PLANT,ID_GROUPAREA,ID_COMPONENT,DISPLAY) values (2096,6,7,25,'D');
Insert into QMUSER.D_PARAMETER (ID_PARAMETER,ID_PLANT,ID_GROUPAREA,ID_COMPONENT,DISPLAY) values (2097,6,7,26,'D');
Insert into QMUSER.D_PARAMETER (ID_PARAMETER,ID_PLANT,ID_GROUPAREA,ID_COMPONENT,DISPLAY) values (2098,6,7,62,'D');
Insert into QMUSER.D_PARAMETER (ID_PARAMETER,ID_PLANT,ID_GROUPAREA,ID_COMPONENT,DISPLAY) values (2099,7,7,21,'D');
Insert into QMUSER.D_PARAMETER (ID_PARAMETER,ID_PLANT,ID_GROUPAREA,ID_COMPONENT,DISPLAY) values (2100,7,7,22,'D');
Insert into QMUSER.D_PARAMETER (ID_PARAMETER,ID_PLANT,ID_GROUPAREA,ID_COMPONENT,DISPLAY) values (2101,7,7,25,'D');
Insert into QMUSER.D_PARAMETER (ID_PARAMETER,ID_PLANT,ID_GROUPAREA,ID_COMPONENT,DISPLAY) values (2102,7,7,26,'D');
Insert into QMUSER.D_PARAMETER (ID_PARAMETER,ID_PLANT,ID_GROUPAREA,ID_COMPONENT,DISPLAY) values (2103,7,7,62,'D');
Insert into QMUSER.D_PARAMETER (ID_PARAMETER,ID_PLANT,ID_GROUPAREA,ID_COMPONENT,DISPLAY) values (2104,7,7,21,'D');
Insert into QMUSER.D_PARAMETER (ID_PARAMETER,ID_PLANT,ID_GROUPAREA,ID_COMPONENT,DISPLAY) values (2105,7,7,22,'D');
Insert into QMUSER.D_PARAMETER (ID_PARAMETER,ID_PLANT,ID_GROUPAREA,ID_COMPONENT,DISPLAY) values (2106,7,7,25,'D');
Insert into QMUSER.D_PARAMETER (ID_PARAMETER,ID_PLANT,ID_GROUPAREA,ID_COMPONENT,DISPLAY) values (2107,7,7,26,'D');
Insert into QMUSER.D_PARAMETER (ID_PARAMETER,ID_PLANT,ID_GROUPAREA,ID_COMPONENT,DISPLAY) values (2108,7,7,62,'D');
Insert into QMUSER.D_PARAMETER (ID_PARAMETER,ID_PLANT,ID_GROUPAREA,ID_COMPONENT,DISPLAY) values (2111,1,7,21,'D');
Insert into QMUSER.D_PARAMETER (ID_PARAMETER,ID_PLANT,ID_GROUPAREA,ID_COMPONENT,DISPLAY) values (2112,1,7,22,'D');
Insert into QMUSER.D_PARAMETER (ID_PARAMETER,ID_PLANT,ID_GROUPAREA,ID_COMPONENT,DISPLAY) values (2113,1,7,25,'D');
Insert into QMUSER.D_PARAMETER (ID_PARAMETER,ID_PLANT,ID_GROUPAREA,ID_COMPONENT,DISPLAY) values (2114,1,7,26,'D');
Insert into QMUSER.D_PARAMETER (ID_PARAMETER,ID_PLANT,ID_GROUPAREA,ID_COMPONENT,DISPLAY) values (2115,1,7,62,'D');
Insert into QMUSER.D_PARAMETER (ID_PARAMETER,ID_PLANT,ID_GROUPAREA,ID_COMPONENT,DISPLAY) values (2116,1,7,21,'H');
Insert into QMUSER.D_PARAMETER (ID_PARAMETER,ID_PLANT,ID_GROUPAREA,ID_COMPONENT,DISPLAY) values (2117,1,7,22,'H');
Insert into QMUSER.D_PARAMETER (ID_PARAMETER,ID_PLANT,ID_GROUPAREA,ID_COMPONENT,DISPLAY) values (2127,3,7,21,'D');
Insert into QMUSER.D_PARAMETER (ID_PARAMETER,ID_PLANT,ID_GROUPAREA,ID_COMPONENT,DISPLAY) values (2128,3,7,22,'D');
Insert into QMUSER.D_PARAMETER (ID_PARAMETER,ID_PLANT,ID_GROUPAREA,ID_COMPONENT,DISPLAY) values (2129,3,7,25,'D');
Insert into QMUSER.D_PARAMETER (ID_PARAMETER,ID_PLANT,ID_GROUPAREA,ID_COMPONENT,DISPLAY) values (2130,3,7,26,'D');
Insert into QMUSER.D_PARAMETER (ID_PARAMETER,ID_PLANT,ID_GROUPAREA,ID_COMPONENT,DISPLAY) values (2131,3,7,62,'D');
Insert into QMUSER.D_PARAMETER (ID_PARAMETER,ID_PLANT,ID_GROUPAREA,ID_COMPONENT,DISPLAY) values (2221,27,1,24,'D');
Insert into QMUSER.D_PARAMETER (ID_PARAMETER,ID_PLANT,ID_GROUPAREA,ID_COMPONENT,DISPLAY) values (2222,27,1,28,'D');
Insert into QMUSER.D_PARAMETER (ID_PARAMETER,ID_PLANT,ID_GROUPAREA,ID_COMPONENT,DISPLAY) values (2223,27,1,29,'D');
Insert into QMUSER.D_PARAMETER (ID_PARAMETER,ID_PLANT,ID_GROUPAREA,ID_COMPONENT,DISPLAY) values (2224,27,1,30,'D');
Insert into QMUSER.D_PARAMETER (ID_PARAMETER,ID_PLANT,ID_GROUPAREA,ID_COMPONENT,DISPLAY) values (2225,27,1,32,'D');
Insert into QMUSER.D_PARAMETER (ID_PARAMETER,ID_PLANT,ID_GROUPAREA,ID_COMPONENT,DISPLAY) values (2226,27,1,33,'D');
Insert into QMUSER.D_PARAMETER (ID_PARAMETER,ID_PLANT,ID_GROUPAREA,ID_COMPONENT,DISPLAY) values (2227,27,1,34,'D');
Insert into QMUSER.D_PARAMETER (ID_PARAMETER,ID_PLANT,ID_GROUPAREA,ID_COMPONENT,DISPLAY) values (2228,27,1,36,'D');
Insert into QMUSER.D_PARAMETER (ID_PARAMETER,ID_PLANT,ID_GROUPAREA,ID_COMPONENT,DISPLAY) values (2229,27,1,37,'D');
Insert into QMUSER.D_PARAMETER (ID_PARAMETER,ID_PLANT,ID_GROUPAREA,ID_COMPONENT,DISPLAY) values (2230,27,1,38,'D');
Insert into QMUSER.D_PARAMETER (ID_PARAMETER,ID_PLANT,ID_GROUPAREA,ID_COMPONENT,DISPLAY) values (2231,27,1,39,'D');
Insert into QMUSER.D_PARAMETER (ID_PARAMETER,ID_PLANT,ID_GROUPAREA,ID_COMPONENT,DISPLAY) values (2232,27,1,40,'D');
Insert into QMUSER.D_PARAMETER (ID_PARAMETER,ID_PLANT,ID_GROUPAREA,ID_COMPONENT,DISPLAY) values (2233,27,1,101,'D');
Insert into QMUSER.D_PARAMETER (ID_PARAMETER,ID_PLANT,ID_GROUPAREA,ID_COMPONENT,DISPLAY) values (2234,27,1,102,'D');
Insert into QMUSER.D_PARAMETER (ID_PARAMETER,ID_PLANT,ID_GROUPAREA,ID_COMPONENT,DISPLAY) values (2235,27,1,103,'D');
Insert into QMUSER.D_PARAMETER (ID_PARAMETER,ID_PLANT,ID_GROUPAREA,ID_COMPONENT,DISPLAY) values (2236,27,1,104,'D');
Insert into QMUSER.D_PARAMETER (ID_PARAMETER,ID_PLANT,ID_GROUPAREA,ID_COMPONENT,DISPLAY) values (2237,27,1,105,'D');
Insert into QMUSER.D_PARAMETER (ID_PARAMETER,ID_PLANT,ID_GROUPAREA,ID_COMPONENT,DISPLAY) values (2238,27,1,106,'D');
Insert into QMUSER.D_PARAMETER (ID_PARAMETER,ID_PLANT,ID_GROUPAREA,ID_COMPONENT,DISPLAY) values (2239,27,1,107,'D');
Insert into QMUSER.D_PARAMETER (ID_PARAMETER,ID_PLANT,ID_GROUPAREA,ID_COMPONENT,DISPLAY) values (2249,26,1,24,'D');
Insert into QMUSER.D_PARAMETER (ID_PARAMETER,ID_PLANT,ID_GROUPAREA,ID_COMPONENT,DISPLAY) values (2250,26,1,28,'D');
Insert into QMUSER.D_PARAMETER (ID_PARAMETER,ID_PLANT,ID_GROUPAREA,ID_COMPONENT,DISPLAY) values (2251,26,1,29,'D');
Insert into QMUSER.D_PARAMETER (ID_PARAMETER,ID_PLANT,ID_GROUPAREA,ID_COMPONENT,DISPLAY) values (2252,26,1,30,'D');
Insert into QMUSER.D_PARAMETER (ID_PARAMETER,ID_PLANT,ID_GROUPAREA,ID_COMPONENT,DISPLAY) values (2253,26,1,32,'D');
Insert into QMUSER.D_PARAMETER (ID_PARAMETER,ID_PLANT,ID_GROUPAREA,ID_COMPONENT,DISPLAY) values (2254,26,1,33,'D');
Insert into QMUSER.D_PARAMETER (ID_PARAMETER,ID_PLANT,ID_GROUPAREA,ID_COMPONENT,DISPLAY) values (2255,26,1,34,'D');
Insert into QMUSER.D_PARAMETER (ID_PARAMETER,ID_PLANT,ID_GROUPAREA,ID_COMPONENT,DISPLAY) values (2256,26,1,37,'D');
Insert into QMUSER.D_PARAMETER (ID_PARAMETER,ID_PLANT,ID_GROUPAREA,ID_COMPONENT,DISPLAY) values (2257,26,1,38,'D');
Insert into QMUSER.D_PARAMETER (ID_PARAMETER,ID_PLANT,ID_GROUPAREA,ID_COMPONENT,DISPLAY) values (2258,26,1,39,'D');
Insert into QMUSER.D_PARAMETER (ID_PARAMETER,ID_PLANT,ID_GROUPAREA,ID_COMPONENT,DISPLAY) values (2259,26,1,40,'D');
Insert into QMUSER.D_PARAMETER (ID_PARAMETER,ID_PLANT,ID_GROUPAREA,ID_COMPONENT,DISPLAY) values (2260,26,1,101,'D');
Insert into QMUSER.D_PARAMETER (ID_PARAMETER,ID_PLANT,ID_GROUPAREA,ID_COMPONENT,DISPLAY) values (2261,26,1,102,'D');
Insert into QMUSER.D_PARAMETER (ID_PARAMETER,ID_PLANT,ID_GROUPAREA,ID_COMPONENT,DISPLAY) values (2262,26,1,103,'D');
Insert into QMUSER.D_PARAMETER (ID_PARAMETER,ID_PLANT,ID_GROUPAREA,ID_COMPONENT,DISPLAY) values (2263,26,1,104,'D');
Insert into QMUSER.D_PARAMETER (ID_PARAMETER,ID_PLANT,ID_GROUPAREA,ID_COMPONENT,DISPLAY) values (2264,26,1,105,'D');
Insert into QMUSER.D_PARAMETER (ID_PARAMETER,ID_PLANT,ID_GROUPAREA,ID_COMPONENT,DISPLAY) values (2265,26,1,106,'D');
Insert into QMUSER.D_PARAMETER (ID_PARAMETER,ID_PLANT,ID_GROUPAREA,ID_COMPONENT,DISPLAY) values (2266,26,1,107,'D');
Insert into QMUSER.D_PARAMETER (ID_PARAMETER,ID_PLANT,ID_GROUPAREA,ID_COMPONENT,DISPLAY) values (2090,6,7,21,'H');
Insert into QMUSER.D_PARAMETER (ID_PARAMETER,ID_PLANT,ID_GROUPAREA,ID_COMPONENT,DISPLAY) values (2091,6,7,22,'H');
Insert into QMUSER.D_PARAMETER (ID_PARAMETER,ID_PLANT,ID_GROUPAREA,ID_COMPONENT,DISPLAY) values (2139,9,2,21,'D');
Insert into QMUSER.D_PARAMETER (ID_PARAMETER,ID_PLANT,ID_GROUPAREA,ID_COMPONENT,DISPLAY) values (2140,9,2,25,'D');
Insert into QMUSER.D_PARAMETER (ID_PARAMETER,ID_PLANT,ID_GROUPAREA,ID_COMPONENT,DISPLAY) values (2141,9,2,26,'D');
Insert into QMUSER.D_PARAMETER (ID_PARAMETER,ID_PLANT,ID_GROUPAREA,ID_COMPONENT,DISPLAY) values (2142,9,2,62,'D');
Insert into QMUSER.D_PARAMETER (ID_PARAMETER,ID_PLANT,ID_GROUPAREA,ID_COMPONENT,DISPLAY) values (2143,9,2,141,'D');
Insert into QMUSER.D_PARAMETER (ID_PARAMETER,ID_PLANT,ID_GROUPAREA,ID_COMPONENT,DISPLAY) values (2154,22,2,21,'D');
Insert into QMUSER.D_PARAMETER (ID_PARAMETER,ID_PLANT,ID_GROUPAREA,ID_COMPONENT,DISPLAY) values (2155,22,2,25,'D');
Insert into QMUSER.D_PARAMETER (ID_PARAMETER,ID_PLANT,ID_GROUPAREA,ID_COMPONENT,DISPLAY) values (2156,22,2,26,'D');
Insert into QMUSER.D_PARAMETER (ID_PARAMETER,ID_PLANT,ID_GROUPAREA,ID_COMPONENT,DISPLAY) values (2157,22,2,62,'D');
Insert into QMUSER.D_PARAMETER (ID_PARAMETER,ID_PLANT,ID_GROUPAREA,ID_COMPONENT,DISPLAY) values (2158,22,2,141,'D');
Insert into QMUSER.D_PARAMETER (ID_PARAMETER,ID_PLANT,ID_GROUPAREA,ID_COMPONENT,DISPLAY) values (2184,2,2,21,'D');
Insert into QMUSER.D_PARAMETER (ID_PARAMETER,ID_PLANT,ID_GROUPAREA,ID_COMPONENT,DISPLAY) values (2185,2,2,25,'D');
Insert into QMUSER.D_PARAMETER (ID_PARAMETER,ID_PLANT,ID_GROUPAREA,ID_COMPONENT,DISPLAY) values (2186,2,2,26,'D');
Insert into QMUSER.D_PARAMETER (ID_PARAMETER,ID_PLANT,ID_GROUPAREA,ID_COMPONENT,DISPLAY) values (2187,2,2,62,'D');
Insert into QMUSER.D_PARAMETER (ID_PARAMETER,ID_PLANT,ID_GROUPAREA,ID_COMPONENT,DISPLAY) values (2188,2,2,141,'D');
REM INSERTING into QMUSER.D_PRODUCTION
SET DEFINE OFF;
REM INSERTING into QMUSER.D_PRODUCTION_DAILY
SET DEFINE OFF;
Insert into QMUSER.D_PRODUCTION_DAILY (ID_PRODUCTION_DAILY,ID_COMPONENT,NILAI,NO_FIELD) values (74,3,11,1);
Insert into QMUSER.D_PRODUCTION_DAILY (ID_PRODUCTION_DAILY,ID_COMPONENT,NILAI,NO_FIELD) values (74,4,21,2);
Insert into QMUSER.D_PRODUCTION_DAILY (ID_PRODUCTION_DAILY,ID_COMPONENT,NILAI,NO_FIELD) values (74,24,31,3);
Insert into QMUSER.D_PRODUCTION_DAILY (ID_PRODUCTION_DAILY,ID_COMPONENT,NILAI,NO_FIELD) values (74,25,41,4);
Insert into QMUSER.D_PRODUCTION_DAILY (ID_PRODUCTION_DAILY,ID_COMPONENT,NILAI,NO_FIELD) values (75,3,12,1);
Insert into QMUSER.D_PRODUCTION_DAILY (ID_PRODUCTION_DAILY,ID_COMPONENT,NILAI,NO_FIELD) values (75,4,22,2);
Insert into QMUSER.D_PRODUCTION_DAILY (ID_PRODUCTION_DAILY,ID_COMPONENT,NILAI,NO_FIELD) values (75,24,32,3);
Insert into QMUSER.D_PRODUCTION_DAILY (ID_PRODUCTION_DAILY,ID_COMPONENT,NILAI,NO_FIELD) values (75,25,42,4);
Insert into QMUSER.D_PRODUCTION_DAILY (ID_PRODUCTION_DAILY,ID_COMPONENT,NILAI,NO_FIELD) values (76,3,13,1);
Insert into QMUSER.D_PRODUCTION_DAILY (ID_PRODUCTION_DAILY,ID_COMPONENT,NILAI,NO_FIELD) values (76,4,23,2);
Insert into QMUSER.D_PRODUCTION_DAILY (ID_PRODUCTION_DAILY,ID_COMPONENT,NILAI,NO_FIELD) values (76,24,33,3);
Insert into QMUSER.D_PRODUCTION_DAILY (ID_PRODUCTION_DAILY,ID_COMPONENT,NILAI,NO_FIELD) values (76,25,43,4);
Insert into QMUSER.D_PRODUCTION_DAILY (ID_PRODUCTION_DAILY,ID_COMPONENT,NILAI,NO_FIELD) values (77,3,14,1);
Insert into QMUSER.D_PRODUCTION_DAILY (ID_PRODUCTION_DAILY,ID_COMPONENT,NILAI,NO_FIELD) values (77,4,24,2);
Insert into QMUSER.D_PRODUCTION_DAILY (ID_PRODUCTION_DAILY,ID_COMPONENT,NILAI,NO_FIELD) values (77,24,34,3);
Insert into QMUSER.D_PRODUCTION_DAILY (ID_PRODUCTION_DAILY,ID_COMPONENT,NILAI,NO_FIELD) values (77,25,44,4);
Insert into QMUSER.D_PRODUCTION_DAILY (ID_PRODUCTION_DAILY,ID_COMPONENT,NILAI,NO_FIELD) values (78,3,15,1);
Insert into QMUSER.D_PRODUCTION_DAILY (ID_PRODUCTION_DAILY,ID_COMPONENT,NILAI,NO_FIELD) values (78,4,25,2);
Insert into QMUSER.D_PRODUCTION_DAILY (ID_PRODUCTION_DAILY,ID_COMPONENT,NILAI,NO_FIELD) values (78,24,35,3);
Insert into QMUSER.D_PRODUCTION_DAILY (ID_PRODUCTION_DAILY,ID_COMPONENT,NILAI,NO_FIELD) values (78,25,45,4);
Insert into QMUSER.D_PRODUCTION_DAILY (ID_PRODUCTION_DAILY,ID_COMPONENT,NILAI,NO_FIELD) values (79,3,16,1);
Insert into QMUSER.D_PRODUCTION_DAILY (ID_PRODUCTION_DAILY,ID_COMPONENT,NILAI,NO_FIELD) values (79,4,26,2);
Insert into QMUSER.D_PRODUCTION_DAILY (ID_PRODUCTION_DAILY,ID_COMPONENT,NILAI,NO_FIELD) values (79,24,36,3);
Insert into QMUSER.D_PRODUCTION_DAILY (ID_PRODUCTION_DAILY,ID_COMPONENT,NILAI,NO_FIELD) values (79,25,46,4);
Insert into QMUSER.D_PRODUCTION_DAILY (ID_PRODUCTION_DAILY,ID_COMPONENT,NILAI,NO_FIELD) values (80,3,17,1);
Insert into QMUSER.D_PRODUCTION_DAILY (ID_PRODUCTION_DAILY,ID_COMPONENT,NILAI,NO_FIELD) values (80,4,27,2);
Insert into QMUSER.D_PRODUCTION_DAILY (ID_PRODUCTION_DAILY,ID_COMPONENT,NILAI,NO_FIELD) values (80,24,37,3);
Insert into QMUSER.D_PRODUCTION_DAILY (ID_PRODUCTION_DAILY,ID_COMPONENT,NILAI,NO_FIELD) values (80,25,47,4);
Insert into QMUSER.D_PRODUCTION_DAILY (ID_PRODUCTION_DAILY,ID_COMPONENT,NILAI,NO_FIELD) values (81,3,11,1);
Insert into QMUSER.D_PRODUCTION_DAILY (ID_PRODUCTION_DAILY,ID_COMPONENT,NILAI,NO_FIELD) values (81,4,21,2);
Insert into QMUSER.D_PRODUCTION_DAILY (ID_PRODUCTION_DAILY,ID_COMPONENT,NILAI,NO_FIELD) values (81,24,31,3);
Insert into QMUSER.D_PRODUCTION_DAILY (ID_PRODUCTION_DAILY,ID_COMPONENT,NILAI,NO_FIELD) values (81,25,41,4);
Insert into QMUSER.D_PRODUCTION_DAILY (ID_PRODUCTION_DAILY,ID_COMPONENT,NILAI,NO_FIELD) values (82,3,12,1);
Insert into QMUSER.D_PRODUCTION_DAILY (ID_PRODUCTION_DAILY,ID_COMPONENT,NILAI,NO_FIELD) values (82,4,22,2);
Insert into QMUSER.D_PRODUCTION_DAILY (ID_PRODUCTION_DAILY,ID_COMPONENT,NILAI,NO_FIELD) values (82,24,32,3);
Insert into QMUSER.D_PRODUCTION_DAILY (ID_PRODUCTION_DAILY,ID_COMPONENT,NILAI,NO_FIELD) values (82,25,42,4);
Insert into QMUSER.D_PRODUCTION_DAILY (ID_PRODUCTION_DAILY,ID_COMPONENT,NILAI,NO_FIELD) values (83,3,13,1);
Insert into QMUSER.D_PRODUCTION_DAILY (ID_PRODUCTION_DAILY,ID_COMPONENT,NILAI,NO_FIELD) values (83,4,23,2);
Insert into QMUSER.D_PRODUCTION_DAILY (ID_PRODUCTION_DAILY,ID_COMPONENT,NILAI,NO_FIELD) values (83,24,33,3);
Insert into QMUSER.D_PRODUCTION_DAILY (ID_PRODUCTION_DAILY,ID_COMPONENT,NILAI,NO_FIELD) values (83,25,43,4);
Insert into QMUSER.D_PRODUCTION_DAILY (ID_PRODUCTION_DAILY,ID_COMPONENT,NILAI,NO_FIELD) values (84,3,14,1);
Insert into QMUSER.D_PRODUCTION_DAILY (ID_PRODUCTION_DAILY,ID_COMPONENT,NILAI,NO_FIELD) values (84,4,24,2);
Insert into QMUSER.D_PRODUCTION_DAILY (ID_PRODUCTION_DAILY,ID_COMPONENT,NILAI,NO_FIELD) values (84,24,34,3);
Insert into QMUSER.D_PRODUCTION_DAILY (ID_PRODUCTION_DAILY,ID_COMPONENT,NILAI,NO_FIELD) values (84,25,44,4);
Insert into QMUSER.D_PRODUCTION_DAILY (ID_PRODUCTION_DAILY,ID_COMPONENT,NILAI,NO_FIELD) values (85,3,15,1);
Insert into QMUSER.D_PRODUCTION_DAILY (ID_PRODUCTION_DAILY,ID_COMPONENT,NILAI,NO_FIELD) values (85,4,25,2);
Insert into QMUSER.D_PRODUCTION_DAILY (ID_PRODUCTION_DAILY,ID_COMPONENT,NILAI,NO_FIELD) values (85,24,35,3);
Insert into QMUSER.D_PRODUCTION_DAILY (ID_PRODUCTION_DAILY,ID_COMPONENT,NILAI,NO_FIELD) values (85,25,45,4);
Insert into QMUSER.D_PRODUCTION_DAILY (ID_PRODUCTION_DAILY,ID_COMPONENT,NILAI,NO_FIELD) values (86,3,16,1);
Insert into QMUSER.D_PRODUCTION_DAILY (ID_PRODUCTION_DAILY,ID_COMPONENT,NILAI,NO_FIELD) values (86,4,26,2);
Insert into QMUSER.D_PRODUCTION_DAILY (ID_PRODUCTION_DAILY,ID_COMPONENT,NILAI,NO_FIELD) values (86,24,36,3);
Insert into QMUSER.D_PRODUCTION_DAILY (ID_PRODUCTION_DAILY,ID_COMPONENT,NILAI,NO_FIELD) values (86,25,46,4);
Insert into QMUSER.D_PRODUCTION_DAILY (ID_PRODUCTION_DAILY,ID_COMPONENT,NILAI,NO_FIELD) values (87,3,17,1);
Insert into QMUSER.D_PRODUCTION_DAILY (ID_PRODUCTION_DAILY,ID_COMPONENT,NILAI,NO_FIELD) values (87,4,27,2);
Insert into QMUSER.D_PRODUCTION_DAILY (ID_PRODUCTION_DAILY,ID_COMPONENT,NILAI,NO_FIELD) values (87,24,37,3);
Insert into QMUSER.D_PRODUCTION_DAILY (ID_PRODUCTION_DAILY,ID_COMPONENT,NILAI,NO_FIELD) values (87,25,47,4);
Insert into QMUSER.D_PRODUCTION_DAILY (ID_PRODUCTION_DAILY,ID_COMPONENT,NILAI,NO_FIELD) values (67,3,11,1);
Insert into QMUSER.D_PRODUCTION_DAILY (ID_PRODUCTION_DAILY,ID_COMPONENT,NILAI,NO_FIELD) values (67,4,21,2);
Insert into QMUSER.D_PRODUCTION_DAILY (ID_PRODUCTION_DAILY,ID_COMPONENT,NILAI,NO_FIELD) values (67,24,31,3);
Insert into QMUSER.D_PRODUCTION_DAILY (ID_PRODUCTION_DAILY,ID_COMPONENT,NILAI,NO_FIELD) values (67,25,41,4);
Insert into QMUSER.D_PRODUCTION_DAILY (ID_PRODUCTION_DAILY,ID_COMPONENT,NILAI,NO_FIELD) values (68,3,12,1);
Insert into QMUSER.D_PRODUCTION_DAILY (ID_PRODUCTION_DAILY,ID_COMPONENT,NILAI,NO_FIELD) values (68,4,22,2);
Insert into QMUSER.D_PRODUCTION_DAILY (ID_PRODUCTION_DAILY,ID_COMPONENT,NILAI,NO_FIELD) values (68,24,32,3);
Insert into QMUSER.D_PRODUCTION_DAILY (ID_PRODUCTION_DAILY,ID_COMPONENT,NILAI,NO_FIELD) values (68,25,42,4);
Insert into QMUSER.D_PRODUCTION_DAILY (ID_PRODUCTION_DAILY,ID_COMPONENT,NILAI,NO_FIELD) values (69,3,13,1);
Insert into QMUSER.D_PRODUCTION_DAILY (ID_PRODUCTION_DAILY,ID_COMPONENT,NILAI,NO_FIELD) values (69,4,23,2);
Insert into QMUSER.D_PRODUCTION_DAILY (ID_PRODUCTION_DAILY,ID_COMPONENT,NILAI,NO_FIELD) values (69,24,33,3);
Insert into QMUSER.D_PRODUCTION_DAILY (ID_PRODUCTION_DAILY,ID_COMPONENT,NILAI,NO_FIELD) values (69,25,43,4);
Insert into QMUSER.D_PRODUCTION_DAILY (ID_PRODUCTION_DAILY,ID_COMPONENT,NILAI,NO_FIELD) values (70,3,14,1);
Insert into QMUSER.D_PRODUCTION_DAILY (ID_PRODUCTION_DAILY,ID_COMPONENT,NILAI,NO_FIELD) values (70,4,24,2);
Insert into QMUSER.D_PRODUCTION_DAILY (ID_PRODUCTION_DAILY,ID_COMPONENT,NILAI,NO_FIELD) values (70,24,34,3);
Insert into QMUSER.D_PRODUCTION_DAILY (ID_PRODUCTION_DAILY,ID_COMPONENT,NILAI,NO_FIELD) values (70,25,44,4);
Insert into QMUSER.D_PRODUCTION_DAILY (ID_PRODUCTION_DAILY,ID_COMPONENT,NILAI,NO_FIELD) values (71,3,15,1);
Insert into QMUSER.D_PRODUCTION_DAILY (ID_PRODUCTION_DAILY,ID_COMPONENT,NILAI,NO_FIELD) values (71,4,25,2);
Insert into QMUSER.D_PRODUCTION_DAILY (ID_PRODUCTION_DAILY,ID_COMPONENT,NILAI,NO_FIELD) values (71,24,35,3);
Insert into QMUSER.D_PRODUCTION_DAILY (ID_PRODUCTION_DAILY,ID_COMPONENT,NILAI,NO_FIELD) values (71,25,45,4);
Insert into QMUSER.D_PRODUCTION_DAILY (ID_PRODUCTION_DAILY,ID_COMPONENT,NILAI,NO_FIELD) values (72,3,16,1);
Insert into QMUSER.D_PRODUCTION_DAILY (ID_PRODUCTION_DAILY,ID_COMPONENT,NILAI,NO_FIELD) values (72,4,26,2);
Insert into QMUSER.D_PRODUCTION_DAILY (ID_PRODUCTION_DAILY,ID_COMPONENT,NILAI,NO_FIELD) values (72,24,36,3);
Insert into QMUSER.D_PRODUCTION_DAILY (ID_PRODUCTION_DAILY,ID_COMPONENT,NILAI,NO_FIELD) values (72,25,46,4);
Insert into QMUSER.D_PRODUCTION_DAILY (ID_PRODUCTION_DAILY,ID_COMPONENT,NILAI,NO_FIELD) values (73,3,17,1);
Insert into QMUSER.D_PRODUCTION_DAILY (ID_PRODUCTION_DAILY,ID_COMPONENT,NILAI,NO_FIELD) values (73,4,27,2);
Insert into QMUSER.D_PRODUCTION_DAILY (ID_PRODUCTION_DAILY,ID_COMPONENT,NILAI,NO_FIELD) values (73,24,37,3);
Insert into QMUSER.D_PRODUCTION_DAILY (ID_PRODUCTION_DAILY,ID_COMPONENT,NILAI,NO_FIELD) values (73,25,47,4);
REM INSERTING into QMUSER.D_PRODUCTION_HOURLY
SET DEFINE OFF;
Insert into QMUSER.D_PRODUCTION_HOURLY (ID_PRODUCTION_HOURLY,ID_COMPONENT,NILAI,NO_FIELD) values (6,3,11,1);
Insert into QMUSER.D_PRODUCTION_HOURLY (ID_PRODUCTION_HOURLY,ID_COMPONENT,NILAI,NO_FIELD) values (6,4,21,2);
Insert into QMUSER.D_PRODUCTION_HOURLY (ID_PRODUCTION_HOURLY,ID_COMPONENT,NILAI,NO_FIELD) values (6,24,31,3);
Insert into QMUSER.D_PRODUCTION_HOURLY (ID_PRODUCTION_HOURLY,ID_COMPONENT,NILAI,NO_FIELD) values (6,25,41,4);
Insert into QMUSER.D_PRODUCTION_HOURLY (ID_PRODUCTION_HOURLY,ID_COMPONENT,NILAI,NO_FIELD) values (7,3,12,1);
Insert into QMUSER.D_PRODUCTION_HOURLY (ID_PRODUCTION_HOURLY,ID_COMPONENT,NILAI,NO_FIELD) values (7,4,22,2);
Insert into QMUSER.D_PRODUCTION_HOURLY (ID_PRODUCTION_HOURLY,ID_COMPONENT,NILAI,NO_FIELD) values (7,24,32,3);
Insert into QMUSER.D_PRODUCTION_HOURLY (ID_PRODUCTION_HOURLY,ID_COMPONENT,NILAI,NO_FIELD) values (7,25,42,4);
Insert into QMUSER.D_PRODUCTION_HOURLY (ID_PRODUCTION_HOURLY,ID_COMPONENT,NILAI,NO_FIELD) values (8,3,13,1);
Insert into QMUSER.D_PRODUCTION_HOURLY (ID_PRODUCTION_HOURLY,ID_COMPONENT,NILAI,NO_FIELD) values (8,4,23,2);
Insert into QMUSER.D_PRODUCTION_HOURLY (ID_PRODUCTION_HOURLY,ID_COMPONENT,NILAI,NO_FIELD) values (8,24,33,3);
Insert into QMUSER.D_PRODUCTION_HOURLY (ID_PRODUCTION_HOURLY,ID_COMPONENT,NILAI,NO_FIELD) values (8,25,43,4);
Insert into QMUSER.D_PRODUCTION_HOURLY (ID_PRODUCTION_HOURLY,ID_COMPONENT,NILAI,NO_FIELD) values (9,3,14,1);
Insert into QMUSER.D_PRODUCTION_HOURLY (ID_PRODUCTION_HOURLY,ID_COMPONENT,NILAI,NO_FIELD) values (9,4,24,2);
Insert into QMUSER.D_PRODUCTION_HOURLY (ID_PRODUCTION_HOURLY,ID_COMPONENT,NILAI,NO_FIELD) values (9,24,34,3);
Insert into QMUSER.D_PRODUCTION_HOURLY (ID_PRODUCTION_HOURLY,ID_COMPONENT,NILAI,NO_FIELD) values (9,25,44,4);
Insert into QMUSER.D_PRODUCTION_HOURLY (ID_PRODUCTION_HOURLY,ID_COMPONENT,NILAI,NO_FIELD) values (10,3,15,1);
Insert into QMUSER.D_PRODUCTION_HOURLY (ID_PRODUCTION_HOURLY,ID_COMPONENT,NILAI,NO_FIELD) values (10,4,25,2);
Insert into QMUSER.D_PRODUCTION_HOURLY (ID_PRODUCTION_HOURLY,ID_COMPONENT,NILAI,NO_FIELD) values (10,24,35,3);
Insert into QMUSER.D_PRODUCTION_HOURLY (ID_PRODUCTION_HOURLY,ID_COMPONENT,NILAI,NO_FIELD) values (10,25,45,4);
Insert into QMUSER.D_PRODUCTION_HOURLY (ID_PRODUCTION_HOURLY,ID_COMPONENT,NILAI,NO_FIELD) values (11,3,16,1);
Insert into QMUSER.D_PRODUCTION_HOURLY (ID_PRODUCTION_HOURLY,ID_COMPONENT,NILAI,NO_FIELD) values (11,4,26,2);
Insert into QMUSER.D_PRODUCTION_HOURLY (ID_PRODUCTION_HOURLY,ID_COMPONENT,NILAI,NO_FIELD) values (11,24,36,3);
Insert into QMUSER.D_PRODUCTION_HOURLY (ID_PRODUCTION_HOURLY,ID_COMPONENT,NILAI,NO_FIELD) values (11,25,46,4);
Insert into QMUSER.D_PRODUCTION_HOURLY (ID_PRODUCTION_HOURLY,ID_COMPONENT,NILAI,NO_FIELD) values (12,3,17,1);
Insert into QMUSER.D_PRODUCTION_HOURLY (ID_PRODUCTION_HOURLY,ID_COMPONENT,NILAI,NO_FIELD) values (12,4,27,2);
Insert into QMUSER.D_PRODUCTION_HOURLY (ID_PRODUCTION_HOURLY,ID_COMPONENT,NILAI,NO_FIELD) values (12,24,37,3);
Insert into QMUSER.D_PRODUCTION_HOURLY (ID_PRODUCTION_HOURLY,ID_COMPONENT,NILAI,NO_FIELD) values (12,25,47,4);
Insert into QMUSER.D_PRODUCTION_HOURLY (ID_PRODUCTION_HOURLY,ID_COMPONENT,NILAI,NO_FIELD) values (13,3,18,1);
Insert into QMUSER.D_PRODUCTION_HOURLY (ID_PRODUCTION_HOURLY,ID_COMPONENT,NILAI,NO_FIELD) values (13,4,28,2);
Insert into QMUSER.D_PRODUCTION_HOURLY (ID_PRODUCTION_HOURLY,ID_COMPONENT,NILAI,NO_FIELD) values (13,24,38,3);
Insert into QMUSER.D_PRODUCTION_HOURLY (ID_PRODUCTION_HOURLY,ID_COMPONENT,NILAI,NO_FIELD) values (13,25,48,4);
Insert into QMUSER.D_PRODUCTION_HOURLY (ID_PRODUCTION_HOURLY,ID_COMPONENT,NILAI,NO_FIELD) values (14,3,19,1);
Insert into QMUSER.D_PRODUCTION_HOURLY (ID_PRODUCTION_HOURLY,ID_COMPONENT,NILAI,NO_FIELD) values (14,4,29,2);
Insert into QMUSER.D_PRODUCTION_HOURLY (ID_PRODUCTION_HOURLY,ID_COMPONENT,NILAI,NO_FIELD) values (14,24,39,3);
Insert into QMUSER.D_PRODUCTION_HOURLY (ID_PRODUCTION_HOURLY,ID_COMPONENT,NILAI,NO_FIELD) values (14,25,49,4);
Insert into QMUSER.D_PRODUCTION_HOURLY (ID_PRODUCTION_HOURLY,ID_COMPONENT,NILAI,NO_FIELD) values (15,3,null,1);
Insert into QMUSER.D_PRODUCTION_HOURLY (ID_PRODUCTION_HOURLY,ID_COMPONENT,NILAI,NO_FIELD) values (15,4,null,2);
Insert into QMUSER.D_PRODUCTION_HOURLY (ID_PRODUCTION_HOURLY,ID_COMPONENT,NILAI,NO_FIELD) values (15,24,null,3);
Insert into QMUSER.D_PRODUCTION_HOURLY (ID_PRODUCTION_HOURLY,ID_COMPONENT,NILAI,NO_FIELD) values (15,25,null,4);
REM INSERTING into QMUSER.M_AREA
SET DEFINE OFF;
Insert into QMUSER.M_AREA (ID_AREA,ID_PLANT,KD_AREA,NM_AREA,ID_GROUPAREA) values (67,8,'FMD                 ','FINISH MILL D',1);
Insert into QMUSER.M_AREA (ID_AREA,ID_PLANT,KD_AREA,NM_AREA,ID_GROUPAREA) values (68,21,'FM3                 ','FINISH MILL 3',1);
Insert into QMUSER.M_AREA (ID_AREA,ID_PLANT,KD_AREA,NM_AREA,ID_GROUPAREA) values (73,23,'FM8                 ','FINISH MILL 8',1);
Insert into QMUSER.M_AREA (ID_AREA,ID_PLANT,KD_AREA,NM_AREA,ID_GROUPAREA) values (61,9,'FM1                 ','FINISH MILL I',1);
Insert into QMUSER.M_AREA (ID_AREA,ID_PLANT,KD_AREA,NM_AREA,ID_GROUPAREA) values (63,9,'FM9                 ','FINISH MILL 9',1);
Insert into QMUSER.M_AREA (ID_AREA,ID_PLANT,KD_AREA,NM_AREA,ID_GROUPAREA) values (69,21,'FM4                 ','FINISH MILL 4',1);
Insert into QMUSER.M_AREA (ID_AREA,ID_PLANT,KD_AREA,NM_AREA,ID_GROUPAREA) values (70,22,'FM5                 ','FINISH MILL 5',1);
Insert into QMUSER.M_AREA (ID_AREA,ID_PLANT,KD_AREA,NM_AREA,ID_GROUPAREA) values (64,8,'FMA                 ','FINISH MILL A',1);
Insert into QMUSER.M_AREA (ID_AREA,ID_PLANT,KD_AREA,NM_AREA,ID_GROUPAREA) values (65,8,'FMB                 ','FINISH MILL B',1);
Insert into QMUSER.M_AREA (ID_AREA,ID_PLANT,KD_AREA,NM_AREA,ID_GROUPAREA) values (41,6,'RM                  ','RAWMILL1',6);
Insert into QMUSER.M_AREA (ID_AREA,ID_PLANT,KD_AREA,NM_AREA,ID_GROUPAREA) values (3,1,'FM1                 ','FINISH MILL 1',1);
Insert into QMUSER.M_AREA (ID_AREA,ID_PLANT,KD_AREA,NM_AREA,ID_GROUPAREA) values (4,1,'CL                  ','CLINKER',3);
Insert into QMUSER.M_AREA (ID_AREA,ID_PLANT,KD_AREA,NM_AREA,ID_GROUPAREA) values (5,1,'FC                  ','FINECOAL',7);
Insert into QMUSER.M_AREA (ID_AREA,ID_PLANT,KD_AREA,NM_AREA,ID_GROUPAREA) values (1,1,'RM1                 ','RAWMILL 1',6);
Insert into QMUSER.M_AREA (ID_AREA,ID_PLANT,KD_AREA,NM_AREA,ID_GROUPAREA) values (21,6,'FM                  ','FINISHMILL',1);
Insert into QMUSER.M_AREA (ID_AREA,ID_PLANT,KD_AREA,NM_AREA,ID_GROUPAREA) values (71,22,'FM6                 ','FINISH MILL 6',1);
Insert into QMUSER.M_AREA (ID_AREA,ID_PLANT,KD_AREA,NM_AREA,ID_GROUPAREA) values (62,9,'FM2                 ','FINISH MILL 2',1);
Insert into QMUSER.M_AREA (ID_AREA,ID_PLANT,KD_AREA,NM_AREA,ID_GROUPAREA) values (66,8,'FMC                 ','FINISH MILL C',1);
Insert into QMUSER.M_AREA (ID_AREA,ID_PLANT,KD_AREA,NM_AREA,ID_GROUPAREA) values (72,23,'FM7                 ','FINISH MILL 7',1);
REM INSERTING into QMUSER.M_ASPEK
SET DEFINE OFF;
Insert into QMUSER.M_ASPEK (ID_ASPEK,ID_JENIS_ASPEK,ASPEK) values (21,1,'BAHAN BAKU');
Insert into QMUSER.M_ASPEK (ID_ASPEK,ID_JENIS_ASPEK,ASPEK) values (22,1,'SUMBER ENERGI PANAS');
Insert into QMUSER.M_ASPEK (ID_ASPEK,ID_JENIS_ASPEK,ASPEK) values (23,1,'PENGGUNAAN ENERGI PANAS');
Insert into QMUSER.M_ASPEK (ID_ASPEK,ID_JENIS_ASPEK,ASPEK) values (24,1,'PENGGUNAAN ENERGI LISTRIK');
Insert into QMUSER.M_ASPEK (ID_ASPEK,ID_JENIS_ASPEK,ASPEK) values (25,1,'AIR');
Insert into QMUSER.M_ASPEK (ID_ASPEK,ID_JENIS_ASPEK,ASPEK) values (26,1,'PROSES PRODUKSI');
Insert into QMUSER.M_ASPEK (ID_ASPEK,ID_JENIS_ASPEK,ASPEK) values (27,1,'PRODUK SEMEN');
Insert into QMUSER.M_ASPEK (ID_ASPEK,ID_JENIS_ASPEK,ASPEK) values (28,3,'EMISI GAS RUMAH KACA (CO2)');
Insert into QMUSER.M_ASPEK (ID_ASPEK,ID_JENIS_ASPEK,ASPEK) values (29,3,'EMISI UDARA');
Insert into QMUSER.M_ASPEK (ID_ASPEK,ID_JENIS_ASPEK,ASPEK) values (30,3,'UDARA AMBIEN');
Insert into QMUSER.M_ASPEK (ID_ASPEK,ID_JENIS_ASPEK,ASPEK) values (31,3,'AIR LIMBAH DOMESTIK');
REM INSERTING into QMUSER.M_AUTHORITY
SET DEFINE OFF;
Insert into QMUSER.M_AUTHORITY (ID_USERGROUP,ID_MENU) values (1,29);
Insert into QMUSER.M_AUTHORITY (ID_USERGROUP,ID_MENU) values (1,4);
Insert into QMUSER.M_AUTHORITY (ID_USERGROUP,ID_MENU) values (1,5);
Insert into QMUSER.M_AUTHORITY (ID_USERGROUP,ID_MENU) values (1,11);
Insert into QMUSER.M_AUTHORITY (ID_USERGROUP,ID_MENU) values (1,7);
Insert into QMUSER.M_AUTHORITY (ID_USERGROUP,ID_MENU) values (1,8);
Insert into QMUSER.M_AUTHORITY (ID_USERGROUP,ID_MENU) values (1,9);
Insert into QMUSER.M_AUTHORITY (ID_USERGROUP,ID_MENU) values (1,6);
Insert into QMUSER.M_AUTHORITY (ID_USERGROUP,ID_MENU) values (1,10);
Insert into QMUSER.M_AUTHORITY (ID_USERGROUP,ID_MENU) values (1,12);
Insert into QMUSER.M_AUTHORITY (ID_USERGROUP,ID_MENU) values (1,15);
Insert into QMUSER.M_AUTHORITY (ID_USERGROUP,ID_MENU) values (1,16);
Insert into QMUSER.M_AUTHORITY (ID_USERGROUP,ID_MENU) values (1,17);
Insert into QMUSER.M_AUTHORITY (ID_USERGROUP,ID_MENU) values (1,18);
Insert into QMUSER.M_AUTHORITY (ID_USERGROUP,ID_MENU) values (1,19);
Insert into QMUSER.M_AUTHORITY (ID_USERGROUP,ID_MENU) values (1,25);
Insert into QMUSER.M_AUTHORITY (ID_USERGROUP,ID_MENU) values (1,26);
Insert into QMUSER.M_AUTHORITY (ID_USERGROUP,ID_MENU) values (1,27);
Insert into QMUSER.M_AUTHORITY (ID_USERGROUP,ID_MENU) values (1,28);
Insert into QMUSER.M_AUTHORITY (ID_USERGROUP,ID_MENU) values (4,19);
Insert into QMUSER.M_AUTHORITY (ID_USERGROUP,ID_MENU) values (4,11);
Insert into QMUSER.M_AUTHORITY (ID_USERGROUP,ID_MENU) values (4,12);
Insert into QMUSER.M_AUTHORITY (ID_USERGROUP,ID_MENU) values (4,15);
Insert into QMUSER.M_AUTHORITY (ID_USERGROUP,ID_MENU) values (4,16);
Insert into QMUSER.M_AUTHORITY (ID_USERGROUP,ID_MENU) values (4,6);
Insert into QMUSER.M_AUTHORITY (ID_USERGROUP,ID_MENU) values (4,5);
Insert into QMUSER.M_AUTHORITY (ID_USERGROUP,ID_MENU) values (4,7);
Insert into QMUSER.M_AUTHORITY (ID_USERGROUP,ID_MENU) values (3,18);
Insert into QMUSER.M_AUTHORITY (ID_USERGROUP,ID_MENU) values (4,8);
Insert into QMUSER.M_AUTHORITY (ID_USERGROUP,ID_MENU) values (4,9);
Insert into QMUSER.M_AUTHORITY (ID_USERGROUP,ID_MENU) values (4,10);
Insert into QMUSER.M_AUTHORITY (ID_USERGROUP,ID_MENU) values (3,19);
Insert into QMUSER.M_AUTHORITY (ID_USERGROUP,ID_MENU) values (3,17);
Insert into QMUSER.M_AUTHORITY (ID_USERGROUP,ID_MENU) values (3,16);
Insert into QMUSER.M_AUTHORITY (ID_USERGROUP,ID_MENU) values (3,15);
Insert into QMUSER.M_AUTHORITY (ID_USERGROUP,ID_MENU) values (3,12);
Insert into QMUSER.M_AUTHORITY (ID_USERGROUP,ID_MENU) values (3,11);
Insert into QMUSER.M_AUTHORITY (ID_USERGROUP,ID_MENU) values (3,9);
Insert into QMUSER.M_AUTHORITY (ID_USERGROUP,ID_MENU) values (3,8);
Insert into QMUSER.M_AUTHORITY (ID_USERGROUP,ID_MENU) values (3,7);
Insert into QMUSER.M_AUTHORITY (ID_USERGROUP,ID_MENU) values (3,6);
Insert into QMUSER.M_AUTHORITY (ID_USERGROUP,ID_MENU) values (3,5);
Insert into QMUSER.M_AUTHORITY (ID_USERGROUP,ID_MENU) values (2,4);
Insert into QMUSER.M_AUTHORITY (ID_USERGROUP,ID_MENU) values (2,6);
Insert into QMUSER.M_AUTHORITY (ID_USERGROUP,ID_MENU) values (2,5);
Insert into QMUSER.M_AUTHORITY (ID_USERGROUP,ID_MENU) values (2,7);
Insert into QMUSER.M_AUTHORITY (ID_USERGROUP,ID_MENU) values (2,8);
Insert into QMUSER.M_AUTHORITY (ID_USERGROUP,ID_MENU) values (2,9);
Insert into QMUSER.M_AUTHORITY (ID_USERGROUP,ID_MENU) values (2,10);
Insert into QMUSER.M_AUTHORITY (ID_USERGROUP,ID_MENU) values (2,11);
Insert into QMUSER.M_AUTHORITY (ID_USERGROUP,ID_MENU) values (2,12);
Insert into QMUSER.M_AUTHORITY (ID_USERGROUP,ID_MENU) values (2,15);
Insert into QMUSER.M_AUTHORITY (ID_USERGROUP,ID_MENU) values (2,16);
Insert into QMUSER.M_AUTHORITY (ID_USERGROUP,ID_MENU) values (2,17);
Insert into QMUSER.M_AUTHORITY (ID_USERGROUP,ID_MENU) values (2,18);
Insert into QMUSER.M_AUTHORITY (ID_USERGROUP,ID_MENU) values (2,19);
Insert into QMUSER.M_AUTHORITY (ID_USERGROUP,ID_MENU) values (2,25);
Insert into QMUSER.M_AUTHORITY (ID_USERGROUP,ID_MENU) values (2,26);
Insert into QMUSER.M_AUTHORITY (ID_USERGROUP,ID_MENU) values (2,27);
Insert into QMUSER.M_AUTHORITY (ID_USERGROUP,ID_MENU) values (2,28);
Insert into QMUSER.M_AUTHORITY (ID_USERGROUP,ID_MENU) values (1,26);
REM INSERTING into QMUSER.M_BATASAN
SET DEFINE OFF;
Insert into QMUSER.M_BATASAN (ID_KRITERIA,ID_BATASAN,BATASAN) values (21,21,'MAKS. 1,67 TON KILNFEED/TON CLINKER');
Insert into QMUSER.M_BATASAN (ID_KRITERIA,ID_BATASAN,BATASAN) values (22,22,'MIN. 2,5%');
REM INSERTING into QMUSER.M_COMPANY
SET DEFINE OFF;
Insert into QMUSER.M_COMPANY (ID_COMPANY,KD_COMPANY,NM_COMPANY) values (1,'2000                ','SEMEN INDONESIA GROUP');
Insert into QMUSER.M_COMPANY (ID_COMPANY,KD_COMPANY,NM_COMPANY) values (2,'3000                ','SEMEN PADANG');
Insert into QMUSER.M_COMPANY (ID_COMPANY,KD_COMPANY,NM_COMPANY) values (3,'4000                ','SEMEN TONASA');
Insert into QMUSER.M_COMPANY (ID_COMPANY,KD_COMPANY,NM_COMPANY) values (4,'5000                ','SEMEN GRESIK');
REM INSERTING into QMUSER.M_COMPONENT
SET DEFINE OFF;
Insert into QMUSER.M_COMPONENT (ID_COMPONENT,KD_COMPONENT,NM_COMPONENT) values (81,'C2S                 ','Dicalcium Silicate');
Insert into QMUSER.M_COMPONENT (ID_COMPONENT,KD_COMPONENT,NM_COMPONENT) values (62,'CV                  ','Calori Value (As Received)');
Insert into QMUSER.M_COMPONENT (ID_COMPONENT,KD_COMPONENT,NM_COMPONENT) values (3,'LSF                 ','Lime Saturation Factor');
Insert into QMUSER.M_COMPONENT (ID_COMPONENT,KD_COMPONENT,NM_COMPONENT) values (4,'SIM                 ','Silica Module');
Insert into QMUSER.M_COMPONENT (ID_COMPONENT,KD_COMPONENT,NM_COMPONENT) values (6,'ALM                 ','Alumina Module');
Insert into QMUSER.M_COMPONENT (ID_COMPONENT,KD_COMPONENT,NM_COMPONENT) values (21,'TM                  ','Total Moisture');
Insert into QMUSER.M_COMPONENT (ID_COMPONENT,KD_COMPONENT,NM_COMPONENT) values (22,'SO90                ','Sieve on 90um');
Insert into QMUSER.M_COMPONENT (ID_COMPONENT,KD_COMPONENT,NM_COMPONENT) values (23,'SO200               ','Sieve on 200um');
Insert into QMUSER.M_COMPONENT (ID_COMPONENT,KD_COMPONENT,NM_COMPONENT) values (24,'SO45                ','Sieve on 45um');
Insert into QMUSER.M_COMPONENT (ID_COMPONENT,KD_COMPONENT,NM_COMPONENT) values (25,'AC                  ','Ash Content');
Insert into QMUSER.M_COMPONENT (ID_COMPONENT,KD_COMPONENT,NM_COMPONENT) values (26,'TS                  ','Total Sulfur');
Insert into QMUSER.M_COMPONENT (ID_COMPONENT,KD_COMPONENT,NM_COMPONENT) values (27,'C3S                 ','TriCalcium Silicate');
Insert into QMUSER.M_COMPONENT (ID_COMPONENT,KD_COMPONENT,NM_COMPONENT) values (28,'C3A                 ','TriCalcium Aluminate');
Insert into QMUSER.M_COMPONENT (ID_COMPONENT,KD_COMPONENT,NM_COMPONENT) values (29,'FCaO                ','Free Lime');
Insert into QMUSER.M_COMPONENT (ID_COMPONENT,KD_COMPONENT,NM_COMPONENT) values (30,'BLAINE              ','BLAINE');
Insert into QMUSER.M_COMPONENT (ID_COMPONENT,KD_COMPONENT,NM_COMPONENT) values (31,'TEMP                ','TEMPERATURE');
Insert into QMUSER.M_COMPONENT (ID_COMPONENT,KD_COMPONENT,NM_COMPONENT) values (32,'SO3                 ','Sulfur Trioxide');
Insert into QMUSER.M_COMPONENT (ID_COMPONENT,KD_COMPONENT,NM_COMPONENT) values (33,'IR                  ','Insoluble Residue');
Insert into QMUSER.M_COMPONENT (ID_COMPONENT,KD_COMPONENT,NM_COMPONENT) values (34,'LOI                 ','Loss on Ignition');
Insert into QMUSER.M_COMPONENT (ID_COMPONENT,KD_COMPONENT,NM_COMPONENT) values (35,'CS1D                ','CS1D');
Insert into QMUSER.M_COMPONENT (ID_COMPONENT,KD_COMPONENT,NM_COMPONENT) values (36,'CS3D                ','CS3D');
Insert into QMUSER.M_COMPONENT (ID_COMPONENT,KD_COMPONENT,NM_COMPONENT) values (37,'CS7D                ','CS7D');
Insert into QMUSER.M_COMPONENT (ID_COMPONENT,KD_COMPONENT,NM_COMPONENT) values (38,'CS28D               ','CS28D');
Insert into QMUSER.M_COMPONENT (ID_COMPONENT,KD_COMPONENT,NM_COMPONENT) values (39,'IS                  ','INITIAL SETTING');
Insert into QMUSER.M_COMPONENT (ID_COMPONENT,KD_COMPONENT,NM_COMPONENT) values (40,'FS                  ','FINAL SETTING');
Insert into QMUSER.M_COMPONENT (ID_COMPONENT,KD_COMPONENT,NM_COMPONENT) values (41,'SO180               ','Sieve on 180um');
REM INSERTING into QMUSER.M_GROUPAREA
SET DEFINE OFF;
Insert into QMUSER.M_GROUPAREA (ID_GROUPAREA,KD_GROUPAREA,NM_GROUPAREA) values (1,'FM                  ','FINISH MILL');
Insert into QMUSER.M_GROUPAREA (ID_GROUPAREA,KD_GROUPAREA,NM_GROUPAREA) values (2,'RC                  ','RAW COAL');
Insert into QMUSER.M_GROUPAREA (ID_GROUPAREA,KD_GROUPAREA,NM_GROUPAREA) values (3,'CL                  ','CLINKER');
Insert into QMUSER.M_GROUPAREA (ID_GROUPAREA,KD_GROUPAREA,NM_GROUPAREA) values (4,'KF                  ','KILN FEED');
Insert into QMUSER.M_GROUPAREA (ID_GROUPAREA,KD_GROUPAREA,NM_GROUPAREA) values (7,'FC                  ','FINE COAL');
Insert into QMUSER.M_GROUPAREA (ID_GROUPAREA,KD_GROUPAREA,NM_GROUPAREA) values (6,'RM                  ','RAW MILL');
Insert into QMUSER.M_GROUPAREA (ID_GROUPAREA,KD_GROUPAREA,NM_GROUPAREA) values (21,null,null);
REM INSERTING into QMUSER.M_GROUPMENU
SET DEFINE OFF;
Insert into QMUSER.M_GROUPMENU (ID_GROUPMENU,NM_GROUPMENU,NO_ORDER,APP) values (1,'APPLICATION CONFIG',1,'QM');
Insert into QMUSER.M_GROUPMENU (ID_GROUPMENU,NM_GROUPMENU,NO_ORDER,APP) values (2,'USER MANAGEMENT',2,'QM');
Insert into QMUSER.M_GROUPMENU (ID_GROUPMENU,NM_GROUPMENU,NO_ORDER,APP) values (3,'MASTER DATA',3,'QM');
Insert into QMUSER.M_GROUPMENU (ID_GROUPMENU,NM_GROUPMENU,NO_ORDER,APP) values (4,'DATA CONFIGURATION',4,'QM');
Insert into QMUSER.M_GROUPMENU (ID_GROUPMENU,NM_GROUPMENU,NO_ORDER,APP) values (5,'DATA INPUT',5,'QM');
Insert into QMUSER.M_GROUPMENU (ID_GROUPMENU,NM_GROUPMENU,NO_ORDER,APP) values (6,'REPORTING',6,'QM');
REM INSERTING into QMUSER.M_INCIDENT
SET DEFINE OFF;
Insert into QMUSER.M_INCIDENT (ID_INCIDENT,ID_AREA,SUBJECT,DESCRIPTION,TANGGAL,ID_TEKNISI,DATE_ASSIGN,ID_SOLUTION,DATE_SOLUTION,ID_COMPONENT,NILAI_ANALISA,NILAI_STANDARD_MIN,NILAI_STANDARD_MAX,ASSIGN_NOTE,ID_INCIDENT_TYPE) values (1,74,'LSF greater than standard',null,to_date('22-MAR-17','DD-MON-RR'),1,null,null,null,3,11,5,10,'test',1);
REM INSERTING into QMUSER.M_INCIDENT_TYPE
SET DEFINE OFF;
Insert into QMUSER.M_INCIDENT_TYPE (ID_INCIDENT_TYPE,NM_INCIDENT_TYPE) values (1,'MINOR 1');
Insert into QMUSER.M_INCIDENT_TYPE (ID_INCIDENT_TYPE,NM_INCIDENT_TYPE) values (2,'MINOR 2');
Insert into QMUSER.M_INCIDENT_TYPE (ID_INCIDENT_TYPE,NM_INCIDENT_TYPE) values (3,'MAYOR');
Insert into QMUSER.M_INCIDENT_TYPE (ID_INCIDENT_TYPE,NM_INCIDENT_TYPE) values (4,'NCQR');
REM INSERTING into QMUSER.M_INDIKATOR
SET DEFINE OFF;
Insert into QMUSER.M_INDIKATOR (ID_INDIKATOR,ID_BATASAN,RASIO_AWAL,RASIO_AKHIR,SKOR,CATATAN) values (21,21,1.2,1.4,5,'NOTE SKOR 5');
Insert into QMUSER.M_INDIKATOR (ID_INDIKATOR,ID_BATASAN,RASIO_AWAL,RASIO_AKHIR,SKOR,CATATAN) values (22,21,1.4,1.6,4,'NOTE SKOR 4');
Insert into QMUSER.M_INDIKATOR (ID_INDIKATOR,ID_BATASAN,RASIO_AWAL,RASIO_AKHIR,SKOR,CATATAN) values (23,21,1.6,1.8,3,'NOTE SKOR 3');
Insert into QMUSER.M_INDIKATOR (ID_INDIKATOR,ID_BATASAN,RASIO_AWAL,RASIO_AKHIR,SKOR,CATATAN) values (24,21,1.8,2,2,'NOTE SKOR 2');
Insert into QMUSER.M_INDIKATOR (ID_INDIKATOR,ID_BATASAN,RASIO_AWAL,RASIO_AKHIR,SKOR,CATATAN) values (25,21,2,9999,1,'NOTE SKOR 1');
REM INSERTING into QMUSER.M_JABATAN
SET DEFINE OFF;
Insert into QMUSER.M_JABATAN (ID_JABATAN,NM_JABATAN,KD_JABATAN) values (1,'PIC AREA','PICA');
Insert into QMUSER.M_JABATAN (ID_JABATAN,NM_JABATAN,KD_JABATAN) values (2,'KEPALA BIDANG','KABID');
Insert into QMUSER.M_JABATAN (ID_JABATAN,NM_JABATAN,KD_JABATAN) values (3,'KEPALA BIRO','KABIRO');
Insert into QMUSER.M_JABATAN (ID_JABATAN,NM_JABATAN,KD_JABATAN) values (4,'KEPALA DEPARTEMEN','KADEP');
REM INSERTING into QMUSER.M_JENIS_ASPEK
SET DEFINE OFF;
Insert into QMUSER.M_JENIS_ASPEK (ID_JENIS_ASPEK,JENIS_ASPEK,BOBOT) values (3,'ASPEK PENGELOLAAN LINGKUNGAN',70);
Insert into QMUSER.M_JENIS_ASPEK (ID_JENIS_ASPEK,JENIS_ASPEK,BOBOT) values (1,'ASPEK PRODUKSI',30);
REM INSERTING into QMUSER.M_KRITERIA
SET DEFINE OFF;
Insert into QMUSER.M_KRITERIA (ID_KRITERIA,ID_ASPEK,KRITERIA) values (21,21,'PENGGUNAAN BAHAN BAKU UNTUK PRODUKSI CLINKER');
Insert into QMUSER.M_KRITERIA (ID_KRITERIA,ID_ASPEK,KRITERIA) values (22,21,'SUBSTITUSI BAHAN BAKU OLEH LIMBAH INDUSTRI BAIK B3 MAUPUN NON B3 (PENGGUNAAN BAHAN BAKU ALTERNATIF)');
REM INSERTING into QMUSER.M_LEVEL_USER
SET DEFINE OFF;
Insert into QMUSER.M_LEVEL_USER (ID_LEVEL_USER,NM_LEVEL_USER) values (1,'ADMINISTRATOR');
Insert into QMUSER.M_LEVEL_USER (ID_LEVEL_USER,NM_LEVEL_USER) values (2,'COMPANY');
Insert into QMUSER.M_LEVEL_USER (ID_LEVEL_USER,NM_LEVEL_USER) values (3,'PLANT');
Insert into QMUSER.M_LEVEL_USER (ID_LEVEL_USER,NM_LEVEL_USER) values (4,'AREA');
REM INSERTING into QMUSER.M_MENU
SET DEFINE OFF;
Insert into QMUSER.M_MENU (ID_MENU,NM_MENU,URL_MENU,ACTIVE,NO_ORDER,ID_GROUPMENU,APP) values (19,'Data Table','data_table',1,1,6,'QM');
Insert into QMUSER.M_MENU (ID_MENU,NM_MENU,URL_MENU,ACTIVE,NO_ORDER,ID_GROUPMENU,APP) values (15,'Product Assignment','product_assignment',1,2,4,'QM');
Insert into QMUSER.M_MENU (ID_MENU,NM_MENU,URL_MENU,ACTIVE,NO_ORDER,ID_GROUPMENU,APP) values (4,'Master Menu','menu',1,1,1,'QM');
Insert into QMUSER.M_MENU (ID_MENU,NM_MENU,URL_MENU,ACTIVE,NO_ORDER,ID_GROUPMENU,APP) values (5,'Master Company','company',1,1,3,'QM');
Insert into QMUSER.M_MENU (ID_MENU,NM_MENU,URL_MENU,ACTIVE,NO_ORDER,ID_GROUPMENU,APP) values (6,'Master Data Plant','plant',1,2,3,'QM');
Insert into QMUSER.M_MENU (ID_MENU,NM_MENU,URL_MENU,ACTIVE,NO_ORDER,ID_GROUPMENU,APP) values (7,'Master Group Area','grouparea',1,3,3,'QM');
Insert into QMUSER.M_MENU (ID_MENU,NM_MENU,URL_MENU,ACTIVE,NO_ORDER,ID_GROUPMENU,APP) values (8,'Master Product','product',1,4,3,'QM');
Insert into QMUSER.M_MENU (ID_MENU,NM_MENU,URL_MENU,ACTIVE,NO_ORDER,ID_GROUPMENU,APP) values (9,'Master Component','component',1,5,3,'QM');
Insert into QMUSER.M_MENU (ID_MENU,NM_MENU,URL_MENU,ACTIVE,NO_ORDER,ID_GROUPMENU,APP) values (10,'Master Machine Status','machinestatus',1,6,3,'QM');
Insert into QMUSER.M_MENU (ID_MENU,NM_MENU,URL_MENU,ACTIVE,NO_ORDER,ID_GROUPMENU,APP) values (11,'Master Area','area',1,7,3,'QM');
Insert into QMUSER.M_MENU (ID_MENU,NM_MENU,URL_MENU,ACTIVE,NO_ORDER,ID_GROUPMENU,APP) values (12,'Component Assignment','component_assignment',1,1,4,'QM');
Insert into QMUSER.M_MENU (ID_MENU,NM_MENU,URL_MENU,ACTIVE,NO_ORDER,ID_GROUPMENU,APP) values (16,'Config Component Range','config_component_range',1,3,4,'QM');
Insert into QMUSER.M_MENU (ID_MENU,NM_MENU,URL_MENU,ACTIVE,NO_ORDER,ID_GROUPMENU,APP) values (18,'Input Area Daily','input_area_daily',1,2,5,'QM');
Insert into QMUSER.M_MENU (ID_MENU,NM_MENU,URL_MENU,ACTIVE,NO_ORDER,ID_GROUPMENU,APP) values (17,'Input Area Hourly','input_area_hourly',1,1,5,'QM');
Insert into QMUSER.M_MENU (ID_MENU,NM_MENU,URL_MENU,ACTIVE,NO_ORDER,ID_GROUPMENU,APP) values (26,'User Group','usergroup',1,1,2,'QM');
Insert into QMUSER.M_MENU (ID_MENU,NM_MENU,URL_MENU,ACTIVE,NO_ORDER,ID_GROUPMENU,APP) values (27,'Master User','user',1,2,2,'QM');
Insert into QMUSER.M_MENU (ID_MENU,NM_MENU,URL_MENU,ACTIVE,NO_ORDER,ID_GROUPMENU,APP) values (28,'Authorization','authority',1,3,2,'QM');
Insert into QMUSER.M_MENU (ID_MENU,NM_MENU,URL_MENU,ACTIVE,NO_ORDER,ID_GROUPMENU,APP) values (29,'Group Menu','groupmenu',1,1,1,'QM');
REM INSERTING into QMUSER.M_MESIN_STATUS
SET DEFINE OFF;
Insert into QMUSER.M_MESIN_STATUS (ID_MESIN_STATUS,KD_MESIN_STATUS,NM_MESIN_STATUS) values (2,'ON                  ',null);
Insert into QMUSER.M_MESIN_STATUS (ID_MESIN_STATUS,KD_MESIN_STATUS,NM_MESIN_STATUS) values (1,'OFF                 ','OFF');
Insert into QMUSER.M_MESIN_STATUS (ID_MESIN_STATUS,KD_MESIN_STATUS,NM_MESIN_STATUS) values (21,null,null);
REM INSERTING into QMUSER.M_OPCO
SET DEFINE OFF;
Insert into QMUSER.M_OPCO (ID_OPCO,FULLNAME,EMAIL,ID_AREA,ID_JABATAN,DELETED) values (1,'MUSLIMIN','MUSLIMIN@GMAIL.COM',74,3,0);
REM INSERTING into QMUSER.M_PLANT
SET DEFINE OFF;
Insert into QMUSER.M_PLANT (ID_PLANT,ID_COMPANY,KD_PLANT,NM_PLANT) values (5,3,'4301                ','TONASA II/III');
Insert into QMUSER.M_PLANT (ID_PLANT,ID_COMPANY,KD_PLANT,NM_PLANT) values (8,4,'7301                ','PLANT GRESIK');
Insert into QMUSER.M_PLANT (ID_PLANT,ID_COMPANY,KD_PLANT,NM_PLANT) values (26,6,'6301                ','MAIN PLANT (QN)');
Insert into QMUSER.M_PLANT (ID_PLANT,ID_COMPANY,KD_PLANT,NM_PLANT) values (27,6,'6302                ','GRINDING PLANT (HCM)');
Insert into QMUSER.M_PLANT (ID_PLANT,ID_COMPANY,KD_PLANT,NM_PLANT) values (2,2,'3303                ','INDARUNG IV');
Insert into QMUSER.M_PLANT (ID_PLANT,ID_COMPANY,KD_PLANT,NM_PLANT) values (3,2,'3304                ','INDARUNG V');
Insert into QMUSER.M_PLANT (ID_PLANT,ID_COMPANY,KD_PLANT,NM_PLANT) values (6,3,'4302                ','TONASA IV');
Insert into QMUSER.M_PLANT (ID_PLANT,ID_COMPANY,KD_PLANT,NM_PLANT) values (7,3,'4303                ','TONASA V');
Insert into QMUSER.M_PLANT (ID_PLANT,ID_COMPANY,KD_PLANT,NM_PLANT) values (9,4,'7302                ','TUBAN I');
Insert into QMUSER.M_PLANT (ID_PLANT,ID_COMPANY,KD_PLANT,NM_PLANT) values (21,4,'7303                ','TUBAN II');
Insert into QMUSER.M_PLANT (ID_PLANT,ID_COMPANY,KD_PLANT,NM_PLANT) values (23,4,'7305                ','TUBAN IV');
Insert into QMUSER.M_PLANT (ID_PLANT,ID_COMPANY,KD_PLANT,NM_PLANT) values (25,4,'7308                ','CIGADING');
Insert into QMUSER.M_PLANT (ID_PLANT,ID_COMPANY,KD_PLANT,NM_PLANT) values (22,4,'7304                ','TUBAN III');
Insert into QMUSER.M_PLANT (ID_PLANT,ID_COMPANY,KD_PLANT,NM_PLANT) values (1,2,'3302                ','INDARUNG II/III');
Insert into QMUSER.M_PLANT (ID_PLANT,ID_COMPANY,KD_PLANT,NM_PLANT) values (4,2,'3305                ','INDARUNG VI');
Insert into QMUSER.M_PLANT (ID_PLANT,ID_COMPANY,KD_PLANT,NM_PLANT) values (24,4,'5301                ','REMBANG');
Insert into QMUSER.M_PLANT (ID_PLANT,ID_COMPANY,KD_PLANT,NM_PLANT) values (28,2,'3309                ','DUMAI');
Insert into QMUSER.M_PLANT (ID_PLANT,ID_COMPANY,KD_PLANT,NM_PLANT) values (41,1,null,null);
Insert into QMUSER.M_PLANT (ID_PLANT,ID_COMPANY,KD_PLANT,NM_PLANT) values (42,3,null,null);
REM INSERTING into QMUSER.M_PRODUCT
SET DEFINE OFF;
Insert into QMUSER.M_PRODUCT (ID_PRODUCT,KD_PRODUCT,NM_PRODUCT) values (43,'OWC                 ','OIL WELL CEMENT');
Insert into QMUSER.M_PRODUCT (ID_PRODUCT,KD_PRODUCT,NM_PRODUCT) values (1,'OPC                 ','ORDINARY PORTLAND CEMENT');
Insert into QMUSER.M_PRODUCT (ID_PRODUCT,KD_PRODUCT,NM_PRODUCT) values (2,'PPC                 ','POZZOLAND PORTLAND CEMENT');
Insert into QMUSER.M_PRODUCT (ID_PRODUCT,KD_PRODUCT,NM_PRODUCT) values (3,'PCC                 ','PORTLAND COMPOSITE CEMENT');
Insert into QMUSER.M_PRODUCT (ID_PRODUCT,KD_PRODUCT,NM_PRODUCT) values (41,'PC40                ','PC40');
Insert into QMUSER.M_PRODUCT (ID_PRODUCT,KD_PRODUCT,NM_PRODUCT) values (42,'SBC                 ',null);
Insert into QMUSER.M_PRODUCT (ID_PRODUCT,KD_PRODUCT,NM_PRODUCT) values (23,'PCB50               ','PCB50');
Insert into QMUSER.M_PRODUCT (ID_PRODUCT,KD_PRODUCT,NM_PRODUCT) values (61,null,null);
REM INSERTING into QMUSER.M_SCORE_PENANGANAN
SET DEFINE OFF;
Insert into QMUSER.M_SCORE_PENANGANAN (ID_SCORE_PENANGANAN,JAM_MIN,JAM_MAX,SCORE) values (1,0,1,5);
Insert into QMUSER.M_SCORE_PENANGANAN (ID_SCORE_PENANGANAN,JAM_MIN,JAM_MAX,SCORE) values (21,1,2,4);
Insert into QMUSER.M_SCORE_PENANGANAN (ID_SCORE_PENANGANAN,JAM_MIN,JAM_MAX,SCORE) values (22,2,3,3);
Insert into QMUSER.M_SCORE_PENANGANAN (ID_SCORE_PENANGANAN,JAM_MIN,JAM_MAX,SCORE) values (23,3,4,2);
Insert into QMUSER.M_SCORE_PENANGANAN (ID_SCORE_PENANGANAN,JAM_MIN,JAM_MAX,SCORE) values (24,4,5,1);
REM INSERTING into QMUSER.M_SOLUTION
SET DEFINE OFF;
Insert into QMUSER.M_SOLUTION (ID_SOLUTION,JUDUL_SOLUTION,DETAIL_SOLUTION,MASALAH) values (1,'ganti pipa gas','pipa gas pada konduktor bocor sebesar 1cm
perbaikan dilakukan dengan mengganti pipa dengan pipa yang baru','kebocoran gas');
Insert into QMUSER.M_SOLUTION (ID_SOLUTION,JUDUL_SOLUTION,DETAIL_SOLUTION,MASALAH) values (8,'turunkan suhu','mengecilkan suplay gas','pembakaran terlalu panas');
Insert into QMUSER.M_SOLUTION (ID_SOLUTION,JUDUL_SOLUTION,DETAIL_SOLUTION,MASALAH) values (9,'turunkan suhu','mengecilkan suplay gas','pembakaran terlalu panas');
REM INSERTING into QMUSER.M_TEKNISI
SET DEFINE OFF;
Insert into QMUSER.M_TEKNISI (ID_TEKNISI,NM_TEKNISI,PIC_TEKNISI,TELP_TEKNISI,EMAIL_TEKNISI) values (1,'PT. KARYA SEJAHTERA','aswin','0813448877','aswin@gmail.com');
Insert into QMUSER.M_TEKNISI (ID_TEKNISI,NM_TEKNISI,PIC_TEKNISI,TELP_TEKNISI,EMAIL_TEKNISI) values (2,'PT. MCI','Rama','0819394847','rama@gmail.com');
REM INSERTING into QMUSER.M_USERGROUP
SET DEFINE OFF;
Insert into QMUSER.M_USERGROUP (ID_USERGROUP,KD_USERGROUP,NM_USERGROUP,PERM_READ,PERM_WRITE) values (1,'UGAD                ','ADMINISTRATOR','1','1');
Insert into QMUSER.M_USERGROUP (ID_USERGROUP,KD_USERGROUP,NM_USERGROUP,PERM_READ,PERM_WRITE) values (2,'SMIG                ','SEMEN INDONESIA GROUP','1',null);
Insert into QMUSER.M_USERGROUP (ID_USERGROUP,KD_USERGROUP,NM_USERGROUP,PERM_READ,PERM_WRITE) values (3,'UGED                ','EDITOR','1','1');
Insert into QMUSER.M_USERGROUP (ID_USERGROUP,KD_USERGROUP,NM_USERGROUP,PERM_READ,PERM_WRITE) values (4,'UGVI                ','VIEWER','1',null);
Insert into QMUSER.M_USERGROUP (ID_USERGROUP,KD_USERGROUP,NM_USERGROUP,PERM_READ,PERM_WRITE) values (1,null,null,null,null);
REM INSERTING into QMUSER.M_USERS
SET DEFINE OFF;
Insert into QMUSER.M_USERS (ID_USER,FULLNAME,USERNAME,ID_COMPANY,ID_PLANT,ID_AREA,ID_USERGROUP,DELETED) values (1,'Aris Cahyono','aris',null,null,null,1,0);
Insert into QMUSER.M_USERS (ID_USER,FULLNAME,USERNAME,ID_COMPANY,ID_PLANT,ID_AREA,ID_USERGROUP,DELETED) values (2,'Kurnia Rohmah','nia',null,null,null,3,0);
Insert into QMUSER.M_USERS (ID_USER,FULLNAME,USERNAME,ID_COMPANY,ID_PLANT,ID_AREA,ID_USERGROUP,DELETED) values (21,'Administrator','admin',null,null,null,1,0);
REM INSERTING into QMUSER.T_CEMENT_DAILY
SET DEFINE OFF;
REM INSERTING into QMUSER.T_CEMENT_HOURLY
SET DEFINE OFF;
REM INSERTING into QMUSER.T_PRODUCTION
SET DEFINE OFF;
REM INSERTING into QMUSER.T_PRODUCTION_DAILY
SET DEFINE OFF;
Insert into QMUSER.T_PRODUCTION_DAILY (ID_PRODUCTION_DAILY,ID_AREA,ID_MESIN_STATUS,DATE_DATA,DATE_ENTRY,USER_ENTRY,USER_UPDATE,MESIN_REMARK) values (81,74,null,to_date('01-MAR-17','DD-MON-RR'),to_date('10-MAR-17','DD-MON-RR'),null,null,null);
Insert into QMUSER.T_PRODUCTION_DAILY (ID_PRODUCTION_DAILY,ID_AREA,ID_MESIN_STATUS,DATE_DATA,DATE_ENTRY,USER_ENTRY,USER_UPDATE,MESIN_REMARK) values (82,74,null,to_date('02-MAR-17','DD-MON-RR'),to_date('10-MAR-17','DD-MON-RR'),null,null,null);
Insert into QMUSER.T_PRODUCTION_DAILY (ID_PRODUCTION_DAILY,ID_AREA,ID_MESIN_STATUS,DATE_DATA,DATE_ENTRY,USER_ENTRY,USER_UPDATE,MESIN_REMARK) values (83,74,null,to_date('03-MAR-17','DD-MON-RR'),to_date('10-MAR-17','DD-MON-RR'),null,null,null);
Insert into QMUSER.T_PRODUCTION_DAILY (ID_PRODUCTION_DAILY,ID_AREA,ID_MESIN_STATUS,DATE_DATA,DATE_ENTRY,USER_ENTRY,USER_UPDATE,MESIN_REMARK) values (84,74,null,to_date('04-MAR-17','DD-MON-RR'),to_date('10-MAR-17','DD-MON-RR'),null,null,null);
Insert into QMUSER.T_PRODUCTION_DAILY (ID_PRODUCTION_DAILY,ID_AREA,ID_MESIN_STATUS,DATE_DATA,DATE_ENTRY,USER_ENTRY,USER_UPDATE,MESIN_REMARK) values (85,74,null,to_date('05-MAR-17','DD-MON-RR'),to_date('10-MAR-17','DD-MON-RR'),null,null,null);
Insert into QMUSER.T_PRODUCTION_DAILY (ID_PRODUCTION_DAILY,ID_AREA,ID_MESIN_STATUS,DATE_DATA,DATE_ENTRY,USER_ENTRY,USER_UPDATE,MESIN_REMARK) values (86,74,null,to_date('06-MAR-17','DD-MON-RR'),to_date('10-MAR-17','DD-MON-RR'),null,null,null);
Insert into QMUSER.T_PRODUCTION_DAILY (ID_PRODUCTION_DAILY,ID_AREA,ID_MESIN_STATUS,DATE_DATA,DATE_ENTRY,USER_ENTRY,USER_UPDATE,MESIN_REMARK) values (87,74,null,to_date('07-MAR-17','DD-MON-RR'),to_date('10-MAR-17','DD-MON-RR'),null,null,null);
REM INSERTING into QMUSER.T_PRODUCTION_HOURLY
SET DEFINE OFF;
Insert into QMUSER.T_PRODUCTION_HOURLY (ID_PRODUCTION_HOURLY,ID_AREA,ID_MESIN_STATUS,DATE_DATA,JAM_DATA,DATE_ENTRY,JAM_ENTRY,USER_ENTRY,USER_UPDATE,MESIN_REMARK) values (6,74,null,to_date('10-MAR-17','DD-MON-RR'),1,to_date('10-MAR-17','DD-MON-RR'),18,null,null,null);
Insert into QMUSER.T_PRODUCTION_HOURLY (ID_PRODUCTION_HOURLY,ID_AREA,ID_MESIN_STATUS,DATE_DATA,JAM_DATA,DATE_ENTRY,JAM_ENTRY,USER_ENTRY,USER_UPDATE,MESIN_REMARK) values (7,74,null,to_date('10-MAR-17','DD-MON-RR'),2,to_date('10-MAR-17','DD-MON-RR'),18,null,null,null);
Insert into QMUSER.T_PRODUCTION_HOURLY (ID_PRODUCTION_HOURLY,ID_AREA,ID_MESIN_STATUS,DATE_DATA,JAM_DATA,DATE_ENTRY,JAM_ENTRY,USER_ENTRY,USER_UPDATE,MESIN_REMARK) values (8,74,null,to_date('10-MAR-17','DD-MON-RR'),3,to_date('10-MAR-17','DD-MON-RR'),18,null,null,null);
Insert into QMUSER.T_PRODUCTION_HOURLY (ID_PRODUCTION_HOURLY,ID_AREA,ID_MESIN_STATUS,DATE_DATA,JAM_DATA,DATE_ENTRY,JAM_ENTRY,USER_ENTRY,USER_UPDATE,MESIN_REMARK) values (9,74,null,to_date('10-MAR-17','DD-MON-RR'),4,to_date('10-MAR-17','DD-MON-RR'),18,null,null,null);
Insert into QMUSER.T_PRODUCTION_HOURLY (ID_PRODUCTION_HOURLY,ID_AREA,ID_MESIN_STATUS,DATE_DATA,JAM_DATA,DATE_ENTRY,JAM_ENTRY,USER_ENTRY,USER_UPDATE,MESIN_REMARK) values (10,74,null,to_date('10-MAR-17','DD-MON-RR'),5,to_date('10-MAR-17','DD-MON-RR'),18,null,null,null);
Insert into QMUSER.T_PRODUCTION_HOURLY (ID_PRODUCTION_HOURLY,ID_AREA,ID_MESIN_STATUS,DATE_DATA,JAM_DATA,DATE_ENTRY,JAM_ENTRY,USER_ENTRY,USER_UPDATE,MESIN_REMARK) values (11,74,null,to_date('10-MAR-17','DD-MON-RR'),6,to_date('10-MAR-17','DD-MON-RR'),18,null,null,null);
Insert into QMUSER.T_PRODUCTION_HOURLY (ID_PRODUCTION_HOURLY,ID_AREA,ID_MESIN_STATUS,DATE_DATA,JAM_DATA,DATE_ENTRY,JAM_ENTRY,USER_ENTRY,USER_UPDATE,MESIN_REMARK) values (12,74,null,to_date('10-MAR-17','DD-MON-RR'),7,to_date('10-MAR-17','DD-MON-RR'),18,null,null,null);
Insert into QMUSER.T_PRODUCTION_HOURLY (ID_PRODUCTION_HOURLY,ID_AREA,ID_MESIN_STATUS,DATE_DATA,JAM_DATA,DATE_ENTRY,JAM_ENTRY,USER_ENTRY,USER_UPDATE,MESIN_REMARK) values (13,74,null,to_date('10-MAR-17','DD-MON-RR'),8,to_date('10-MAR-17','DD-MON-RR'),18,null,null,null);
Insert into QMUSER.T_PRODUCTION_HOURLY (ID_PRODUCTION_HOURLY,ID_AREA,ID_MESIN_STATUS,DATE_DATA,JAM_DATA,DATE_ENTRY,JAM_ENTRY,USER_ENTRY,USER_UPDATE,MESIN_REMARK) values (14,74,null,to_date('10-MAR-17','DD-MON-RR'),9,to_date('10-MAR-17','DD-MON-RR'),18,null,null,null);
Insert into QMUSER.T_PRODUCTION_HOURLY (ID_PRODUCTION_HOURLY,ID_AREA,ID_MESIN_STATUS,DATE_DATA,JAM_DATA,DATE_ENTRY,JAM_ENTRY,USER_ENTRY,USER_UPDATE,MESIN_REMARK) values (15,74,1,to_date('10-MAR-17','DD-MON-RR'),10,to_date('10-MAR-17','DD-MON-RR'),18,null,null,'KONSLETING');
REM INSERTING into QMUSER.T_SKORING_RAMAH
SET DEFINE OFF;
Insert into QMUSER.T_SKORING_RAMAH (ID_SKORING,ID_KRITERIA,ID_COMPANY,NILAI_ASPEK,NILAI_SKORING,DATE_INSERT) values (20,21,2,1.4,5,to_date('03-APR-17','DD-MON-RR'));
Insert into QMUSER.T_SKORING_RAMAH (ID_SKORING,ID_KRITERIA,ID_COMPANY,NILAI_ASPEK,NILAI_SKORING,DATE_INSERT) values (21,21,3,1.5,4,to_date('03-APR-17','DD-MON-RR'));
Insert into QMUSER.T_SKORING_RAMAH (ID_SKORING,ID_KRITERIA,ID_COMPANY,NILAI_ASPEK,NILAI_SKORING,DATE_INSERT) values (22,21,4,1.6,4,to_date('03-APR-17','DD-MON-RR'));
Insert into QMUSER.T_SKORING_RAMAH (ID_SKORING,ID_KRITERIA,ID_COMPANY,NILAI_ASPEK,NILAI_SKORING,DATE_INSERT) values (23,21,6,1.7,3,to_date('03-APR-17','DD-MON-RR'));
REM INSERTING into QMUSER.V_DASHBOARD
SET DEFINE OFF;
Insert into QMUSER.V_DASHBOARD (ID_COMPANY,ID_PLANT,NM_PLANT,ID_GROUPAREA,ID_AREA,DATE_DATA,DATE_ENTRY,ID_PRODUCTION_DAILY) values (2,1,'INDARUNG II/III',1,3,null,null,null);
Insert into QMUSER.V_DASHBOARD (ID_COMPANY,ID_PLANT,NM_PLANT,ID_GROUPAREA,ID_AREA,DATE_DATA,DATE_ENTRY,ID_PRODUCTION_DAILY) values (2,1,'INDARUNG II/III',2,null,null,null,null);
Insert into QMUSER.V_DASHBOARD (ID_COMPANY,ID_PLANT,NM_PLANT,ID_GROUPAREA,ID_AREA,DATE_DATA,DATE_ENTRY,ID_PRODUCTION_DAILY) values (2,1,'INDARUNG II/III',3,4,null,null,null);
Insert into QMUSER.V_DASHBOARD (ID_COMPANY,ID_PLANT,NM_PLANT,ID_GROUPAREA,ID_AREA,DATE_DATA,DATE_ENTRY,ID_PRODUCTION_DAILY) values (2,1,'INDARUNG II/III',4,null,null,null,null);
Insert into QMUSER.V_DASHBOARD (ID_COMPANY,ID_PLANT,NM_PLANT,ID_GROUPAREA,ID_AREA,DATE_DATA,DATE_ENTRY,ID_PRODUCTION_DAILY) values (2,1,'INDARUNG II/III',6,1,null,null,null);
Insert into QMUSER.V_DASHBOARD (ID_COMPANY,ID_PLANT,NM_PLANT,ID_GROUPAREA,ID_AREA,DATE_DATA,DATE_ENTRY,ID_PRODUCTION_DAILY) values (2,1,'INDARUNG II/III',7,5,null,null,null);
Insert into QMUSER.V_DASHBOARD (ID_COMPANY,ID_PLANT,NM_PLANT,ID_GROUPAREA,ID_AREA,DATE_DATA,DATE_ENTRY,ID_PRODUCTION_DAILY) values (2,1,'INDARUNG II/III',21,null,null,null,null);
Insert into QMUSER.V_DASHBOARD (ID_COMPANY,ID_PLANT,NM_PLANT,ID_GROUPAREA,ID_AREA,DATE_DATA,DATE_ENTRY,ID_PRODUCTION_DAILY) values (2,1,'INDARUNG II/III',1,3,null,null,null);
Insert into QMUSER.V_DASHBOARD (ID_COMPANY,ID_PLANT,NM_PLANT,ID_GROUPAREA,ID_AREA,DATE_DATA,DATE_ENTRY,ID_PRODUCTION_DAILY) values (2,1,'INDARUNG II/III',2,null,null,null,null);
Insert into QMUSER.V_DASHBOARD (ID_COMPANY,ID_PLANT,NM_PLANT,ID_GROUPAREA,ID_AREA,DATE_DATA,DATE_ENTRY,ID_PRODUCTION_DAILY) values (2,1,'INDARUNG II/III',3,4,null,null,null);
Insert into QMUSER.V_DASHBOARD (ID_COMPANY,ID_PLANT,NM_PLANT,ID_GROUPAREA,ID_AREA,DATE_DATA,DATE_ENTRY,ID_PRODUCTION_DAILY) values (2,1,'INDARUNG II/III',4,null,null,null,null);
Insert into QMUSER.V_DASHBOARD (ID_COMPANY,ID_PLANT,NM_PLANT,ID_GROUPAREA,ID_AREA,DATE_DATA,DATE_ENTRY,ID_PRODUCTION_DAILY) values (2,1,'INDARUNG II/III',6,1,null,null,null);
Insert into QMUSER.V_DASHBOARD (ID_COMPANY,ID_PLANT,NM_PLANT,ID_GROUPAREA,ID_AREA,DATE_DATA,DATE_ENTRY,ID_PRODUCTION_DAILY) values (2,1,'INDARUNG II/III',7,5,null,null,null);
Insert into QMUSER.V_DASHBOARD (ID_COMPANY,ID_PLANT,NM_PLANT,ID_GROUPAREA,ID_AREA,DATE_DATA,DATE_ENTRY,ID_PRODUCTION_DAILY) values (2,1,'INDARUNG II/III',21,null,null,null,null);
Insert into QMUSER.V_DASHBOARD (ID_COMPANY,ID_PLANT,NM_PLANT,ID_GROUPAREA,ID_AREA,DATE_DATA,DATE_ENTRY,ID_PRODUCTION_DAILY) values (2,1,'INDARUNG II/III',1,3,null,null,null);
Insert into QMUSER.V_DASHBOARD (ID_COMPANY,ID_PLANT,NM_PLANT,ID_GROUPAREA,ID_AREA,DATE_DATA,DATE_ENTRY,ID_PRODUCTION_DAILY) values (2,1,'INDARUNG II/III',2,null,null,null,null);
Insert into QMUSER.V_DASHBOARD (ID_COMPANY,ID_PLANT,NM_PLANT,ID_GROUPAREA,ID_AREA,DATE_DATA,DATE_ENTRY,ID_PRODUCTION_DAILY) values (2,1,'INDARUNG II/III',3,4,null,null,null);
Insert into QMUSER.V_DASHBOARD (ID_COMPANY,ID_PLANT,NM_PLANT,ID_GROUPAREA,ID_AREA,DATE_DATA,DATE_ENTRY,ID_PRODUCTION_DAILY) values (2,1,'INDARUNG II/III',4,null,null,null,null);
Insert into QMUSER.V_DASHBOARD (ID_COMPANY,ID_PLANT,NM_PLANT,ID_GROUPAREA,ID_AREA,DATE_DATA,DATE_ENTRY,ID_PRODUCTION_DAILY) values (2,1,'INDARUNG II/III',6,1,null,null,null);
Insert into QMUSER.V_DASHBOARD (ID_COMPANY,ID_PLANT,NM_PLANT,ID_GROUPAREA,ID_AREA,DATE_DATA,DATE_ENTRY,ID_PRODUCTION_DAILY) values (2,1,'INDARUNG II/III',7,5,null,null,null);
Insert into QMUSER.V_DASHBOARD (ID_COMPANY,ID_PLANT,NM_PLANT,ID_GROUPAREA,ID_AREA,DATE_DATA,DATE_ENTRY,ID_PRODUCTION_DAILY) values (2,1,'INDARUNG II/III',21,null,null,null,null);
Insert into QMUSER.V_DASHBOARD (ID_COMPANY,ID_PLANT,NM_PLANT,ID_GROUPAREA,ID_AREA,DATE_DATA,DATE_ENTRY,ID_PRODUCTION_DAILY) values (2,1,'INDARUNG II/III',1,3,null,null,null);
Insert into QMUSER.V_DASHBOARD (ID_COMPANY,ID_PLANT,NM_PLANT,ID_GROUPAREA,ID_AREA,DATE_DATA,DATE_ENTRY,ID_PRODUCTION_DAILY) values (2,1,'INDARUNG II/III',2,null,null,null,null);
Insert into QMUSER.V_DASHBOARD (ID_COMPANY,ID_PLANT,NM_PLANT,ID_GROUPAREA,ID_AREA,DATE_DATA,DATE_ENTRY,ID_PRODUCTION_DAILY) values (2,1,'INDARUNG II/III',3,4,null,null,null);
Insert into QMUSER.V_DASHBOARD (ID_COMPANY,ID_PLANT,NM_PLANT,ID_GROUPAREA,ID_AREA,DATE_DATA,DATE_ENTRY,ID_PRODUCTION_DAILY) values (2,1,'INDARUNG II/III',4,null,null,null,null);
Insert into QMUSER.V_DASHBOARD (ID_COMPANY,ID_PLANT,NM_PLANT,ID_GROUPAREA,ID_AREA,DATE_DATA,DATE_ENTRY,ID_PRODUCTION_DAILY) values (2,1,'INDARUNG II/III',6,1,null,null,null);
Insert into QMUSER.V_DASHBOARD (ID_COMPANY,ID_PLANT,NM_PLANT,ID_GROUPAREA,ID_AREA,DATE_DATA,DATE_ENTRY,ID_PRODUCTION_DAILY) values (2,1,'INDARUNG II/III',7,5,null,null,null);
Insert into QMUSER.V_DASHBOARD (ID_COMPANY,ID_PLANT,NM_PLANT,ID_GROUPAREA,ID_AREA,DATE_DATA,DATE_ENTRY,ID_PRODUCTION_DAILY) values (2,1,'INDARUNG II/III',21,null,null,null,null);
Insert into QMUSER.V_DASHBOARD (ID_COMPANY,ID_PLANT,NM_PLANT,ID_GROUPAREA,ID_AREA,DATE_DATA,DATE_ENTRY,ID_PRODUCTION_DAILY) values (2,1,'INDARUNG II/III',1,3,null,null,null);
Insert into QMUSER.V_DASHBOARD (ID_COMPANY,ID_PLANT,NM_PLANT,ID_GROUPAREA,ID_AREA,DATE_DATA,DATE_ENTRY,ID_PRODUCTION_DAILY) values (2,1,'INDARUNG II/III',2,null,null,null,null);
Insert into QMUSER.V_DASHBOARD (ID_COMPANY,ID_PLANT,NM_PLANT,ID_GROUPAREA,ID_AREA,DATE_DATA,DATE_ENTRY,ID_PRODUCTION_DAILY) values (2,1,'INDARUNG II/III',3,4,null,null,null);
Insert into QMUSER.V_DASHBOARD (ID_COMPANY,ID_PLANT,NM_PLANT,ID_GROUPAREA,ID_AREA,DATE_DATA,DATE_ENTRY,ID_PRODUCTION_DAILY) values (2,1,'INDARUNG II/III',4,null,null,null,null);
Insert into QMUSER.V_DASHBOARD (ID_COMPANY,ID_PLANT,NM_PLANT,ID_GROUPAREA,ID_AREA,DATE_DATA,DATE_ENTRY,ID_PRODUCTION_DAILY) values (2,1,'INDARUNG II/III',6,1,null,null,null);
Insert into QMUSER.V_DASHBOARD (ID_COMPANY,ID_PLANT,NM_PLANT,ID_GROUPAREA,ID_AREA,DATE_DATA,DATE_ENTRY,ID_PRODUCTION_DAILY) values (2,1,'INDARUNG II/III',7,5,null,null,null);
Insert into QMUSER.V_DASHBOARD (ID_COMPANY,ID_PLANT,NM_PLANT,ID_GROUPAREA,ID_AREA,DATE_DATA,DATE_ENTRY,ID_PRODUCTION_DAILY) values (2,1,'INDARUNG II/III',21,null,null,null,null);
Insert into QMUSER.V_DASHBOARD (ID_COMPANY,ID_PLANT,NM_PLANT,ID_GROUPAREA,ID_AREA,DATE_DATA,DATE_ENTRY,ID_PRODUCTION_DAILY) values (3,6,'TONASA IV',1,21,null,null,null);
Insert into QMUSER.V_DASHBOARD (ID_COMPANY,ID_PLANT,NM_PLANT,ID_GROUPAREA,ID_AREA,DATE_DATA,DATE_ENTRY,ID_PRODUCTION_DAILY) values (3,6,'TONASA IV',2,null,null,null,null);
Insert into QMUSER.V_DASHBOARD (ID_COMPANY,ID_PLANT,NM_PLANT,ID_GROUPAREA,ID_AREA,DATE_DATA,DATE_ENTRY,ID_PRODUCTION_DAILY) values (3,6,'TONASA IV',3,null,null,null,null);
Insert into QMUSER.V_DASHBOARD (ID_COMPANY,ID_PLANT,NM_PLANT,ID_GROUPAREA,ID_AREA,DATE_DATA,DATE_ENTRY,ID_PRODUCTION_DAILY) values (3,6,'TONASA IV',4,null,null,null,null);
Insert into QMUSER.V_DASHBOARD (ID_COMPANY,ID_PLANT,NM_PLANT,ID_GROUPAREA,ID_AREA,DATE_DATA,DATE_ENTRY,ID_PRODUCTION_DAILY) values (3,6,'TONASA IV',6,41,null,null,null);
Insert into QMUSER.V_DASHBOARD (ID_COMPANY,ID_PLANT,NM_PLANT,ID_GROUPAREA,ID_AREA,DATE_DATA,DATE_ENTRY,ID_PRODUCTION_DAILY) values (3,6,'TONASA IV',7,null,null,null,null);
Insert into QMUSER.V_DASHBOARD (ID_COMPANY,ID_PLANT,NM_PLANT,ID_GROUPAREA,ID_AREA,DATE_DATA,DATE_ENTRY,ID_PRODUCTION_DAILY) values (3,6,'TONASA IV',21,null,null,null,null);
Insert into QMUSER.V_DASHBOARD (ID_COMPANY,ID_PLANT,NM_PLANT,ID_GROUPAREA,ID_AREA,DATE_DATA,DATE_ENTRY,ID_PRODUCTION_DAILY) values (3,6,'TONASA IV',1,21,null,null,null);
Insert into QMUSER.V_DASHBOARD (ID_COMPANY,ID_PLANT,NM_PLANT,ID_GROUPAREA,ID_AREA,DATE_DATA,DATE_ENTRY,ID_PRODUCTION_DAILY) values (3,6,'TONASA IV',2,null,null,null,null);
Insert into QMUSER.V_DASHBOARD (ID_COMPANY,ID_PLANT,NM_PLANT,ID_GROUPAREA,ID_AREA,DATE_DATA,DATE_ENTRY,ID_PRODUCTION_DAILY) values (3,6,'TONASA IV',3,null,null,null,null);
Insert into QMUSER.V_DASHBOARD (ID_COMPANY,ID_PLANT,NM_PLANT,ID_GROUPAREA,ID_AREA,DATE_DATA,DATE_ENTRY,ID_PRODUCTION_DAILY) values (3,6,'TONASA IV',4,null,null,null,null);
Insert into QMUSER.V_DASHBOARD (ID_COMPANY,ID_PLANT,NM_PLANT,ID_GROUPAREA,ID_AREA,DATE_DATA,DATE_ENTRY,ID_PRODUCTION_DAILY) values (3,6,'TONASA IV',6,41,null,null,null);
Insert into QMUSER.V_DASHBOARD (ID_COMPANY,ID_PLANT,NM_PLANT,ID_GROUPAREA,ID_AREA,DATE_DATA,DATE_ENTRY,ID_PRODUCTION_DAILY) values (3,6,'TONASA IV',7,null,null,null,null);
Insert into QMUSER.V_DASHBOARD (ID_COMPANY,ID_PLANT,NM_PLANT,ID_GROUPAREA,ID_AREA,DATE_DATA,DATE_ENTRY,ID_PRODUCTION_DAILY) values (3,6,'TONASA IV',21,null,null,null,null);
Insert into QMUSER.V_DASHBOARD (ID_COMPANY,ID_PLANT,NM_PLANT,ID_GROUPAREA,ID_AREA,DATE_DATA,DATE_ENTRY,ID_PRODUCTION_DAILY) values (3,6,'TONASA IV',1,21,null,null,null);
Insert into QMUSER.V_DASHBOARD (ID_COMPANY,ID_PLANT,NM_PLANT,ID_GROUPAREA,ID_AREA,DATE_DATA,DATE_ENTRY,ID_PRODUCTION_DAILY) values (3,6,'TONASA IV',2,null,null,null,null);
Insert into QMUSER.V_DASHBOARD (ID_COMPANY,ID_PLANT,NM_PLANT,ID_GROUPAREA,ID_AREA,DATE_DATA,DATE_ENTRY,ID_PRODUCTION_DAILY) values (3,6,'TONASA IV',3,null,null,null,null);
Insert into QMUSER.V_DASHBOARD (ID_COMPANY,ID_PLANT,NM_PLANT,ID_GROUPAREA,ID_AREA,DATE_DATA,DATE_ENTRY,ID_PRODUCTION_DAILY) values (3,6,'TONASA IV',4,null,null,null,null);
Insert into QMUSER.V_DASHBOARD (ID_COMPANY,ID_PLANT,NM_PLANT,ID_GROUPAREA,ID_AREA,DATE_DATA,DATE_ENTRY,ID_PRODUCTION_DAILY) values (3,6,'TONASA IV',6,41,null,null,null);
Insert into QMUSER.V_DASHBOARD (ID_COMPANY,ID_PLANT,NM_PLANT,ID_GROUPAREA,ID_AREA,DATE_DATA,DATE_ENTRY,ID_PRODUCTION_DAILY) values (3,6,'TONASA IV',7,null,null,null,null);
Insert into QMUSER.V_DASHBOARD (ID_COMPANY,ID_PLANT,NM_PLANT,ID_GROUPAREA,ID_AREA,DATE_DATA,DATE_ENTRY,ID_PRODUCTION_DAILY) values (3,6,'TONASA IV',21,null,null,null,null);
Insert into QMUSER.V_DASHBOARD (ID_COMPANY,ID_PLANT,NM_PLANT,ID_GROUPAREA,ID_AREA,DATE_DATA,DATE_ENTRY,ID_PRODUCTION_DAILY) values (3,6,'TONASA IV',1,21,null,null,null);
Insert into QMUSER.V_DASHBOARD (ID_COMPANY,ID_PLANT,NM_PLANT,ID_GROUPAREA,ID_AREA,DATE_DATA,DATE_ENTRY,ID_PRODUCTION_DAILY) values (3,6,'TONASA IV',2,null,null,null,null);
Insert into QMUSER.V_DASHBOARD (ID_COMPANY,ID_PLANT,NM_PLANT,ID_GROUPAREA,ID_AREA,DATE_DATA,DATE_ENTRY,ID_PRODUCTION_DAILY) values (3,6,'TONASA IV',3,null,null,null,null);
Insert into QMUSER.V_DASHBOARD (ID_COMPANY,ID_PLANT,NM_PLANT,ID_GROUPAREA,ID_AREA,DATE_DATA,DATE_ENTRY,ID_PRODUCTION_DAILY) values (3,6,'TONASA IV',4,null,null,null,null);
Insert into QMUSER.V_DASHBOARD (ID_COMPANY,ID_PLANT,NM_PLANT,ID_GROUPAREA,ID_AREA,DATE_DATA,DATE_ENTRY,ID_PRODUCTION_DAILY) values (3,6,'TONASA IV',6,41,null,null,null);
Insert into QMUSER.V_DASHBOARD (ID_COMPANY,ID_PLANT,NM_PLANT,ID_GROUPAREA,ID_AREA,DATE_DATA,DATE_ENTRY,ID_PRODUCTION_DAILY) values (3,6,'TONASA IV',7,null,null,null,null);
Insert into QMUSER.V_DASHBOARD (ID_COMPANY,ID_PLANT,NM_PLANT,ID_GROUPAREA,ID_AREA,DATE_DATA,DATE_ENTRY,ID_PRODUCTION_DAILY) values (3,6,'TONASA IV',21,null,null,null,null);
Insert into QMUSER.V_DASHBOARD (ID_COMPANY,ID_PLANT,NM_PLANT,ID_GROUPAREA,ID_AREA,DATE_DATA,DATE_ENTRY,ID_PRODUCTION_DAILY) values (3,6,'TONASA IV',1,21,null,null,null);
Insert into QMUSER.V_DASHBOARD (ID_COMPANY,ID_PLANT,NM_PLANT,ID_GROUPAREA,ID_AREA,DATE_DATA,DATE_ENTRY,ID_PRODUCTION_DAILY) values (3,6,'TONASA IV',2,null,null,null,null);
Insert into QMUSER.V_DASHBOARD (ID_COMPANY,ID_PLANT,NM_PLANT,ID_GROUPAREA,ID_AREA,DATE_DATA,DATE_ENTRY,ID_PRODUCTION_DAILY) values (3,6,'TONASA IV',3,null,null,null,null);
Insert into QMUSER.V_DASHBOARD (ID_COMPANY,ID_PLANT,NM_PLANT,ID_GROUPAREA,ID_AREA,DATE_DATA,DATE_ENTRY,ID_PRODUCTION_DAILY) values (3,6,'TONASA IV',4,null,null,null,null);
Insert into QMUSER.V_DASHBOARD (ID_COMPANY,ID_PLANT,NM_PLANT,ID_GROUPAREA,ID_AREA,DATE_DATA,DATE_ENTRY,ID_PRODUCTION_DAILY) values (3,6,'TONASA IV',6,41,null,null,null);
Insert into QMUSER.V_DASHBOARD (ID_COMPANY,ID_PLANT,NM_PLANT,ID_GROUPAREA,ID_AREA,DATE_DATA,DATE_ENTRY,ID_PRODUCTION_DAILY) values (3,6,'TONASA IV',7,null,null,null,null);
Insert into QMUSER.V_DASHBOARD (ID_COMPANY,ID_PLANT,NM_PLANT,ID_GROUPAREA,ID_AREA,DATE_DATA,DATE_ENTRY,ID_PRODUCTION_DAILY) values (3,6,'TONASA IV',21,null,null,null,null);
Insert into QMUSER.V_DASHBOARD (ID_COMPANY,ID_PLANT,NM_PLANT,ID_GROUPAREA,ID_AREA,DATE_DATA,DATE_ENTRY,ID_PRODUCTION_DAILY) values (3,6,'TONASA IV',1,21,null,null,null);
Insert into QMUSER.V_DASHBOARD (ID_COMPANY,ID_PLANT,NM_PLANT,ID_GROUPAREA,ID_AREA,DATE_DATA,DATE_ENTRY,ID_PRODUCTION_DAILY) values (3,6,'TONASA IV',2,null,null,null,null);
Insert into QMUSER.V_DASHBOARD (ID_COMPANY,ID_PLANT,NM_PLANT,ID_GROUPAREA,ID_AREA,DATE_DATA,DATE_ENTRY,ID_PRODUCTION_DAILY) values (3,6,'TONASA IV',3,null,null,null,null);
Insert into QMUSER.V_DASHBOARD (ID_COMPANY,ID_PLANT,NM_PLANT,ID_GROUPAREA,ID_AREA,DATE_DATA,DATE_ENTRY,ID_PRODUCTION_DAILY) values (3,6,'TONASA IV',4,null,null,null,null);
Insert into QMUSER.V_DASHBOARD (ID_COMPANY,ID_PLANT,NM_PLANT,ID_GROUPAREA,ID_AREA,DATE_DATA,DATE_ENTRY,ID_PRODUCTION_DAILY) values (3,6,'TONASA IV',6,41,null,null,null);
Insert into QMUSER.V_DASHBOARD (ID_COMPANY,ID_PLANT,NM_PLANT,ID_GROUPAREA,ID_AREA,DATE_DATA,DATE_ENTRY,ID_PRODUCTION_DAILY) values (3,6,'TONASA IV',7,null,null,null,null);
Insert into QMUSER.V_DASHBOARD (ID_COMPANY,ID_PLANT,NM_PLANT,ID_GROUPAREA,ID_AREA,DATE_DATA,DATE_ENTRY,ID_PRODUCTION_DAILY) values (3,6,'TONASA IV',21,null,null,null,null);
Insert into QMUSER.V_DASHBOARD (ID_COMPANY,ID_PLANT,NM_PLANT,ID_GROUPAREA,ID_AREA,DATE_DATA,DATE_ENTRY,ID_PRODUCTION_DAILY) values (3,6,'TONASA IV',1,21,null,null,null);
Insert into QMUSER.V_DASHBOARD (ID_COMPANY,ID_PLANT,NM_PLANT,ID_GROUPAREA,ID_AREA,DATE_DATA,DATE_ENTRY,ID_PRODUCTION_DAILY) values (3,6,'TONASA IV',2,null,null,null,null);
Insert into QMUSER.V_DASHBOARD (ID_COMPANY,ID_PLANT,NM_PLANT,ID_GROUPAREA,ID_AREA,DATE_DATA,DATE_ENTRY,ID_PRODUCTION_DAILY) values (3,6,'TONASA IV',3,null,null,null,null);
Insert into QMUSER.V_DASHBOARD (ID_COMPANY,ID_PLANT,NM_PLANT,ID_GROUPAREA,ID_AREA,DATE_DATA,DATE_ENTRY,ID_PRODUCTION_DAILY) values (3,6,'TONASA IV',4,null,null,null,null);
Insert into QMUSER.V_DASHBOARD (ID_COMPANY,ID_PLANT,NM_PLANT,ID_GROUPAREA,ID_AREA,DATE_DATA,DATE_ENTRY,ID_PRODUCTION_DAILY) values (3,6,'TONASA IV',6,41,null,null,null);
Insert into QMUSER.V_DASHBOARD (ID_COMPANY,ID_PLANT,NM_PLANT,ID_GROUPAREA,ID_AREA,DATE_DATA,DATE_ENTRY,ID_PRODUCTION_DAILY) values (3,6,'TONASA IV',7,null,null,null,null);
Insert into QMUSER.V_DASHBOARD (ID_COMPANY,ID_PLANT,NM_PLANT,ID_GROUPAREA,ID_AREA,DATE_DATA,DATE_ENTRY,ID_PRODUCTION_DAILY) values (3,6,'TONASA IV',21,null,null,null,null);
Insert into QMUSER.V_DASHBOARD (ID_COMPANY,ID_PLANT,NM_PLANT,ID_GROUPAREA,ID_AREA,DATE_DATA,DATE_ENTRY,ID_PRODUCTION_DAILY) values (3,6,'TONASA IV',1,21,null,null,null);
Insert into QMUSER.V_DASHBOARD (ID_COMPANY,ID_PLANT,NM_PLANT,ID_GROUPAREA,ID_AREA,DATE_DATA,DATE_ENTRY,ID_PRODUCTION_DAILY) values (3,6,'TONASA IV',2,null,null,null,null);
Insert into QMUSER.V_DASHBOARD (ID_COMPANY,ID_PLANT,NM_PLANT,ID_GROUPAREA,ID_AREA,DATE_DATA,DATE_ENTRY,ID_PRODUCTION_DAILY) values (3,6,'TONASA IV',3,null,null,null,null);
Insert into QMUSER.V_DASHBOARD (ID_COMPANY,ID_PLANT,NM_PLANT,ID_GROUPAREA,ID_AREA,DATE_DATA,DATE_ENTRY,ID_PRODUCTION_DAILY) values (3,6,'TONASA IV',4,null,null,null,null);
Insert into QMUSER.V_DASHBOARD (ID_COMPANY,ID_PLANT,NM_PLANT,ID_GROUPAREA,ID_AREA,DATE_DATA,DATE_ENTRY,ID_PRODUCTION_DAILY) values (3,6,'TONASA IV',6,41,null,null,null);
Insert into QMUSER.V_DASHBOARD (ID_COMPANY,ID_PLANT,NM_PLANT,ID_GROUPAREA,ID_AREA,DATE_DATA,DATE_ENTRY,ID_PRODUCTION_DAILY) values (3,6,'TONASA IV',7,null,null,null,null);
Insert into QMUSER.V_DASHBOARD (ID_COMPANY,ID_PLANT,NM_PLANT,ID_GROUPAREA,ID_AREA,DATE_DATA,DATE_ENTRY,ID_PRODUCTION_DAILY) values (3,6,'TONASA IV',21,null,null,null,null);
Insert into QMUSER.V_DASHBOARD (ID_COMPANY,ID_PLANT,NM_PLANT,ID_GROUPAREA,ID_AREA,DATE_DATA,DATE_ENTRY,ID_PRODUCTION_DAILY) values (4,8,'PLANT GRESIK',1,66,null,null,null);
Insert into QMUSER.V_DASHBOARD (ID_COMPANY,ID_PLANT,NM_PLANT,ID_GROUPAREA,ID_AREA,DATE_DATA,DATE_ENTRY,ID_PRODUCTION_DAILY) values (4,8,'PLANT GRESIK',1,65,null,null,null);
Insert into QMUSER.V_DASHBOARD (ID_COMPANY,ID_PLANT,NM_PLANT,ID_GROUPAREA,ID_AREA,DATE_DATA,DATE_ENTRY,ID_PRODUCTION_DAILY) values (4,8,'PLANT GRESIK',1,64,null,null,null);
Insert into QMUSER.V_DASHBOARD (ID_COMPANY,ID_PLANT,NM_PLANT,ID_GROUPAREA,ID_AREA,DATE_DATA,DATE_ENTRY,ID_PRODUCTION_DAILY) values (4,8,'PLANT GRESIK',1,67,null,null,null);
Insert into QMUSER.V_DASHBOARD (ID_COMPANY,ID_PLANT,NM_PLANT,ID_GROUPAREA,ID_AREA,DATE_DATA,DATE_ENTRY,ID_PRODUCTION_DAILY) values (4,8,'PLANT GRESIK',2,null,null,null,null);
Insert into QMUSER.V_DASHBOARD (ID_COMPANY,ID_PLANT,NM_PLANT,ID_GROUPAREA,ID_AREA,DATE_DATA,DATE_ENTRY,ID_PRODUCTION_DAILY) values (4,8,'PLANT GRESIK',3,null,null,null,null);
Insert into QMUSER.V_DASHBOARD (ID_COMPANY,ID_PLANT,NM_PLANT,ID_GROUPAREA,ID_AREA,DATE_DATA,DATE_ENTRY,ID_PRODUCTION_DAILY) values (4,8,'PLANT GRESIK',4,null,null,null,null);
Insert into QMUSER.V_DASHBOARD (ID_COMPANY,ID_PLANT,NM_PLANT,ID_GROUPAREA,ID_AREA,DATE_DATA,DATE_ENTRY,ID_PRODUCTION_DAILY) values (4,8,'PLANT GRESIK',6,null,null,null,null);
Insert into QMUSER.V_DASHBOARD (ID_COMPANY,ID_PLANT,NM_PLANT,ID_GROUPAREA,ID_AREA,DATE_DATA,DATE_ENTRY,ID_PRODUCTION_DAILY) values (4,8,'PLANT GRESIK',7,null,null,null,null);
Insert into QMUSER.V_DASHBOARD (ID_COMPANY,ID_PLANT,NM_PLANT,ID_GROUPAREA,ID_AREA,DATE_DATA,DATE_ENTRY,ID_PRODUCTION_DAILY) values (4,8,'PLANT GRESIK',21,null,null,null,null);
Insert into QMUSER.V_DASHBOARD (ID_COMPANY,ID_PLANT,NM_PLANT,ID_GROUPAREA,ID_AREA,DATE_DATA,DATE_ENTRY,ID_PRODUCTION_DAILY) values (4,8,'PLANT GRESIK',1,66,null,null,null);
Insert into QMUSER.V_DASHBOARD (ID_COMPANY,ID_PLANT,NM_PLANT,ID_GROUPAREA,ID_AREA,DATE_DATA,DATE_ENTRY,ID_PRODUCTION_DAILY) values (4,8,'PLANT GRESIK',1,65,null,null,null);
Insert into QMUSER.V_DASHBOARD (ID_COMPANY,ID_PLANT,NM_PLANT,ID_GROUPAREA,ID_AREA,DATE_DATA,DATE_ENTRY,ID_PRODUCTION_DAILY) values (4,8,'PLANT GRESIK',1,64,null,null,null);
Insert into QMUSER.V_DASHBOARD (ID_COMPANY,ID_PLANT,NM_PLANT,ID_GROUPAREA,ID_AREA,DATE_DATA,DATE_ENTRY,ID_PRODUCTION_DAILY) values (4,8,'PLANT GRESIK',1,67,null,null,null);
Insert into QMUSER.V_DASHBOARD (ID_COMPANY,ID_PLANT,NM_PLANT,ID_GROUPAREA,ID_AREA,DATE_DATA,DATE_ENTRY,ID_PRODUCTION_DAILY) values (4,8,'PLANT GRESIK',2,null,null,null,null);
Insert into QMUSER.V_DASHBOARD (ID_COMPANY,ID_PLANT,NM_PLANT,ID_GROUPAREA,ID_AREA,DATE_DATA,DATE_ENTRY,ID_PRODUCTION_DAILY) values (4,8,'PLANT GRESIK',3,null,null,null,null);
Insert into QMUSER.V_DASHBOARD (ID_COMPANY,ID_PLANT,NM_PLANT,ID_GROUPAREA,ID_AREA,DATE_DATA,DATE_ENTRY,ID_PRODUCTION_DAILY) values (4,8,'PLANT GRESIK',4,null,null,null,null);
Insert into QMUSER.V_DASHBOARD (ID_COMPANY,ID_PLANT,NM_PLANT,ID_GROUPAREA,ID_AREA,DATE_DATA,DATE_ENTRY,ID_PRODUCTION_DAILY) values (4,8,'PLANT GRESIK',6,null,null,null,null);
Insert into QMUSER.V_DASHBOARD (ID_COMPANY,ID_PLANT,NM_PLANT,ID_GROUPAREA,ID_AREA,DATE_DATA,DATE_ENTRY,ID_PRODUCTION_DAILY) values (4,8,'PLANT GRESIK',7,null,null,null,null);
Insert into QMUSER.V_DASHBOARD (ID_COMPANY,ID_PLANT,NM_PLANT,ID_GROUPAREA,ID_AREA,DATE_DATA,DATE_ENTRY,ID_PRODUCTION_DAILY) values (4,8,'PLANT GRESIK',21,null,null,null,null);
Insert into QMUSER.V_DASHBOARD (ID_COMPANY,ID_PLANT,NM_PLANT,ID_GROUPAREA,ID_AREA,DATE_DATA,DATE_ENTRY,ID_PRODUCTION_DAILY) values (4,8,'PLANT GRESIK',1,66,null,null,null);
Insert into QMUSER.V_DASHBOARD (ID_COMPANY,ID_PLANT,NM_PLANT,ID_GROUPAREA,ID_AREA,DATE_DATA,DATE_ENTRY,ID_PRODUCTION_DAILY) values (4,8,'PLANT GRESIK',1,65,null,null,null);
Insert into QMUSER.V_DASHBOARD (ID_COMPANY,ID_PLANT,NM_PLANT,ID_GROUPAREA,ID_AREA,DATE_DATA,DATE_ENTRY,ID_PRODUCTION_DAILY) values (4,8,'PLANT GRESIK',1,64,null,null,null);
Insert into QMUSER.V_DASHBOARD (ID_COMPANY,ID_PLANT,NM_PLANT,ID_GROUPAREA,ID_AREA,DATE_DATA,DATE_ENTRY,ID_PRODUCTION_DAILY) values (4,8,'PLANT GRESIK',1,67,null,null,null);
Insert into QMUSER.V_DASHBOARD (ID_COMPANY,ID_PLANT,NM_PLANT,ID_GROUPAREA,ID_AREA,DATE_DATA,DATE_ENTRY,ID_PRODUCTION_DAILY) values (4,8,'PLANT GRESIK',2,null,null,null,null);
Insert into QMUSER.V_DASHBOARD (ID_COMPANY,ID_PLANT,NM_PLANT,ID_GROUPAREA,ID_AREA,DATE_DATA,DATE_ENTRY,ID_PRODUCTION_DAILY) values (4,8,'PLANT GRESIK',3,null,null,null,null);
Insert into QMUSER.V_DASHBOARD (ID_COMPANY,ID_PLANT,NM_PLANT,ID_GROUPAREA,ID_AREA,DATE_DATA,DATE_ENTRY,ID_PRODUCTION_DAILY) values (4,8,'PLANT GRESIK',4,null,null,null,null);
Insert into QMUSER.V_DASHBOARD (ID_COMPANY,ID_PLANT,NM_PLANT,ID_GROUPAREA,ID_AREA,DATE_DATA,DATE_ENTRY,ID_PRODUCTION_DAILY) values (4,8,'PLANT GRESIK',6,null,null,null,null);
Insert into QMUSER.V_DASHBOARD (ID_COMPANY,ID_PLANT,NM_PLANT,ID_GROUPAREA,ID_AREA,DATE_DATA,DATE_ENTRY,ID_PRODUCTION_DAILY) values (4,8,'PLANT GRESIK',7,null,null,null,null);
Insert into QMUSER.V_DASHBOARD (ID_COMPANY,ID_PLANT,NM_PLANT,ID_GROUPAREA,ID_AREA,DATE_DATA,DATE_ENTRY,ID_PRODUCTION_DAILY) values (4,8,'PLANT GRESIK',21,null,null,null,null);
Insert into QMUSER.V_DASHBOARD (ID_COMPANY,ID_PLANT,NM_PLANT,ID_GROUPAREA,ID_AREA,DATE_DATA,DATE_ENTRY,ID_PRODUCTION_DAILY) values (4,8,'PLANT GRESIK',1,66,null,null,null);
Insert into QMUSER.V_DASHBOARD (ID_COMPANY,ID_PLANT,NM_PLANT,ID_GROUPAREA,ID_AREA,DATE_DATA,DATE_ENTRY,ID_PRODUCTION_DAILY) values (4,8,'PLANT GRESIK',1,65,null,null,null);
Insert into QMUSER.V_DASHBOARD (ID_COMPANY,ID_PLANT,NM_PLANT,ID_GROUPAREA,ID_AREA,DATE_DATA,DATE_ENTRY,ID_PRODUCTION_DAILY) values (4,8,'PLANT GRESIK',1,64,null,null,null);
Insert into QMUSER.V_DASHBOARD (ID_COMPANY,ID_PLANT,NM_PLANT,ID_GROUPAREA,ID_AREA,DATE_DATA,DATE_ENTRY,ID_PRODUCTION_DAILY) values (4,8,'PLANT GRESIK',1,67,null,null,null);
Insert into QMUSER.V_DASHBOARD (ID_COMPANY,ID_PLANT,NM_PLANT,ID_GROUPAREA,ID_AREA,DATE_DATA,DATE_ENTRY,ID_PRODUCTION_DAILY) values (4,8,'PLANT GRESIK',2,null,null,null,null);
Insert into QMUSER.V_DASHBOARD (ID_COMPANY,ID_PLANT,NM_PLANT,ID_GROUPAREA,ID_AREA,DATE_DATA,DATE_ENTRY,ID_PRODUCTION_DAILY) values (4,8,'PLANT GRESIK',3,null,null,null,null);
Insert into QMUSER.V_DASHBOARD (ID_COMPANY,ID_PLANT,NM_PLANT,ID_GROUPAREA,ID_AREA,DATE_DATA,DATE_ENTRY,ID_PRODUCTION_DAILY) values (4,8,'PLANT GRESIK',4,null,null,null,null);
Insert into QMUSER.V_DASHBOARD (ID_COMPANY,ID_PLANT,NM_PLANT,ID_GROUPAREA,ID_AREA,DATE_DATA,DATE_ENTRY,ID_PRODUCTION_DAILY) values (4,8,'PLANT GRESIK',6,null,null,null,null);
Insert into QMUSER.V_DASHBOARD (ID_COMPANY,ID_PLANT,NM_PLANT,ID_GROUPAREA,ID_AREA,DATE_DATA,DATE_ENTRY,ID_PRODUCTION_DAILY) values (4,8,'PLANT GRESIK',7,null,null,null,null);
Insert into QMUSER.V_DASHBOARD (ID_COMPANY,ID_PLANT,NM_PLANT,ID_GROUPAREA,ID_AREA,DATE_DATA,DATE_ENTRY,ID_PRODUCTION_DAILY) values (4,8,'PLANT GRESIK',21,null,null,null,null);
Insert into QMUSER.V_DASHBOARD (ID_COMPANY,ID_PLANT,NM_PLANT,ID_GROUPAREA,ID_AREA,DATE_DATA,DATE_ENTRY,ID_PRODUCTION_DAILY) values (4,8,'PLANT GRESIK',1,66,null,null,null);
Insert into QMUSER.V_DASHBOARD (ID_COMPANY,ID_PLANT,NM_PLANT,ID_GROUPAREA,ID_AREA,DATE_DATA,DATE_ENTRY,ID_PRODUCTION_DAILY) values (4,8,'PLANT GRESIK',1,65,null,null,null);
Insert into QMUSER.V_DASHBOARD (ID_COMPANY,ID_PLANT,NM_PLANT,ID_GROUPAREA,ID_AREA,DATE_DATA,DATE_ENTRY,ID_PRODUCTION_DAILY) values (4,8,'PLANT GRESIK',1,64,null,null,null);
Insert into QMUSER.V_DASHBOARD (ID_COMPANY,ID_PLANT,NM_PLANT,ID_GROUPAREA,ID_AREA,DATE_DATA,DATE_ENTRY,ID_PRODUCTION_DAILY) values (4,8,'PLANT GRESIK',1,67,null,null,null);
Insert into QMUSER.V_DASHBOARD (ID_COMPANY,ID_PLANT,NM_PLANT,ID_GROUPAREA,ID_AREA,DATE_DATA,DATE_ENTRY,ID_PRODUCTION_DAILY) values (4,8,'PLANT GRESIK',2,null,null,null,null);
Insert into QMUSER.V_DASHBOARD (ID_COMPANY,ID_PLANT,NM_PLANT,ID_GROUPAREA,ID_AREA,DATE_DATA,DATE_ENTRY,ID_PRODUCTION_DAILY) values (4,8,'PLANT GRESIK',3,null,null,null,null);
Insert into QMUSER.V_DASHBOARD (ID_COMPANY,ID_PLANT,NM_PLANT,ID_GROUPAREA,ID_AREA,DATE_DATA,DATE_ENTRY,ID_PRODUCTION_DAILY) values (4,8,'PLANT GRESIK',4,null,null,null,null);
Insert into QMUSER.V_DASHBOARD (ID_COMPANY,ID_PLANT,NM_PLANT,ID_GROUPAREA,ID_AREA,DATE_DATA,DATE_ENTRY,ID_PRODUCTION_DAILY) values (4,8,'PLANT GRESIK',6,null,null,null,null);
Insert into QMUSER.V_DASHBOARD (ID_COMPANY,ID_PLANT,NM_PLANT,ID_GROUPAREA,ID_AREA,DATE_DATA,DATE_ENTRY,ID_PRODUCTION_DAILY) values (4,8,'PLANT GRESIK',7,null,null,null,null);
Insert into QMUSER.V_DASHBOARD (ID_COMPANY,ID_PLANT,NM_PLANT,ID_GROUPAREA,ID_AREA,DATE_DATA,DATE_ENTRY,ID_PRODUCTION_DAILY) values (4,8,'PLANT GRESIK',21,null,null,null,null);
Insert into QMUSER.V_DASHBOARD (ID_COMPANY,ID_PLANT,NM_PLANT,ID_GROUPAREA,ID_AREA,DATE_DATA,DATE_ENTRY,ID_PRODUCTION_DAILY) values (4,8,'PLANT GRESIK',1,66,null,null,null);
Insert into QMUSER.V_DASHBOARD (ID_COMPANY,ID_PLANT,NM_PLANT,ID_GROUPAREA,ID_AREA,DATE_DATA,DATE_ENTRY,ID_PRODUCTION_DAILY) values (4,8,'PLANT GRESIK',1,65,null,null,null);
Insert into QMUSER.V_DASHBOARD (ID_COMPANY,ID_PLANT,NM_PLANT,ID_GROUPAREA,ID_AREA,DATE_DATA,DATE_ENTRY,ID_PRODUCTION_DAILY) values (4,8,'PLANT GRESIK',1,64,null,null,null);
Insert into QMUSER.V_DASHBOARD (ID_COMPANY,ID_PLANT,NM_PLANT,ID_GROUPAREA,ID_AREA,DATE_DATA,DATE_ENTRY,ID_PRODUCTION_DAILY) values (4,8,'PLANT GRESIK',1,67,null,null,null);
Insert into QMUSER.V_DASHBOARD (ID_COMPANY,ID_PLANT,NM_PLANT,ID_GROUPAREA,ID_AREA,DATE_DATA,DATE_ENTRY,ID_PRODUCTION_DAILY) values (4,8,'PLANT GRESIK',2,null,null,null,null);
Insert into QMUSER.V_DASHBOARD (ID_COMPANY,ID_PLANT,NM_PLANT,ID_GROUPAREA,ID_AREA,DATE_DATA,DATE_ENTRY,ID_PRODUCTION_DAILY) values (4,8,'PLANT GRESIK',3,null,null,null,null);
Insert into QMUSER.V_DASHBOARD (ID_COMPANY,ID_PLANT,NM_PLANT,ID_GROUPAREA,ID_AREA,DATE_DATA,DATE_ENTRY,ID_PRODUCTION_DAILY) values (4,8,'PLANT GRESIK',4,null,null,null,null);
Insert into QMUSER.V_DASHBOARD (ID_COMPANY,ID_PLANT,NM_PLANT,ID_GROUPAREA,ID_AREA,DATE_DATA,DATE_ENTRY,ID_PRODUCTION_DAILY) values (4,8,'PLANT GRESIK',6,null,null,null,null);
Insert into QMUSER.V_DASHBOARD (ID_COMPANY,ID_PLANT,NM_PLANT,ID_GROUPAREA,ID_AREA,DATE_DATA,DATE_ENTRY,ID_PRODUCTION_DAILY) values (4,8,'PLANT GRESIK',7,null,null,null,null);
Insert into QMUSER.V_DASHBOARD (ID_COMPANY,ID_PLANT,NM_PLANT,ID_GROUPAREA,ID_AREA,DATE_DATA,DATE_ENTRY,ID_PRODUCTION_DAILY) values (4,8,'PLANT GRESIK',21,null,null,null,null);
Insert into QMUSER.V_DASHBOARD (ID_COMPANY,ID_PLANT,NM_PLANT,ID_GROUPAREA,ID_AREA,DATE_DATA,DATE_ENTRY,ID_PRODUCTION_DAILY) values (4,8,'PLANT GRESIK',1,66,null,null,null);
Insert into QMUSER.V_DASHBOARD (ID_COMPANY,ID_PLANT,NM_PLANT,ID_GROUPAREA,ID_AREA,DATE_DATA,DATE_ENTRY,ID_PRODUCTION_DAILY) values (4,8,'PLANT GRESIK',1,65,null,null,null);
Insert into QMUSER.V_DASHBOARD (ID_COMPANY,ID_PLANT,NM_PLANT,ID_GROUPAREA,ID_AREA,DATE_DATA,DATE_ENTRY,ID_PRODUCTION_DAILY) values (4,8,'PLANT GRESIK',1,64,null,null,null);
Insert into QMUSER.V_DASHBOARD (ID_COMPANY,ID_PLANT,NM_PLANT,ID_GROUPAREA,ID_AREA,DATE_DATA,DATE_ENTRY,ID_PRODUCTION_DAILY) values (4,8,'PLANT GRESIK',1,67,null,null,null);
Insert into QMUSER.V_DASHBOARD (ID_COMPANY,ID_PLANT,NM_PLANT,ID_GROUPAREA,ID_AREA,DATE_DATA,DATE_ENTRY,ID_PRODUCTION_DAILY) values (4,8,'PLANT GRESIK',2,null,null,null,null);
Insert into QMUSER.V_DASHBOARD (ID_COMPANY,ID_PLANT,NM_PLANT,ID_GROUPAREA,ID_AREA,DATE_DATA,DATE_ENTRY,ID_PRODUCTION_DAILY) values (4,8,'PLANT GRESIK',3,null,null,null,null);
Insert into QMUSER.V_DASHBOARD (ID_COMPANY,ID_PLANT,NM_PLANT,ID_GROUPAREA,ID_AREA,DATE_DATA,DATE_ENTRY,ID_PRODUCTION_DAILY) values (4,8,'PLANT GRESIK',4,null,null,null,null);
Insert into QMUSER.V_DASHBOARD (ID_COMPANY,ID_PLANT,NM_PLANT,ID_GROUPAREA,ID_AREA,DATE_DATA,DATE_ENTRY,ID_PRODUCTION_DAILY) values (4,8,'PLANT GRESIK',6,null,null,null,null);
Insert into QMUSER.V_DASHBOARD (ID_COMPANY,ID_PLANT,NM_PLANT,ID_GROUPAREA,ID_AREA,DATE_DATA,DATE_ENTRY,ID_PRODUCTION_DAILY) values (4,8,'PLANT GRESIK',7,null,null,null,null);
Insert into QMUSER.V_DASHBOARD (ID_COMPANY,ID_PLANT,NM_PLANT,ID_GROUPAREA,ID_AREA,DATE_DATA,DATE_ENTRY,ID_PRODUCTION_DAILY) values (4,8,'PLANT GRESIK',21,null,null,null,null);
Insert into QMUSER.V_DASHBOARD (ID_COMPANY,ID_PLANT,NM_PLANT,ID_GROUPAREA,ID_AREA,DATE_DATA,DATE_ENTRY,ID_PRODUCTION_DAILY) values (4,8,'PLANT GRESIK',1,66,null,null,null);
Insert into QMUSER.V_DASHBOARD (ID_COMPANY,ID_PLANT,NM_PLANT,ID_GROUPAREA,ID_AREA,DATE_DATA,DATE_ENTRY,ID_PRODUCTION_DAILY) values (4,8,'PLANT GRESIK',1,65,null,null,null);
Insert into QMUSER.V_DASHBOARD (ID_COMPANY,ID_PLANT,NM_PLANT,ID_GROUPAREA,ID_AREA,DATE_DATA,DATE_ENTRY,ID_PRODUCTION_DAILY) values (4,8,'PLANT GRESIK',1,64,null,null,null);
Insert into QMUSER.V_DASHBOARD (ID_COMPANY,ID_PLANT,NM_PLANT,ID_GROUPAREA,ID_AREA,DATE_DATA,DATE_ENTRY,ID_PRODUCTION_DAILY) values (4,8,'PLANT GRESIK',1,67,null,null,null);
Insert into QMUSER.V_DASHBOARD (ID_COMPANY,ID_PLANT,NM_PLANT,ID_GROUPAREA,ID_AREA,DATE_DATA,DATE_ENTRY,ID_PRODUCTION_DAILY) values (4,8,'PLANT GRESIK',2,null,null,null,null);
Insert into QMUSER.V_DASHBOARD (ID_COMPANY,ID_PLANT,NM_PLANT,ID_GROUPAREA,ID_AREA,DATE_DATA,DATE_ENTRY,ID_PRODUCTION_DAILY) values (4,8,'PLANT GRESIK',3,null,null,null,null);
Insert into QMUSER.V_DASHBOARD (ID_COMPANY,ID_PLANT,NM_PLANT,ID_GROUPAREA,ID_AREA,DATE_DATA,DATE_ENTRY,ID_PRODUCTION_DAILY) values (4,8,'PLANT GRESIK',4,null,null,null,null);
Insert into QMUSER.V_DASHBOARD (ID_COMPANY,ID_PLANT,NM_PLANT,ID_GROUPAREA,ID_AREA,DATE_DATA,DATE_ENTRY,ID_PRODUCTION_DAILY) values (4,8,'PLANT GRESIK',6,null,null,null,null);
Insert into QMUSER.V_DASHBOARD (ID_COMPANY,ID_PLANT,NM_PLANT,ID_GROUPAREA,ID_AREA,DATE_DATA,DATE_ENTRY,ID_PRODUCTION_DAILY) values (4,8,'PLANT GRESIK',7,null,null,null,null);
Insert into QMUSER.V_DASHBOARD (ID_COMPANY,ID_PLANT,NM_PLANT,ID_GROUPAREA,ID_AREA,DATE_DATA,DATE_ENTRY,ID_PRODUCTION_DAILY) values (4,8,'PLANT GRESIK',21,null,null,null,null);
Insert into QMUSER.V_DASHBOARD (ID_COMPANY,ID_PLANT,NM_PLANT,ID_GROUPAREA,ID_AREA,DATE_DATA,DATE_ENTRY,ID_PRODUCTION_DAILY) values (4,8,'PLANT GRESIK',1,66,null,null,null);
Insert into QMUSER.V_DASHBOARD (ID_COMPANY,ID_PLANT,NM_PLANT,ID_GROUPAREA,ID_AREA,DATE_DATA,DATE_ENTRY,ID_PRODUCTION_DAILY) values (4,8,'PLANT GRESIK',1,65,null,null,null);
Insert into QMUSER.V_DASHBOARD (ID_COMPANY,ID_PLANT,NM_PLANT,ID_GROUPAREA,ID_AREA,DATE_DATA,DATE_ENTRY,ID_PRODUCTION_DAILY) values (4,8,'PLANT GRESIK',1,64,null,null,null);
Insert into QMUSER.V_DASHBOARD (ID_COMPANY,ID_PLANT,NM_PLANT,ID_GROUPAREA,ID_AREA,DATE_DATA,DATE_ENTRY,ID_PRODUCTION_DAILY) values (4,8,'PLANT GRESIK',1,67,null,null,null);
Insert into QMUSER.V_DASHBOARD (ID_COMPANY,ID_PLANT,NM_PLANT,ID_GROUPAREA,ID_AREA,DATE_DATA,DATE_ENTRY,ID_PRODUCTION_DAILY) values (4,8,'PLANT GRESIK',2,null,null,null,null);
Insert into QMUSER.V_DASHBOARD (ID_COMPANY,ID_PLANT,NM_PLANT,ID_GROUPAREA,ID_AREA,DATE_DATA,DATE_ENTRY,ID_PRODUCTION_DAILY) values (4,8,'PLANT GRESIK',3,null,null,null,null);
Insert into QMUSER.V_DASHBOARD (ID_COMPANY,ID_PLANT,NM_PLANT,ID_GROUPAREA,ID_AREA,DATE_DATA,DATE_ENTRY,ID_PRODUCTION_DAILY) values (4,8,'PLANT GRESIK',4,null,null,null,null);
Insert into QMUSER.V_DASHBOARD (ID_COMPANY,ID_PLANT,NM_PLANT,ID_GROUPAREA,ID_AREA,DATE_DATA,DATE_ENTRY,ID_PRODUCTION_DAILY) values (4,8,'PLANT GRESIK',6,null,null,null,null);
Insert into QMUSER.V_DASHBOARD (ID_COMPANY,ID_PLANT,NM_PLANT,ID_GROUPAREA,ID_AREA,DATE_DATA,DATE_ENTRY,ID_PRODUCTION_DAILY) values (4,8,'PLANT GRESIK',7,null,null,null,null);
Insert into QMUSER.V_DASHBOARD (ID_COMPANY,ID_PLANT,NM_PLANT,ID_GROUPAREA,ID_AREA,DATE_DATA,DATE_ENTRY,ID_PRODUCTION_DAILY) values (4,8,'PLANT GRESIK',21,null,null,null,null);
Insert into QMUSER.V_DASHBOARD (ID_COMPANY,ID_PLANT,NM_PLANT,ID_GROUPAREA,ID_AREA,DATE_DATA,DATE_ENTRY,ID_PRODUCTION_DAILY) values (4,8,'PLANT GRESIK',1,66,null,null,null);
Insert into QMUSER.V_DASHBOARD (ID_COMPANY,ID_PLANT,NM_PLANT,ID_GROUPAREA,ID_AREA,DATE_DATA,DATE_ENTRY,ID_PRODUCTION_DAILY) values (4,8,'PLANT GRESIK',1,65,null,null,null);
Insert into QMUSER.V_DASHBOARD (ID_COMPANY,ID_PLANT,NM_PLANT,ID_GROUPAREA,ID_AREA,DATE_DATA,DATE_ENTRY,ID_PRODUCTION_DAILY) values (4,8,'PLANT GRESIK',1,64,null,null,null);
Insert into QMUSER.V_DASHBOARD (ID_COMPANY,ID_PLANT,NM_PLANT,ID_GROUPAREA,ID_AREA,DATE_DATA,DATE_ENTRY,ID_PRODUCTION_DAILY) values (4,8,'PLANT GRESIK',1,67,null,null,null);
Insert into QMUSER.V_DASHBOARD (ID_COMPANY,ID_PLANT,NM_PLANT,ID_GROUPAREA,ID_AREA,DATE_DATA,DATE_ENTRY,ID_PRODUCTION_DAILY) values (4,8,'PLANT GRESIK',2,null,null,null,null);
Insert into QMUSER.V_DASHBOARD (ID_COMPANY,ID_PLANT,NM_PLANT,ID_GROUPAREA,ID_AREA,DATE_DATA,DATE_ENTRY,ID_PRODUCTION_DAILY) values (4,8,'PLANT GRESIK',3,null,null,null,null);
Insert into QMUSER.V_DASHBOARD (ID_COMPANY,ID_PLANT,NM_PLANT,ID_GROUPAREA,ID_AREA,DATE_DATA,DATE_ENTRY,ID_PRODUCTION_DAILY) values (4,8,'PLANT GRESIK',4,null,null,null,null);
Insert into QMUSER.V_DASHBOARD (ID_COMPANY,ID_PLANT,NM_PLANT,ID_GROUPAREA,ID_AREA,DATE_DATA,DATE_ENTRY,ID_PRODUCTION_DAILY) values (4,8,'PLANT GRESIK',6,null,null,null,null);
Insert into QMUSER.V_DASHBOARD (ID_COMPANY,ID_PLANT,NM_PLANT,ID_GROUPAREA,ID_AREA,DATE_DATA,DATE_ENTRY,ID_PRODUCTION_DAILY) values (4,8,'PLANT GRESIK',7,null,null,null,null);
Insert into QMUSER.V_DASHBOARD (ID_COMPANY,ID_PLANT,NM_PLANT,ID_GROUPAREA,ID_AREA,DATE_DATA,DATE_ENTRY,ID_PRODUCTION_DAILY) values (4,8,'PLANT GRESIK',21,null,null,null,null);
Insert into QMUSER.V_DASHBOARD (ID_COMPANY,ID_PLANT,NM_PLANT,ID_GROUPAREA,ID_AREA,DATE_DATA,DATE_ENTRY,ID_PRODUCTION_DAILY) values (4,8,'PLANT GRESIK',1,66,null,null,null);
Insert into QMUSER.V_DASHBOARD (ID_COMPANY,ID_PLANT,NM_PLANT,ID_GROUPAREA,ID_AREA,DATE_DATA,DATE_ENTRY,ID_PRODUCTION_DAILY) values (4,8,'PLANT GRESIK',1,65,null,null,null);
Insert into QMUSER.V_DASHBOARD (ID_COMPANY,ID_PLANT,NM_PLANT,ID_GROUPAREA,ID_AREA,DATE_DATA,DATE_ENTRY,ID_PRODUCTION_DAILY) values (4,8,'PLANT GRESIK',1,64,null,null,null);
Insert into QMUSER.V_DASHBOARD (ID_COMPANY,ID_PLANT,NM_PLANT,ID_GROUPAREA,ID_AREA,DATE_DATA,DATE_ENTRY,ID_PRODUCTION_DAILY) values (4,8,'PLANT GRESIK',1,67,null,null,null);
Insert into QMUSER.V_DASHBOARD (ID_COMPANY,ID_PLANT,NM_PLANT,ID_GROUPAREA,ID_AREA,DATE_DATA,DATE_ENTRY,ID_PRODUCTION_DAILY) values (4,8,'PLANT GRESIK',2,null,null,null,null);
Insert into QMUSER.V_DASHBOARD (ID_COMPANY,ID_PLANT,NM_PLANT,ID_GROUPAREA,ID_AREA,DATE_DATA,DATE_ENTRY,ID_PRODUCTION_DAILY) values (4,8,'PLANT GRESIK',3,null,null,null,null);
Insert into QMUSER.V_DASHBOARD (ID_COMPANY,ID_PLANT,NM_PLANT,ID_GROUPAREA,ID_AREA,DATE_DATA,DATE_ENTRY,ID_PRODUCTION_DAILY) values (4,8,'PLANT GRESIK',4,null,null,null,null);
Insert into QMUSER.V_DASHBOARD (ID_COMPANY,ID_PLANT,NM_PLANT,ID_GROUPAREA,ID_AREA,DATE_DATA,DATE_ENTRY,ID_PRODUCTION_DAILY) values (4,8,'PLANT GRESIK',6,null,null,null,null);
Insert into QMUSER.V_DASHBOARD (ID_COMPANY,ID_PLANT,NM_PLANT,ID_GROUPAREA,ID_AREA,DATE_DATA,DATE_ENTRY,ID_PRODUCTION_DAILY) values (4,8,'PLANT GRESIK',7,null,null,null,null);
Insert into QMUSER.V_DASHBOARD (ID_COMPANY,ID_PLANT,NM_PLANT,ID_GROUPAREA,ID_AREA,DATE_DATA,DATE_ENTRY,ID_PRODUCTION_DAILY) values (4,8,'PLANT GRESIK',21,null,null,null,null);
Insert into QMUSER.V_DASHBOARD (ID_COMPANY,ID_PLANT,NM_PLANT,ID_GROUPAREA,ID_AREA,DATE_DATA,DATE_ENTRY,ID_PRODUCTION_DAILY) values (4,8,'PLANT GRESIK',1,66,null,null,null);
Insert into QMUSER.V_DASHBOARD (ID_COMPANY,ID_PLANT,NM_PLANT,ID_GROUPAREA,ID_AREA,DATE_DATA,DATE_ENTRY,ID_PRODUCTION_DAILY) values (4,8,'PLANT GRESIK',1,65,null,null,null);
Insert into QMUSER.V_DASHBOARD (ID_COMPANY,ID_PLANT,NM_PLANT,ID_GROUPAREA,ID_AREA,DATE_DATA,DATE_ENTRY,ID_PRODUCTION_DAILY) values (4,8,'PLANT GRESIK',1,64,null,null,null);
Insert into QMUSER.V_DASHBOARD (ID_COMPANY,ID_PLANT,NM_PLANT,ID_GROUPAREA,ID_AREA,DATE_DATA,DATE_ENTRY,ID_PRODUCTION_DAILY) values (4,8,'PLANT GRESIK',1,67,null,null,null);
Insert into QMUSER.V_DASHBOARD (ID_COMPANY,ID_PLANT,NM_PLANT,ID_GROUPAREA,ID_AREA,DATE_DATA,DATE_ENTRY,ID_PRODUCTION_DAILY) values (4,8,'PLANT GRESIK',2,null,null,null,null);
Insert into QMUSER.V_DASHBOARD (ID_COMPANY,ID_PLANT,NM_PLANT,ID_GROUPAREA,ID_AREA,DATE_DATA,DATE_ENTRY,ID_PRODUCTION_DAILY) values (4,8,'PLANT GRESIK',3,null,null,null,null);
Insert into QMUSER.V_DASHBOARD (ID_COMPANY,ID_PLANT,NM_PLANT,ID_GROUPAREA,ID_AREA,DATE_DATA,DATE_ENTRY,ID_PRODUCTION_DAILY) values (4,8,'PLANT GRESIK',4,null,null,null,null);
Insert into QMUSER.V_DASHBOARD (ID_COMPANY,ID_PLANT,NM_PLANT,ID_GROUPAREA,ID_AREA,DATE_DATA,DATE_ENTRY,ID_PRODUCTION_DAILY) values (4,8,'PLANT GRESIK',6,null,null,null,null);
Insert into QMUSER.V_DASHBOARD (ID_COMPANY,ID_PLANT,NM_PLANT,ID_GROUPAREA,ID_AREA,DATE_DATA,DATE_ENTRY,ID_PRODUCTION_DAILY) values (4,8,'PLANT GRESIK',7,null,null,null,null);
Insert into QMUSER.V_DASHBOARD (ID_COMPANY,ID_PLANT,NM_PLANT,ID_GROUPAREA,ID_AREA,DATE_DATA,DATE_ENTRY,ID_PRODUCTION_DAILY) values (4,8,'PLANT GRESIK',21,null,null,null,null);
Insert into QMUSER.V_DASHBOARD (ID_COMPANY,ID_PLANT,NM_PLANT,ID_GROUPAREA,ID_AREA,DATE_DATA,DATE_ENTRY,ID_PRODUCTION_DAILY) values (4,8,'PLANT GRESIK',1,66,null,null,null);
Insert into QMUSER.V_DASHBOARD (ID_COMPANY,ID_PLANT,NM_PLANT,ID_GROUPAREA,ID_AREA,DATE_DATA,DATE_ENTRY,ID_PRODUCTION_DAILY) values (4,8,'PLANT GRESIK',1,65,null,null,null);
Insert into QMUSER.V_DASHBOARD (ID_COMPANY,ID_PLANT,NM_PLANT,ID_GROUPAREA,ID_AREA,DATE_DATA,DATE_ENTRY,ID_PRODUCTION_DAILY) values (4,8,'PLANT GRESIK',1,64,null,null,null);
Insert into QMUSER.V_DASHBOARD (ID_COMPANY,ID_PLANT,NM_PLANT,ID_GROUPAREA,ID_AREA,DATE_DATA,DATE_ENTRY,ID_PRODUCTION_DAILY) values (4,8,'PLANT GRESIK',1,67,null,null,null);
Insert into QMUSER.V_DASHBOARD (ID_COMPANY,ID_PLANT,NM_PLANT,ID_GROUPAREA,ID_AREA,DATE_DATA,DATE_ENTRY,ID_PRODUCTION_DAILY) values (4,8,'PLANT GRESIK',2,null,null,null,null);
Insert into QMUSER.V_DASHBOARD (ID_COMPANY,ID_PLANT,NM_PLANT,ID_GROUPAREA,ID_AREA,DATE_DATA,DATE_ENTRY,ID_PRODUCTION_DAILY) values (4,8,'PLANT GRESIK',3,null,null,null,null);
Insert into QMUSER.V_DASHBOARD (ID_COMPANY,ID_PLANT,NM_PLANT,ID_GROUPAREA,ID_AREA,DATE_DATA,DATE_ENTRY,ID_PRODUCTION_DAILY) values (4,8,'PLANT GRESIK',4,null,null,null,null);
Insert into QMUSER.V_DASHBOARD (ID_COMPANY,ID_PLANT,NM_PLANT,ID_GROUPAREA,ID_AREA,DATE_DATA,DATE_ENTRY,ID_PRODUCTION_DAILY) values (4,8,'PLANT GRESIK',6,null,null,null,null);
Insert into QMUSER.V_DASHBOARD (ID_COMPANY,ID_PLANT,NM_PLANT,ID_GROUPAREA,ID_AREA,DATE_DATA,DATE_ENTRY,ID_PRODUCTION_DAILY) values (4,8,'PLANT GRESIK',7,null,null,null,null);
Insert into QMUSER.V_DASHBOARD (ID_COMPANY,ID_PLANT,NM_PLANT,ID_GROUPAREA,ID_AREA,DATE_DATA,DATE_ENTRY,ID_PRODUCTION_DAILY) values (4,8,'PLANT GRESIK',21,null,null,null,null);
Insert into QMUSER.V_DASHBOARD (ID_COMPANY,ID_PLANT,NM_PLANT,ID_GROUPAREA,ID_AREA,DATE_DATA,DATE_ENTRY,ID_PRODUCTION_DAILY) values (4,8,'PLANT GRESIK',1,66,null,null,null);
Insert into QMUSER.V_DASHBOARD (ID_COMPANY,ID_PLANT,NM_PLANT,ID_GROUPAREA,ID_AREA,DATE_DATA,DATE_ENTRY,ID_PRODUCTION_DAILY) values (4,8,'PLANT GRESIK',1,65,null,null,null);
Insert into QMUSER.V_DASHBOARD (ID_COMPANY,ID_PLANT,NM_PLANT,ID_GROUPAREA,ID_AREA,DATE_DATA,DATE_ENTRY,ID_PRODUCTION_DAILY) values (4,8,'PLANT GRESIK',1,64,null,null,null);
Insert into QMUSER.V_DASHBOARD (ID_COMPANY,ID_PLANT,NM_PLANT,ID_GROUPAREA,ID_AREA,DATE_DATA,DATE_ENTRY,ID_PRODUCTION_DAILY) values (4,8,'PLANT GRESIK',1,67,null,null,null);
Insert into QMUSER.V_DASHBOARD (ID_COMPANY,ID_PLANT,NM_PLANT,ID_GROUPAREA,ID_AREA,DATE_DATA,DATE_ENTRY,ID_PRODUCTION_DAILY) values (4,8,'PLANT GRESIK',2,null,null,null,null);
Insert into QMUSER.V_DASHBOARD (ID_COMPANY,ID_PLANT,NM_PLANT,ID_GROUPAREA,ID_AREA,DATE_DATA,DATE_ENTRY,ID_PRODUCTION_DAILY) values (4,8,'PLANT GRESIK',3,null,null,null,null);
Insert into QMUSER.V_DASHBOARD (ID_COMPANY,ID_PLANT,NM_PLANT,ID_GROUPAREA,ID_AREA,DATE_DATA,DATE_ENTRY,ID_PRODUCTION_DAILY) values (4,8,'PLANT GRESIK',4,null,null,null,null);
Insert into QMUSER.V_DASHBOARD (ID_COMPANY,ID_PLANT,NM_PLANT,ID_GROUPAREA,ID_AREA,DATE_DATA,DATE_ENTRY,ID_PRODUCTION_DAILY) values (4,8,'PLANT GRESIK',6,null,null,null,null);
Insert into QMUSER.V_DASHBOARD (ID_COMPANY,ID_PLANT,NM_PLANT,ID_GROUPAREA,ID_AREA,DATE_DATA,DATE_ENTRY,ID_PRODUCTION_DAILY) values (4,8,'PLANT GRESIK',7,null,null,null,null);
Insert into QMUSER.V_DASHBOARD (ID_COMPANY,ID_PLANT,NM_PLANT,ID_GROUPAREA,ID_AREA,DATE_DATA,DATE_ENTRY,ID_PRODUCTION_DAILY) values (4,8,'PLANT GRESIK',21,null,null,null,null);
Insert into QMUSER.V_DASHBOARD (ID_COMPANY,ID_PLANT,NM_PLANT,ID_GROUPAREA,ID_AREA,DATE_DATA,DATE_ENTRY,ID_PRODUCTION_DAILY) values (4,8,'PLANT GRESIK',1,66,null,null,null);
Insert into QMUSER.V_DASHBOARD (ID_COMPANY,ID_PLANT,NM_PLANT,ID_GROUPAREA,ID_AREA,DATE_DATA,DATE_ENTRY,ID_PRODUCTION_DAILY) values (4,8,'PLANT GRESIK',1,65,null,null,null);
Insert into QMUSER.V_DASHBOARD (ID_COMPANY,ID_PLANT,NM_PLANT,ID_GROUPAREA,ID_AREA,DATE_DATA,DATE_ENTRY,ID_PRODUCTION_DAILY) values (4,8,'PLANT GRESIK',1,64,null,null,null);
Insert into QMUSER.V_DASHBOARD (ID_COMPANY,ID_PLANT,NM_PLANT,ID_GROUPAREA,ID_AREA,DATE_DATA,DATE_ENTRY,ID_PRODUCTION_DAILY) values (4,8,'PLANT GRESIK',1,67,null,null,null);
Insert into QMUSER.V_DASHBOARD (ID_COMPANY,ID_PLANT,NM_PLANT,ID_GROUPAREA,ID_AREA,DATE_DATA,DATE_ENTRY,ID_PRODUCTION_DAILY) values (4,8,'PLANT GRESIK',2,null,null,null,null);
Insert into QMUSER.V_DASHBOARD (ID_COMPANY,ID_PLANT,NM_PLANT,ID_GROUPAREA,ID_AREA,DATE_DATA,DATE_ENTRY,ID_PRODUCTION_DAILY) values (4,8,'PLANT GRESIK',3,null,null,null,null);
Insert into QMUSER.V_DASHBOARD (ID_COMPANY,ID_PLANT,NM_PLANT,ID_GROUPAREA,ID_AREA,DATE_DATA,DATE_ENTRY,ID_PRODUCTION_DAILY) values (4,8,'PLANT GRESIK',4,null,null,null,null);
Insert into QMUSER.V_DASHBOARD (ID_COMPANY,ID_PLANT,NM_PLANT,ID_GROUPAREA,ID_AREA,DATE_DATA,DATE_ENTRY,ID_PRODUCTION_DAILY) values (4,8,'PLANT GRESIK',6,null,null,null,null);
Insert into QMUSER.V_DASHBOARD (ID_COMPANY,ID_PLANT,NM_PLANT,ID_GROUPAREA,ID_AREA,DATE_DATA,DATE_ENTRY,ID_PRODUCTION_DAILY) values (4,8,'PLANT GRESIK',7,null,null,null,null);
Insert into QMUSER.V_DASHBOARD (ID_COMPANY,ID_PLANT,NM_PLANT,ID_GROUPAREA,ID_AREA,DATE_DATA,DATE_ENTRY,ID_PRODUCTION_DAILY) values (4,8,'PLANT GRESIK',21,null,null,null,null);
Insert into QMUSER.V_DASHBOARD (ID_COMPANY,ID_PLANT,NM_PLANT,ID_GROUPAREA,ID_AREA,DATE_DATA,DATE_ENTRY,ID_PRODUCTION_DAILY) values (4,9,'TUBAN I',1,62,null,null,null);
Insert into QMUSER.V_DASHBOARD (ID_COMPANY,ID_PLANT,NM_PLANT,ID_GROUPAREA,ID_AREA,DATE_DATA,DATE_ENTRY,ID_PRODUCTION_DAILY) values (4,9,'TUBAN I',1,63,null,null,null);
Insert into QMUSER.V_DASHBOARD (ID_COMPANY,ID_PLANT,NM_PLANT,ID_GROUPAREA,ID_AREA,DATE_DATA,DATE_ENTRY,ID_PRODUCTION_DAILY) values (4,9,'TUBAN I',1,61,null,null,null);
Insert into QMUSER.V_DASHBOARD (ID_COMPANY,ID_PLANT,NM_PLANT,ID_GROUPAREA,ID_AREA,DATE_DATA,DATE_ENTRY,ID_PRODUCTION_DAILY) values (4,9,'TUBAN I',2,null,null,null,null);
Insert into QMUSER.V_DASHBOARD (ID_COMPANY,ID_PLANT,NM_PLANT,ID_GROUPAREA,ID_AREA,DATE_DATA,DATE_ENTRY,ID_PRODUCTION_DAILY) values (4,9,'TUBAN I',3,null,null,null,null);
Insert into QMUSER.V_DASHBOARD (ID_COMPANY,ID_PLANT,NM_PLANT,ID_GROUPAREA,ID_AREA,DATE_DATA,DATE_ENTRY,ID_PRODUCTION_DAILY) values (4,9,'TUBAN I',4,null,null,null,null);
Insert into QMUSER.V_DASHBOARD (ID_COMPANY,ID_PLANT,NM_PLANT,ID_GROUPAREA,ID_AREA,DATE_DATA,DATE_ENTRY,ID_PRODUCTION_DAILY) values (4,9,'TUBAN I',6,null,null,null,null);
Insert into QMUSER.V_DASHBOARD (ID_COMPANY,ID_PLANT,NM_PLANT,ID_GROUPAREA,ID_AREA,DATE_DATA,DATE_ENTRY,ID_PRODUCTION_DAILY) values (4,9,'TUBAN I',7,null,null,null,null);
Insert into QMUSER.V_DASHBOARD (ID_COMPANY,ID_PLANT,NM_PLANT,ID_GROUPAREA,ID_AREA,DATE_DATA,DATE_ENTRY,ID_PRODUCTION_DAILY) values (4,9,'TUBAN I',21,null,null,null,null);
Insert into QMUSER.V_DASHBOARD (ID_COMPANY,ID_PLANT,NM_PLANT,ID_GROUPAREA,ID_AREA,DATE_DATA,DATE_ENTRY,ID_PRODUCTION_DAILY) values (4,9,'TUBAN I',1,62,null,null,null);
Insert into QMUSER.V_DASHBOARD (ID_COMPANY,ID_PLANT,NM_PLANT,ID_GROUPAREA,ID_AREA,DATE_DATA,DATE_ENTRY,ID_PRODUCTION_DAILY) values (4,9,'TUBAN I',1,63,null,null,null);
Insert into QMUSER.V_DASHBOARD (ID_COMPANY,ID_PLANT,NM_PLANT,ID_GROUPAREA,ID_AREA,DATE_DATA,DATE_ENTRY,ID_PRODUCTION_DAILY) values (4,9,'TUBAN I',1,61,null,null,null);
Insert into QMUSER.V_DASHBOARD (ID_COMPANY,ID_PLANT,NM_PLANT,ID_GROUPAREA,ID_AREA,DATE_DATA,DATE_ENTRY,ID_PRODUCTION_DAILY) values (4,9,'TUBAN I',2,null,null,null,null);
Insert into QMUSER.V_DASHBOARD (ID_COMPANY,ID_PLANT,NM_PLANT,ID_GROUPAREA,ID_AREA,DATE_DATA,DATE_ENTRY,ID_PRODUCTION_DAILY) values (4,9,'TUBAN I',3,null,null,null,null);
Insert into QMUSER.V_DASHBOARD (ID_COMPANY,ID_PLANT,NM_PLANT,ID_GROUPAREA,ID_AREA,DATE_DATA,DATE_ENTRY,ID_PRODUCTION_DAILY) values (4,9,'TUBAN I',4,null,null,null,null);
Insert into QMUSER.V_DASHBOARD (ID_COMPANY,ID_PLANT,NM_PLANT,ID_GROUPAREA,ID_AREA,DATE_DATA,DATE_ENTRY,ID_PRODUCTION_DAILY) values (4,9,'TUBAN I',6,null,null,null,null);
Insert into QMUSER.V_DASHBOARD (ID_COMPANY,ID_PLANT,NM_PLANT,ID_GROUPAREA,ID_AREA,DATE_DATA,DATE_ENTRY,ID_PRODUCTION_DAILY) values (4,9,'TUBAN I',7,null,null,null,null);
Insert into QMUSER.V_DASHBOARD (ID_COMPANY,ID_PLANT,NM_PLANT,ID_GROUPAREA,ID_AREA,DATE_DATA,DATE_ENTRY,ID_PRODUCTION_DAILY) values (4,9,'TUBAN I',21,null,null,null,null);
Insert into QMUSER.V_DASHBOARD (ID_COMPANY,ID_PLANT,NM_PLANT,ID_GROUPAREA,ID_AREA,DATE_DATA,DATE_ENTRY,ID_PRODUCTION_DAILY) values (4,9,'TUBAN I',1,62,null,null,null);
Insert into QMUSER.V_DASHBOARD (ID_COMPANY,ID_PLANT,NM_PLANT,ID_GROUPAREA,ID_AREA,DATE_DATA,DATE_ENTRY,ID_PRODUCTION_DAILY) values (4,9,'TUBAN I',1,63,null,null,null);
Insert into QMUSER.V_DASHBOARD (ID_COMPANY,ID_PLANT,NM_PLANT,ID_GROUPAREA,ID_AREA,DATE_DATA,DATE_ENTRY,ID_PRODUCTION_DAILY) values (4,9,'TUBAN I',1,61,null,null,null);
Insert into QMUSER.V_DASHBOARD (ID_COMPANY,ID_PLANT,NM_PLANT,ID_GROUPAREA,ID_AREA,DATE_DATA,DATE_ENTRY,ID_PRODUCTION_DAILY) values (4,9,'TUBAN I',2,null,null,null,null);
Insert into QMUSER.V_DASHBOARD (ID_COMPANY,ID_PLANT,NM_PLANT,ID_GROUPAREA,ID_AREA,DATE_DATA,DATE_ENTRY,ID_PRODUCTION_DAILY) values (4,9,'TUBAN I',3,null,null,null,null);
Insert into QMUSER.V_DASHBOARD (ID_COMPANY,ID_PLANT,NM_PLANT,ID_GROUPAREA,ID_AREA,DATE_DATA,DATE_ENTRY,ID_PRODUCTION_DAILY) values (4,9,'TUBAN I',4,null,null,null,null);
Insert into QMUSER.V_DASHBOARD (ID_COMPANY,ID_PLANT,NM_PLANT,ID_GROUPAREA,ID_AREA,DATE_DATA,DATE_ENTRY,ID_PRODUCTION_DAILY) values (4,9,'TUBAN I',6,null,null,null,null);
Insert into QMUSER.V_DASHBOARD (ID_COMPANY,ID_PLANT,NM_PLANT,ID_GROUPAREA,ID_AREA,DATE_DATA,DATE_ENTRY,ID_PRODUCTION_DAILY) values (4,9,'TUBAN I',7,null,null,null,null);
Insert into QMUSER.V_DASHBOARD (ID_COMPANY,ID_PLANT,NM_PLANT,ID_GROUPAREA,ID_AREA,DATE_DATA,DATE_ENTRY,ID_PRODUCTION_DAILY) values (4,9,'TUBAN I',21,null,null,null,null);
Insert into QMUSER.V_DASHBOARD (ID_COMPANY,ID_PLANT,NM_PLANT,ID_GROUPAREA,ID_AREA,DATE_DATA,DATE_ENTRY,ID_PRODUCTION_DAILY) values (4,9,'TUBAN I',1,62,null,null,null);
Insert into QMUSER.V_DASHBOARD (ID_COMPANY,ID_PLANT,NM_PLANT,ID_GROUPAREA,ID_AREA,DATE_DATA,DATE_ENTRY,ID_PRODUCTION_DAILY) values (4,9,'TUBAN I',1,63,null,null,null);
Insert into QMUSER.V_DASHBOARD (ID_COMPANY,ID_PLANT,NM_PLANT,ID_GROUPAREA,ID_AREA,DATE_DATA,DATE_ENTRY,ID_PRODUCTION_DAILY) values (4,9,'TUBAN I',1,61,null,null,null);
Insert into QMUSER.V_DASHBOARD (ID_COMPANY,ID_PLANT,NM_PLANT,ID_GROUPAREA,ID_AREA,DATE_DATA,DATE_ENTRY,ID_PRODUCTION_DAILY) values (4,9,'TUBAN I',2,null,null,null,null);
Insert into QMUSER.V_DASHBOARD (ID_COMPANY,ID_PLANT,NM_PLANT,ID_GROUPAREA,ID_AREA,DATE_DATA,DATE_ENTRY,ID_PRODUCTION_DAILY) values (4,9,'TUBAN I',3,null,null,null,null);
Insert into QMUSER.V_DASHBOARD (ID_COMPANY,ID_PLANT,NM_PLANT,ID_GROUPAREA,ID_AREA,DATE_DATA,DATE_ENTRY,ID_PRODUCTION_DAILY) values (4,9,'TUBAN I',4,null,null,null,null);
Insert into QMUSER.V_DASHBOARD (ID_COMPANY,ID_PLANT,NM_PLANT,ID_GROUPAREA,ID_AREA,DATE_DATA,DATE_ENTRY,ID_PRODUCTION_DAILY) values (4,9,'TUBAN I',6,null,null,null,null);
Insert into QMUSER.V_DASHBOARD (ID_COMPANY,ID_PLANT,NM_PLANT,ID_GROUPAREA,ID_AREA,DATE_DATA,DATE_ENTRY,ID_PRODUCTION_DAILY) values (4,9,'TUBAN I',7,null,null,null,null);
Insert into QMUSER.V_DASHBOARD (ID_COMPANY,ID_PLANT,NM_PLANT,ID_GROUPAREA,ID_AREA,DATE_DATA,DATE_ENTRY,ID_PRODUCTION_DAILY) values (4,9,'TUBAN I',21,null,null,null,null);
Insert into QMUSER.V_DASHBOARD (ID_COMPANY,ID_PLANT,NM_PLANT,ID_GROUPAREA,ID_AREA,DATE_DATA,DATE_ENTRY,ID_PRODUCTION_DAILY) values (4,9,'TUBAN I',1,62,null,null,null);
Insert into QMUSER.V_DASHBOARD (ID_COMPANY,ID_PLANT,NM_PLANT,ID_GROUPAREA,ID_AREA,DATE_DATA,DATE_ENTRY,ID_PRODUCTION_DAILY) values (4,9,'TUBAN I',1,63,null,null,null);
Insert into QMUSER.V_DASHBOARD (ID_COMPANY,ID_PLANT,NM_PLANT,ID_GROUPAREA,ID_AREA,DATE_DATA,DATE_ENTRY,ID_PRODUCTION_DAILY) values (4,9,'TUBAN I',1,61,null,null,null);
Insert into QMUSER.V_DASHBOARD (ID_COMPANY,ID_PLANT,NM_PLANT,ID_GROUPAREA,ID_AREA,DATE_DATA,DATE_ENTRY,ID_PRODUCTION_DAILY) values (4,9,'TUBAN I',2,null,null,null,null);
Insert into QMUSER.V_DASHBOARD (ID_COMPANY,ID_PLANT,NM_PLANT,ID_GROUPAREA,ID_AREA,DATE_DATA,DATE_ENTRY,ID_PRODUCTION_DAILY) values (4,9,'TUBAN I',3,null,null,null,null);
Insert into QMUSER.V_DASHBOARD (ID_COMPANY,ID_PLANT,NM_PLANT,ID_GROUPAREA,ID_AREA,DATE_DATA,DATE_ENTRY,ID_PRODUCTION_DAILY) values (4,9,'TUBAN I',4,null,null,null,null);
Insert into QMUSER.V_DASHBOARD (ID_COMPANY,ID_PLANT,NM_PLANT,ID_GROUPAREA,ID_AREA,DATE_DATA,DATE_ENTRY,ID_PRODUCTION_DAILY) values (4,9,'TUBAN I',6,null,null,null,null);
Insert into QMUSER.V_DASHBOARD (ID_COMPANY,ID_PLANT,NM_PLANT,ID_GROUPAREA,ID_AREA,DATE_DATA,DATE_ENTRY,ID_PRODUCTION_DAILY) values (4,9,'TUBAN I',7,null,null,null,null);
Insert into QMUSER.V_DASHBOARD (ID_COMPANY,ID_PLANT,NM_PLANT,ID_GROUPAREA,ID_AREA,DATE_DATA,DATE_ENTRY,ID_PRODUCTION_DAILY) values (4,9,'TUBAN I',21,null,null,null,null);
Insert into QMUSER.V_DASHBOARD (ID_COMPANY,ID_PLANT,NM_PLANT,ID_GROUPAREA,ID_AREA,DATE_DATA,DATE_ENTRY,ID_PRODUCTION_DAILY) values (4,9,'TUBAN I',1,62,null,null,null);
Insert into QMUSER.V_DASHBOARD (ID_COMPANY,ID_PLANT,NM_PLANT,ID_GROUPAREA,ID_AREA,DATE_DATA,DATE_ENTRY,ID_PRODUCTION_DAILY) values (4,9,'TUBAN I',1,63,null,null,null);
Insert into QMUSER.V_DASHBOARD (ID_COMPANY,ID_PLANT,NM_PLANT,ID_GROUPAREA,ID_AREA,DATE_DATA,DATE_ENTRY,ID_PRODUCTION_DAILY) values (4,9,'TUBAN I',1,61,null,null,null);
Insert into QMUSER.V_DASHBOARD (ID_COMPANY,ID_PLANT,NM_PLANT,ID_GROUPAREA,ID_AREA,DATE_DATA,DATE_ENTRY,ID_PRODUCTION_DAILY) values (4,9,'TUBAN I',2,null,null,null,null);
Insert into QMUSER.V_DASHBOARD (ID_COMPANY,ID_PLANT,NM_PLANT,ID_GROUPAREA,ID_AREA,DATE_DATA,DATE_ENTRY,ID_PRODUCTION_DAILY) values (4,9,'TUBAN I',3,null,null,null,null);
Insert into QMUSER.V_DASHBOARD (ID_COMPANY,ID_PLANT,NM_PLANT,ID_GROUPAREA,ID_AREA,DATE_DATA,DATE_ENTRY,ID_PRODUCTION_DAILY) values (4,9,'TUBAN I',4,null,null,null,null);
Insert into QMUSER.V_DASHBOARD (ID_COMPANY,ID_PLANT,NM_PLANT,ID_GROUPAREA,ID_AREA,DATE_DATA,DATE_ENTRY,ID_PRODUCTION_DAILY) values (4,9,'TUBAN I',6,null,null,null,null);
Insert into QMUSER.V_DASHBOARD (ID_COMPANY,ID_PLANT,NM_PLANT,ID_GROUPAREA,ID_AREA,DATE_DATA,DATE_ENTRY,ID_PRODUCTION_DAILY) values (4,9,'TUBAN I',7,null,null,null,null);
Insert into QMUSER.V_DASHBOARD (ID_COMPANY,ID_PLANT,NM_PLANT,ID_GROUPAREA,ID_AREA,DATE_DATA,DATE_ENTRY,ID_PRODUCTION_DAILY) values (4,9,'TUBAN I',21,null,null,null,null);
Insert into QMUSER.V_DASHBOARD (ID_COMPANY,ID_PLANT,NM_PLANT,ID_GROUPAREA,ID_AREA,DATE_DATA,DATE_ENTRY,ID_PRODUCTION_DAILY) values (4,9,'TUBAN I',1,62,null,null,null);
Insert into QMUSER.V_DASHBOARD (ID_COMPANY,ID_PLANT,NM_PLANT,ID_GROUPAREA,ID_AREA,DATE_DATA,DATE_ENTRY,ID_PRODUCTION_DAILY) values (4,9,'TUBAN I',1,63,null,null,null);
Insert into QMUSER.V_DASHBOARD (ID_COMPANY,ID_PLANT,NM_PLANT,ID_GROUPAREA,ID_AREA,DATE_DATA,DATE_ENTRY,ID_PRODUCTION_DAILY) values (4,9,'TUBAN I',1,61,null,null,null);
Insert into QMUSER.V_DASHBOARD (ID_COMPANY,ID_PLANT,NM_PLANT,ID_GROUPAREA,ID_AREA,DATE_DATA,DATE_ENTRY,ID_PRODUCTION_DAILY) values (4,9,'TUBAN I',2,null,null,null,null);
Insert into QMUSER.V_DASHBOARD (ID_COMPANY,ID_PLANT,NM_PLANT,ID_GROUPAREA,ID_AREA,DATE_DATA,DATE_ENTRY,ID_PRODUCTION_DAILY) values (4,9,'TUBAN I',3,null,null,null,null);
Insert into QMUSER.V_DASHBOARD (ID_COMPANY,ID_PLANT,NM_PLANT,ID_GROUPAREA,ID_AREA,DATE_DATA,DATE_ENTRY,ID_PRODUCTION_DAILY) values (4,9,'TUBAN I',4,null,null,null,null);
Insert into QMUSER.V_DASHBOARD (ID_COMPANY,ID_PLANT,NM_PLANT,ID_GROUPAREA,ID_AREA,DATE_DATA,DATE_ENTRY,ID_PRODUCTION_DAILY) values (4,9,'TUBAN I',6,null,null,null,null);
Insert into QMUSER.V_DASHBOARD (ID_COMPANY,ID_PLANT,NM_PLANT,ID_GROUPAREA,ID_AREA,DATE_DATA,DATE_ENTRY,ID_PRODUCTION_DAILY) values (4,9,'TUBAN I',7,null,null,null,null);
Insert into QMUSER.V_DASHBOARD (ID_COMPANY,ID_PLANT,NM_PLANT,ID_GROUPAREA,ID_AREA,DATE_DATA,DATE_ENTRY,ID_PRODUCTION_DAILY) values (4,9,'TUBAN I',21,null,null,null,null);
Insert into QMUSER.V_DASHBOARD (ID_COMPANY,ID_PLANT,NM_PLANT,ID_GROUPAREA,ID_AREA,DATE_DATA,DATE_ENTRY,ID_PRODUCTION_DAILY) values (4,9,'TUBAN I',1,62,null,null,null);
Insert into QMUSER.V_DASHBOARD (ID_COMPANY,ID_PLANT,NM_PLANT,ID_GROUPAREA,ID_AREA,DATE_DATA,DATE_ENTRY,ID_PRODUCTION_DAILY) values (4,9,'TUBAN I',1,63,null,null,null);
Insert into QMUSER.V_DASHBOARD (ID_COMPANY,ID_PLANT,NM_PLANT,ID_GROUPAREA,ID_AREA,DATE_DATA,DATE_ENTRY,ID_PRODUCTION_DAILY) values (4,9,'TUBAN I',1,61,null,null,null);
Insert into QMUSER.V_DASHBOARD (ID_COMPANY,ID_PLANT,NM_PLANT,ID_GROUPAREA,ID_AREA,DATE_DATA,DATE_ENTRY,ID_PRODUCTION_DAILY) values (4,9,'TUBAN I',2,null,null,null,null);
Insert into QMUSER.V_DASHBOARD (ID_COMPANY,ID_PLANT,NM_PLANT,ID_GROUPAREA,ID_AREA,DATE_DATA,DATE_ENTRY,ID_PRODUCTION_DAILY) values (4,9,'TUBAN I',3,null,null,null,null);
Insert into QMUSER.V_DASHBOARD (ID_COMPANY,ID_PLANT,NM_PLANT,ID_GROUPAREA,ID_AREA,DATE_DATA,DATE_ENTRY,ID_PRODUCTION_DAILY) values (4,9,'TUBAN I',4,null,null,null,null);
Insert into QMUSER.V_DASHBOARD (ID_COMPANY,ID_PLANT,NM_PLANT,ID_GROUPAREA,ID_AREA,DATE_DATA,DATE_ENTRY,ID_PRODUCTION_DAILY) values (4,9,'TUBAN I',6,null,null,null,null);
Insert into QMUSER.V_DASHBOARD (ID_COMPANY,ID_PLANT,NM_PLANT,ID_GROUPAREA,ID_AREA,DATE_DATA,DATE_ENTRY,ID_PRODUCTION_DAILY) values (4,9,'TUBAN I',7,null,null,null,null);
Insert into QMUSER.V_DASHBOARD (ID_COMPANY,ID_PLANT,NM_PLANT,ID_GROUPAREA,ID_AREA,DATE_DATA,DATE_ENTRY,ID_PRODUCTION_DAILY) values (4,9,'TUBAN I',21,null,null,null,null);
Insert into QMUSER.V_DASHBOARD (ID_COMPANY,ID_PLANT,NM_PLANT,ID_GROUPAREA,ID_AREA,DATE_DATA,DATE_ENTRY,ID_PRODUCTION_DAILY) values (4,9,'TUBAN I',1,62,null,null,null);
Insert into QMUSER.V_DASHBOARD (ID_COMPANY,ID_PLANT,NM_PLANT,ID_GROUPAREA,ID_AREA,DATE_DATA,DATE_ENTRY,ID_PRODUCTION_DAILY) values (4,9,'TUBAN I',1,63,null,null,null);
Insert into QMUSER.V_DASHBOARD (ID_COMPANY,ID_PLANT,NM_PLANT,ID_GROUPAREA,ID_AREA,DATE_DATA,DATE_ENTRY,ID_PRODUCTION_DAILY) values (4,9,'TUBAN I',1,61,null,null,null);
Insert into QMUSER.V_DASHBOARD (ID_COMPANY,ID_PLANT,NM_PLANT,ID_GROUPAREA,ID_AREA,DATE_DATA,DATE_ENTRY,ID_PRODUCTION_DAILY) values (4,9,'TUBAN I',2,null,null,null,null);
Insert into QMUSER.V_DASHBOARD (ID_COMPANY,ID_PLANT,NM_PLANT,ID_GROUPAREA,ID_AREA,DATE_DATA,DATE_ENTRY,ID_PRODUCTION_DAILY) values (4,9,'TUBAN I',3,null,null,null,null);
Insert into QMUSER.V_DASHBOARD (ID_COMPANY,ID_PLANT,NM_PLANT,ID_GROUPAREA,ID_AREA,DATE_DATA,DATE_ENTRY,ID_PRODUCTION_DAILY) values (4,9,'TUBAN I',4,null,null,null,null);
Insert into QMUSER.V_DASHBOARD (ID_COMPANY,ID_PLANT,NM_PLANT,ID_GROUPAREA,ID_AREA,DATE_DATA,DATE_ENTRY,ID_PRODUCTION_DAILY) values (4,9,'TUBAN I',6,null,null,null,null);
Insert into QMUSER.V_DASHBOARD (ID_COMPANY,ID_PLANT,NM_PLANT,ID_GROUPAREA,ID_AREA,DATE_DATA,DATE_ENTRY,ID_PRODUCTION_DAILY) values (4,9,'TUBAN I',7,null,null,null,null);
Insert into QMUSER.V_DASHBOARD (ID_COMPANY,ID_PLANT,NM_PLANT,ID_GROUPAREA,ID_AREA,DATE_DATA,DATE_ENTRY,ID_PRODUCTION_DAILY) values (4,9,'TUBAN I',21,null,null,null,null);
Insert into QMUSER.V_DASHBOARD (ID_COMPANY,ID_PLANT,NM_PLANT,ID_GROUPAREA,ID_AREA,DATE_DATA,DATE_ENTRY,ID_PRODUCTION_DAILY) values (4,9,'TUBAN I',1,62,null,null,null);
Insert into QMUSER.V_DASHBOARD (ID_COMPANY,ID_PLANT,NM_PLANT,ID_GROUPAREA,ID_AREA,DATE_DATA,DATE_ENTRY,ID_PRODUCTION_DAILY) values (4,9,'TUBAN I',1,63,null,null,null);
Insert into QMUSER.V_DASHBOARD (ID_COMPANY,ID_PLANT,NM_PLANT,ID_GROUPAREA,ID_AREA,DATE_DATA,DATE_ENTRY,ID_PRODUCTION_DAILY) values (4,9,'TUBAN I',1,61,null,null,null);
Insert into QMUSER.V_DASHBOARD (ID_COMPANY,ID_PLANT,NM_PLANT,ID_GROUPAREA,ID_AREA,DATE_DATA,DATE_ENTRY,ID_PRODUCTION_DAILY) values (4,9,'TUBAN I',2,null,null,null,null);
Insert into QMUSER.V_DASHBOARD (ID_COMPANY,ID_PLANT,NM_PLANT,ID_GROUPAREA,ID_AREA,DATE_DATA,DATE_ENTRY,ID_PRODUCTION_DAILY) values (4,9,'TUBAN I',3,null,null,null,null);
Insert into QMUSER.V_DASHBOARD (ID_COMPANY,ID_PLANT,NM_PLANT,ID_GROUPAREA,ID_AREA,DATE_DATA,DATE_ENTRY,ID_PRODUCTION_DAILY) values (4,9,'TUBAN I',4,null,null,null,null);
Insert into QMUSER.V_DASHBOARD (ID_COMPANY,ID_PLANT,NM_PLANT,ID_GROUPAREA,ID_AREA,DATE_DATA,DATE_ENTRY,ID_PRODUCTION_DAILY) values (4,9,'TUBAN I',6,null,null,null,null);
Insert into QMUSER.V_DASHBOARD (ID_COMPANY,ID_PLANT,NM_PLANT,ID_GROUPAREA,ID_AREA,DATE_DATA,DATE_ENTRY,ID_PRODUCTION_DAILY) values (4,9,'TUBAN I',7,null,null,null,null);
Insert into QMUSER.V_DASHBOARD (ID_COMPANY,ID_PLANT,NM_PLANT,ID_GROUPAREA,ID_AREA,DATE_DATA,DATE_ENTRY,ID_PRODUCTION_DAILY) values (4,9,'TUBAN I',21,null,null,null,null);
Insert into QMUSER.V_DASHBOARD (ID_COMPANY,ID_PLANT,NM_PLANT,ID_GROUPAREA,ID_AREA,DATE_DATA,DATE_ENTRY,ID_PRODUCTION_DAILY) values (4,9,'TUBAN I',1,62,null,null,null);
Insert into QMUSER.V_DASHBOARD (ID_COMPANY,ID_PLANT,NM_PLANT,ID_GROUPAREA,ID_AREA,DATE_DATA,DATE_ENTRY,ID_PRODUCTION_DAILY) values (4,9,'TUBAN I',1,63,null,null,null);
Insert into QMUSER.V_DASHBOARD (ID_COMPANY,ID_PLANT,NM_PLANT,ID_GROUPAREA,ID_AREA,DATE_DATA,DATE_ENTRY,ID_PRODUCTION_DAILY) values (4,9,'TUBAN I',1,61,null,null,null);
Insert into QMUSER.V_DASHBOARD (ID_COMPANY,ID_PLANT,NM_PLANT,ID_GROUPAREA,ID_AREA,DATE_DATA,DATE_ENTRY,ID_PRODUCTION_DAILY) values (4,9,'TUBAN I',2,null,null,null,null);
Insert into QMUSER.V_DASHBOARD (ID_COMPANY,ID_PLANT,NM_PLANT,ID_GROUPAREA,ID_AREA,DATE_DATA,DATE_ENTRY,ID_PRODUCTION_DAILY) values (4,9,'TUBAN I',3,null,null,null,null);
Insert into QMUSER.V_DASHBOARD (ID_COMPANY,ID_PLANT,NM_PLANT,ID_GROUPAREA,ID_AREA,DATE_DATA,DATE_ENTRY,ID_PRODUCTION_DAILY) values (4,9,'TUBAN I',4,null,null,null,null);
Insert into QMUSER.V_DASHBOARD (ID_COMPANY,ID_PLANT,NM_PLANT,ID_GROUPAREA,ID_AREA,DATE_DATA,DATE_ENTRY,ID_PRODUCTION_DAILY) values (4,9,'TUBAN I',6,null,null,null,null);
Insert into QMUSER.V_DASHBOARD (ID_COMPANY,ID_PLANT,NM_PLANT,ID_GROUPAREA,ID_AREA,DATE_DATA,DATE_ENTRY,ID_PRODUCTION_DAILY) values (4,9,'TUBAN I',7,null,null,null,null);
Insert into QMUSER.V_DASHBOARD (ID_COMPANY,ID_PLANT,NM_PLANT,ID_GROUPAREA,ID_AREA,DATE_DATA,DATE_ENTRY,ID_PRODUCTION_DAILY) values (4,9,'TUBAN I',21,null,null,null,null);
Insert into QMUSER.V_DASHBOARD (ID_COMPANY,ID_PLANT,NM_PLANT,ID_GROUPAREA,ID_AREA,DATE_DATA,DATE_ENTRY,ID_PRODUCTION_DAILY) values (4,9,'TUBAN I',1,62,null,null,null);
Insert into QMUSER.V_DASHBOARD (ID_COMPANY,ID_PLANT,NM_PLANT,ID_GROUPAREA,ID_AREA,DATE_DATA,DATE_ENTRY,ID_PRODUCTION_DAILY) values (4,9,'TUBAN I',1,63,null,null,null);
Insert into QMUSER.V_DASHBOARD (ID_COMPANY,ID_PLANT,NM_PLANT,ID_GROUPAREA,ID_AREA,DATE_DATA,DATE_ENTRY,ID_PRODUCTION_DAILY) values (4,9,'TUBAN I',1,61,null,null,null);
Insert into QMUSER.V_DASHBOARD (ID_COMPANY,ID_PLANT,NM_PLANT,ID_GROUPAREA,ID_AREA,DATE_DATA,DATE_ENTRY,ID_PRODUCTION_DAILY) values (4,9,'TUBAN I',2,null,null,null,null);
Insert into QMUSER.V_DASHBOARD (ID_COMPANY,ID_PLANT,NM_PLANT,ID_GROUPAREA,ID_AREA,DATE_DATA,DATE_ENTRY,ID_PRODUCTION_DAILY) values (4,9,'TUBAN I',3,null,null,null,null);
Insert into QMUSER.V_DASHBOARD (ID_COMPANY,ID_PLANT,NM_PLANT,ID_GROUPAREA,ID_AREA,DATE_DATA,DATE_ENTRY,ID_PRODUCTION_DAILY) values (4,9,'TUBAN I',4,null,null,null,null);
Insert into QMUSER.V_DASHBOARD (ID_COMPANY,ID_PLANT,NM_PLANT,ID_GROUPAREA,ID_AREA,DATE_DATA,DATE_ENTRY,ID_PRODUCTION_DAILY) values (4,9,'TUBAN I',6,null,null,null,null);
Insert into QMUSER.V_DASHBOARD (ID_COMPANY,ID_PLANT,NM_PLANT,ID_GROUPAREA,ID_AREA,DATE_DATA,DATE_ENTRY,ID_PRODUCTION_DAILY) values (4,9,'TUBAN I',7,null,null,null,null);
Insert into QMUSER.V_DASHBOARD (ID_COMPANY,ID_PLANT,NM_PLANT,ID_GROUPAREA,ID_AREA,DATE_DATA,DATE_ENTRY,ID_PRODUCTION_DAILY) values (4,9,'TUBAN I',21,null,null,null,null);
Insert into QMUSER.V_DASHBOARD (ID_COMPANY,ID_PLANT,NM_PLANT,ID_GROUPAREA,ID_AREA,DATE_DATA,DATE_ENTRY,ID_PRODUCTION_DAILY) values (4,9,'TUBAN I',1,62,null,null,null);
Insert into QMUSER.V_DASHBOARD (ID_COMPANY,ID_PLANT,NM_PLANT,ID_GROUPAREA,ID_AREA,DATE_DATA,DATE_ENTRY,ID_PRODUCTION_DAILY) values (4,9,'TUBAN I',1,63,null,null,null);
Insert into QMUSER.V_DASHBOARD (ID_COMPANY,ID_PLANT,NM_PLANT,ID_GROUPAREA,ID_AREA,DATE_DATA,DATE_ENTRY,ID_PRODUCTION_DAILY) values (4,9,'TUBAN I',1,61,null,null,null);
Insert into QMUSER.V_DASHBOARD (ID_COMPANY,ID_PLANT,NM_PLANT,ID_GROUPAREA,ID_AREA,DATE_DATA,DATE_ENTRY,ID_PRODUCTION_DAILY) values (4,9,'TUBAN I',2,null,null,null,null);
Insert into QMUSER.V_DASHBOARD (ID_COMPANY,ID_PLANT,NM_PLANT,ID_GROUPAREA,ID_AREA,DATE_DATA,DATE_ENTRY,ID_PRODUCTION_DAILY) values (4,9,'TUBAN I',3,null,null,null,null);
Insert into QMUSER.V_DASHBOARD (ID_COMPANY,ID_PLANT,NM_PLANT,ID_GROUPAREA,ID_AREA,DATE_DATA,DATE_ENTRY,ID_PRODUCTION_DAILY) values (4,9,'TUBAN I',4,null,null,null,null);
Insert into QMUSER.V_DASHBOARD (ID_COMPANY,ID_PLANT,NM_PLANT,ID_GROUPAREA,ID_AREA,DATE_DATA,DATE_ENTRY,ID_PRODUCTION_DAILY) values (4,9,'TUBAN I',6,null,null,null,null);
Insert into QMUSER.V_DASHBOARD (ID_COMPANY,ID_PLANT,NM_PLANT,ID_GROUPAREA,ID_AREA,DATE_DATA,DATE_ENTRY,ID_PRODUCTION_DAILY) values (4,9,'TUBAN I',7,null,null,null,null);
Insert into QMUSER.V_DASHBOARD (ID_COMPANY,ID_PLANT,NM_PLANT,ID_GROUPAREA,ID_AREA,DATE_DATA,DATE_ENTRY,ID_PRODUCTION_DAILY) values (4,9,'TUBAN I',21,null,null,null,null);
Insert into QMUSER.V_DASHBOARD (ID_COMPANY,ID_PLANT,NM_PLANT,ID_GROUPAREA,ID_AREA,DATE_DATA,DATE_ENTRY,ID_PRODUCTION_DAILY) values (4,9,'TUBAN I',1,62,null,null,null);
Insert into QMUSER.V_DASHBOARD (ID_COMPANY,ID_PLANT,NM_PLANT,ID_GROUPAREA,ID_AREA,DATE_DATA,DATE_ENTRY,ID_PRODUCTION_DAILY) values (4,9,'TUBAN I',1,63,null,null,null);
Insert into QMUSER.V_DASHBOARD (ID_COMPANY,ID_PLANT,NM_PLANT,ID_GROUPAREA,ID_AREA,DATE_DATA,DATE_ENTRY,ID_PRODUCTION_DAILY) values (4,9,'TUBAN I',1,61,null,null,null);
Insert into QMUSER.V_DASHBOARD (ID_COMPANY,ID_PLANT,NM_PLANT,ID_GROUPAREA,ID_AREA,DATE_DATA,DATE_ENTRY,ID_PRODUCTION_DAILY) values (4,9,'TUBAN I',2,null,null,null,null);
Insert into QMUSER.V_DASHBOARD (ID_COMPANY,ID_PLANT,NM_PLANT,ID_GROUPAREA,ID_AREA,DATE_DATA,DATE_ENTRY,ID_PRODUCTION_DAILY) values (4,9,'TUBAN I',3,null,null,null,null);
Insert into QMUSER.V_DASHBOARD (ID_COMPANY,ID_PLANT,NM_PLANT,ID_GROUPAREA,ID_AREA,DATE_DATA,DATE_ENTRY,ID_PRODUCTION_DAILY) values (4,9,'TUBAN I',4,null,null,null,null);
Insert into QMUSER.V_DASHBOARD (ID_COMPANY,ID_PLANT,NM_PLANT,ID_GROUPAREA,ID_AREA,DATE_DATA,DATE_ENTRY,ID_PRODUCTION_DAILY) values (4,9,'TUBAN I',6,null,null,null,null);
Insert into QMUSER.V_DASHBOARD (ID_COMPANY,ID_PLANT,NM_PLANT,ID_GROUPAREA,ID_AREA,DATE_DATA,DATE_ENTRY,ID_PRODUCTION_DAILY) values (4,9,'TUBAN I',7,null,null,null,null);
Insert into QMUSER.V_DASHBOARD (ID_COMPANY,ID_PLANT,NM_PLANT,ID_GROUPAREA,ID_AREA,DATE_DATA,DATE_ENTRY,ID_PRODUCTION_DAILY) values (4,9,'TUBAN I',21,null,null,null,null);
Insert into QMUSER.V_DASHBOARD (ID_COMPANY,ID_PLANT,NM_PLANT,ID_GROUPAREA,ID_AREA,DATE_DATA,DATE_ENTRY,ID_PRODUCTION_DAILY) values (4,9,'TUBAN I',1,62,null,null,null);
Insert into QMUSER.V_DASHBOARD (ID_COMPANY,ID_PLANT,NM_PLANT,ID_GROUPAREA,ID_AREA,DATE_DATA,DATE_ENTRY,ID_PRODUCTION_DAILY) values (4,9,'TUBAN I',1,63,null,null,null);
Insert into QMUSER.V_DASHBOARD (ID_COMPANY,ID_PLANT,NM_PLANT,ID_GROUPAREA,ID_AREA,DATE_DATA,DATE_ENTRY,ID_PRODUCTION_DAILY) values (4,9,'TUBAN I',1,61,null,null,null);
Insert into QMUSER.V_DASHBOARD (ID_COMPANY,ID_PLANT,NM_PLANT,ID_GROUPAREA,ID_AREA,DATE_DATA,DATE_ENTRY,ID_PRODUCTION_DAILY) values (4,9,'TUBAN I',2,null,null,null,null);
Insert into QMUSER.V_DASHBOARD (ID_COMPANY,ID_PLANT,NM_PLANT,ID_GROUPAREA,ID_AREA,DATE_DATA,DATE_ENTRY,ID_PRODUCTION_DAILY) values (4,9,'TUBAN I',3,null,null,null,null);
Insert into QMUSER.V_DASHBOARD (ID_COMPANY,ID_PLANT,NM_PLANT,ID_GROUPAREA,ID_AREA,DATE_DATA,DATE_ENTRY,ID_PRODUCTION_DAILY) values (4,9,'TUBAN I',4,null,null,null,null);
Insert into QMUSER.V_DASHBOARD (ID_COMPANY,ID_PLANT,NM_PLANT,ID_GROUPAREA,ID_AREA,DATE_DATA,DATE_ENTRY,ID_PRODUCTION_DAILY) values (4,9,'TUBAN I',6,null,null,null,null);
Insert into QMUSER.V_DASHBOARD (ID_COMPANY,ID_PLANT,NM_PLANT,ID_GROUPAREA,ID_AREA,DATE_DATA,DATE_ENTRY,ID_PRODUCTION_DAILY) values (4,9,'TUBAN I',7,null,null,null,null);
Insert into QMUSER.V_DASHBOARD (ID_COMPANY,ID_PLANT,NM_PLANT,ID_GROUPAREA,ID_AREA,DATE_DATA,DATE_ENTRY,ID_PRODUCTION_DAILY) values (4,9,'TUBAN I',21,null,null,null,null);
Insert into QMUSER.V_DASHBOARD (ID_COMPANY,ID_PLANT,NM_PLANT,ID_GROUPAREA,ID_AREA,DATE_DATA,DATE_ENTRY,ID_PRODUCTION_DAILY) values (4,9,'TUBAN I',1,62,null,null,null);
Insert into QMUSER.V_DASHBOARD (ID_COMPANY,ID_PLANT,NM_PLANT,ID_GROUPAREA,ID_AREA,DATE_DATA,DATE_ENTRY,ID_PRODUCTION_DAILY) values (4,9,'TUBAN I',1,63,null,null,null);
Insert into QMUSER.V_DASHBOARD (ID_COMPANY,ID_PLANT,NM_PLANT,ID_GROUPAREA,ID_AREA,DATE_DATA,DATE_ENTRY,ID_PRODUCTION_DAILY) values (4,9,'TUBAN I',1,61,null,null,null);
Insert into QMUSER.V_DASHBOARD (ID_COMPANY,ID_PLANT,NM_PLANT,ID_GROUPAREA,ID_AREA,DATE_DATA,DATE_ENTRY,ID_PRODUCTION_DAILY) values (4,9,'TUBAN I',2,null,null,null,null);
Insert into QMUSER.V_DASHBOARD (ID_COMPANY,ID_PLANT,NM_PLANT,ID_GROUPAREA,ID_AREA,DATE_DATA,DATE_ENTRY,ID_PRODUCTION_DAILY) values (4,9,'TUBAN I',3,null,null,null,null);
Insert into QMUSER.V_DASHBOARD (ID_COMPANY,ID_PLANT,NM_PLANT,ID_GROUPAREA,ID_AREA,DATE_DATA,DATE_ENTRY,ID_PRODUCTION_DAILY) values (4,9,'TUBAN I',4,null,null,null,null);
Insert into QMUSER.V_DASHBOARD (ID_COMPANY,ID_PLANT,NM_PLANT,ID_GROUPAREA,ID_AREA,DATE_DATA,DATE_ENTRY,ID_PRODUCTION_DAILY) values (4,9,'TUBAN I',6,null,null,null,null);
Insert into QMUSER.V_DASHBOARD (ID_COMPANY,ID_PLANT,NM_PLANT,ID_GROUPAREA,ID_AREA,DATE_DATA,DATE_ENTRY,ID_PRODUCTION_DAILY) values (4,9,'TUBAN I',7,null,null,null,null);
Insert into QMUSER.V_DASHBOARD (ID_COMPANY,ID_PLANT,NM_PLANT,ID_GROUPAREA,ID_AREA,DATE_DATA,DATE_ENTRY,ID_PRODUCTION_DAILY) values (4,9,'TUBAN I',21,null,null,null,null);
Insert into QMUSER.V_DASHBOARD (ID_COMPANY,ID_PLANT,NM_PLANT,ID_GROUPAREA,ID_AREA,DATE_DATA,DATE_ENTRY,ID_PRODUCTION_DAILY) values (4,9,'TUBAN I',1,62,null,null,null);
Insert into QMUSER.V_DASHBOARD (ID_COMPANY,ID_PLANT,NM_PLANT,ID_GROUPAREA,ID_AREA,DATE_DATA,DATE_ENTRY,ID_PRODUCTION_DAILY) values (4,9,'TUBAN I',1,63,null,null,null);
Insert into QMUSER.V_DASHBOARD (ID_COMPANY,ID_PLANT,NM_PLANT,ID_GROUPAREA,ID_AREA,DATE_DATA,DATE_ENTRY,ID_PRODUCTION_DAILY) values (4,9,'TUBAN I',1,61,null,null,null);
Insert into QMUSER.V_DASHBOARD (ID_COMPANY,ID_PLANT,NM_PLANT,ID_GROUPAREA,ID_AREA,DATE_DATA,DATE_ENTRY,ID_PRODUCTION_DAILY) values (4,9,'TUBAN I',2,null,null,null,null);
Insert into QMUSER.V_DASHBOARD (ID_COMPANY,ID_PLANT,NM_PLANT,ID_GROUPAREA,ID_AREA,DATE_DATA,DATE_ENTRY,ID_PRODUCTION_DAILY) values (4,9,'TUBAN I',3,null,null,null,null);
Insert into QMUSER.V_DASHBOARD (ID_COMPANY,ID_PLANT,NM_PLANT,ID_GROUPAREA,ID_AREA,DATE_DATA,DATE_ENTRY,ID_PRODUCTION_DAILY) values (4,9,'TUBAN I',4,null,null,null,null);
Insert into QMUSER.V_DASHBOARD (ID_COMPANY,ID_PLANT,NM_PLANT,ID_GROUPAREA,ID_AREA,DATE_DATA,DATE_ENTRY,ID_PRODUCTION_DAILY) values (4,9,'TUBAN I',6,null,null,null,null);
Insert into QMUSER.V_DASHBOARD (ID_COMPANY,ID_PLANT,NM_PLANT,ID_GROUPAREA,ID_AREA,DATE_DATA,DATE_ENTRY,ID_PRODUCTION_DAILY) values (4,9,'TUBAN I',7,null,null,null,null);
Insert into QMUSER.V_DASHBOARD (ID_COMPANY,ID_PLANT,NM_PLANT,ID_GROUPAREA,ID_AREA,DATE_DATA,DATE_ENTRY,ID_PRODUCTION_DAILY) values (4,9,'TUBAN I',21,null,null,null,null);
Insert into QMUSER.V_DASHBOARD (ID_COMPANY,ID_PLANT,NM_PLANT,ID_GROUPAREA,ID_AREA,DATE_DATA,DATE_ENTRY,ID_PRODUCTION_DAILY) values (4,21,'TUBAN II',1,69,null,null,null);
Insert into QMUSER.V_DASHBOARD (ID_COMPANY,ID_PLANT,NM_PLANT,ID_GROUPAREA,ID_AREA,DATE_DATA,DATE_ENTRY,ID_PRODUCTION_DAILY) values (4,21,'TUBAN II',1,68,null,null,null);
Insert into QMUSER.V_DASHBOARD (ID_COMPANY,ID_PLANT,NM_PLANT,ID_GROUPAREA,ID_AREA,DATE_DATA,DATE_ENTRY,ID_PRODUCTION_DAILY) values (4,21,'TUBAN II',2,null,null,null,null);
Insert into QMUSER.V_DASHBOARD (ID_COMPANY,ID_PLANT,NM_PLANT,ID_GROUPAREA,ID_AREA,DATE_DATA,DATE_ENTRY,ID_PRODUCTION_DAILY) values (4,21,'TUBAN II',3,null,null,null,null);
Insert into QMUSER.V_DASHBOARD (ID_COMPANY,ID_PLANT,NM_PLANT,ID_GROUPAREA,ID_AREA,DATE_DATA,DATE_ENTRY,ID_PRODUCTION_DAILY) values (4,21,'TUBAN II',4,null,null,null,null);
Insert into QMUSER.V_DASHBOARD (ID_COMPANY,ID_PLANT,NM_PLANT,ID_GROUPAREA,ID_AREA,DATE_DATA,DATE_ENTRY,ID_PRODUCTION_DAILY) values (4,21,'TUBAN II',6,null,null,null,null);
Insert into QMUSER.V_DASHBOARD (ID_COMPANY,ID_PLANT,NM_PLANT,ID_GROUPAREA,ID_AREA,DATE_DATA,DATE_ENTRY,ID_PRODUCTION_DAILY) values (4,21,'TUBAN II',7,null,null,null,null);
Insert into QMUSER.V_DASHBOARD (ID_COMPANY,ID_PLANT,NM_PLANT,ID_GROUPAREA,ID_AREA,DATE_DATA,DATE_ENTRY,ID_PRODUCTION_DAILY) values (4,21,'TUBAN II',21,null,null,null,null);
Insert into QMUSER.V_DASHBOARD (ID_COMPANY,ID_PLANT,NM_PLANT,ID_GROUPAREA,ID_AREA,DATE_DATA,DATE_ENTRY,ID_PRODUCTION_DAILY) values (4,21,'TUBAN II',1,69,null,null,null);
Insert into QMUSER.V_DASHBOARD (ID_COMPANY,ID_PLANT,NM_PLANT,ID_GROUPAREA,ID_AREA,DATE_DATA,DATE_ENTRY,ID_PRODUCTION_DAILY) values (4,21,'TUBAN II',1,68,null,null,null);
Insert into QMUSER.V_DASHBOARD (ID_COMPANY,ID_PLANT,NM_PLANT,ID_GROUPAREA,ID_AREA,DATE_DATA,DATE_ENTRY,ID_PRODUCTION_DAILY) values (4,21,'TUBAN II',2,null,null,null,null);
Insert into QMUSER.V_DASHBOARD (ID_COMPANY,ID_PLANT,NM_PLANT,ID_GROUPAREA,ID_AREA,DATE_DATA,DATE_ENTRY,ID_PRODUCTION_DAILY) values (4,21,'TUBAN II',3,null,null,null,null);
Insert into QMUSER.V_DASHBOARD (ID_COMPANY,ID_PLANT,NM_PLANT,ID_GROUPAREA,ID_AREA,DATE_DATA,DATE_ENTRY,ID_PRODUCTION_DAILY) values (4,21,'TUBAN II',4,null,null,null,null);
Insert into QMUSER.V_DASHBOARD (ID_COMPANY,ID_PLANT,NM_PLANT,ID_GROUPAREA,ID_AREA,DATE_DATA,DATE_ENTRY,ID_PRODUCTION_DAILY) values (4,21,'TUBAN II',6,null,null,null,null);
Insert into QMUSER.V_DASHBOARD (ID_COMPANY,ID_PLANT,NM_PLANT,ID_GROUPAREA,ID_AREA,DATE_DATA,DATE_ENTRY,ID_PRODUCTION_DAILY) values (4,21,'TUBAN II',7,null,null,null,null);
Insert into QMUSER.V_DASHBOARD (ID_COMPANY,ID_PLANT,NM_PLANT,ID_GROUPAREA,ID_AREA,DATE_DATA,DATE_ENTRY,ID_PRODUCTION_DAILY) values (4,21,'TUBAN II',21,null,null,null,null);
Insert into QMUSER.V_DASHBOARD (ID_COMPANY,ID_PLANT,NM_PLANT,ID_GROUPAREA,ID_AREA,DATE_DATA,DATE_ENTRY,ID_PRODUCTION_DAILY) values (4,21,'TUBAN II',1,69,null,null,null);
Insert into QMUSER.V_DASHBOARD (ID_COMPANY,ID_PLANT,NM_PLANT,ID_GROUPAREA,ID_AREA,DATE_DATA,DATE_ENTRY,ID_PRODUCTION_DAILY) values (4,21,'TUBAN II',1,68,null,null,null);
Insert into QMUSER.V_DASHBOARD (ID_COMPANY,ID_PLANT,NM_PLANT,ID_GROUPAREA,ID_AREA,DATE_DATA,DATE_ENTRY,ID_PRODUCTION_DAILY) values (4,21,'TUBAN II',2,null,null,null,null);
Insert into QMUSER.V_DASHBOARD (ID_COMPANY,ID_PLANT,NM_PLANT,ID_GROUPAREA,ID_AREA,DATE_DATA,DATE_ENTRY,ID_PRODUCTION_DAILY) values (4,21,'TUBAN II',3,null,null,null,null);
Insert into QMUSER.V_DASHBOARD (ID_COMPANY,ID_PLANT,NM_PLANT,ID_GROUPAREA,ID_AREA,DATE_DATA,DATE_ENTRY,ID_PRODUCTION_DAILY) values (4,21,'TUBAN II',4,null,null,null,null);
Insert into QMUSER.V_DASHBOARD (ID_COMPANY,ID_PLANT,NM_PLANT,ID_GROUPAREA,ID_AREA,DATE_DATA,DATE_ENTRY,ID_PRODUCTION_DAILY) values (4,21,'TUBAN II',6,null,null,null,null);
Insert into QMUSER.V_DASHBOARD (ID_COMPANY,ID_PLANT,NM_PLANT,ID_GROUPAREA,ID_AREA,DATE_DATA,DATE_ENTRY,ID_PRODUCTION_DAILY) values (4,21,'TUBAN II',7,null,null,null,null);
Insert into QMUSER.V_DASHBOARD (ID_COMPANY,ID_PLANT,NM_PLANT,ID_GROUPAREA,ID_AREA,DATE_DATA,DATE_ENTRY,ID_PRODUCTION_DAILY) values (4,21,'TUBAN II',21,null,null,null,null);
Insert into QMUSER.V_DASHBOARD (ID_COMPANY,ID_PLANT,NM_PLANT,ID_GROUPAREA,ID_AREA,DATE_DATA,DATE_ENTRY,ID_PRODUCTION_DAILY) values (4,21,'TUBAN II',1,69,null,null,null);
Insert into QMUSER.V_DASHBOARD (ID_COMPANY,ID_PLANT,NM_PLANT,ID_GROUPAREA,ID_AREA,DATE_DATA,DATE_ENTRY,ID_PRODUCTION_DAILY) values (4,21,'TUBAN II',1,68,null,null,null);
Insert into QMUSER.V_DASHBOARD (ID_COMPANY,ID_PLANT,NM_PLANT,ID_GROUPAREA,ID_AREA,DATE_DATA,DATE_ENTRY,ID_PRODUCTION_DAILY) values (4,21,'TUBAN II',2,null,null,null,null);
Insert into QMUSER.V_DASHBOARD (ID_COMPANY,ID_PLANT,NM_PLANT,ID_GROUPAREA,ID_AREA,DATE_DATA,DATE_ENTRY,ID_PRODUCTION_DAILY) values (4,21,'TUBAN II',3,null,null,null,null);
Insert into QMUSER.V_DASHBOARD (ID_COMPANY,ID_PLANT,NM_PLANT,ID_GROUPAREA,ID_AREA,DATE_DATA,DATE_ENTRY,ID_PRODUCTION_DAILY) values (4,21,'TUBAN II',4,null,null,null,null);
Insert into QMUSER.V_DASHBOARD (ID_COMPANY,ID_PLANT,NM_PLANT,ID_GROUPAREA,ID_AREA,DATE_DATA,DATE_ENTRY,ID_PRODUCTION_DAILY) values (4,21,'TUBAN II',6,null,null,null,null);
Insert into QMUSER.V_DASHBOARD (ID_COMPANY,ID_PLANT,NM_PLANT,ID_GROUPAREA,ID_AREA,DATE_DATA,DATE_ENTRY,ID_PRODUCTION_DAILY) values (4,21,'TUBAN II',7,null,null,null,null);
Insert into QMUSER.V_DASHBOARD (ID_COMPANY,ID_PLANT,NM_PLANT,ID_GROUPAREA,ID_AREA,DATE_DATA,DATE_ENTRY,ID_PRODUCTION_DAILY) values (4,21,'TUBAN II',21,null,null,null,null);
Insert into QMUSER.V_DASHBOARD (ID_COMPANY,ID_PLANT,NM_PLANT,ID_GROUPAREA,ID_AREA,DATE_DATA,DATE_ENTRY,ID_PRODUCTION_DAILY) values (4,21,'TUBAN II',1,69,null,null,null);
Insert into QMUSER.V_DASHBOARD (ID_COMPANY,ID_PLANT,NM_PLANT,ID_GROUPAREA,ID_AREA,DATE_DATA,DATE_ENTRY,ID_PRODUCTION_DAILY) values (4,21,'TUBAN II',1,68,null,null,null);
Insert into QMUSER.V_DASHBOARD (ID_COMPANY,ID_PLANT,NM_PLANT,ID_GROUPAREA,ID_AREA,DATE_DATA,DATE_ENTRY,ID_PRODUCTION_DAILY) values (4,21,'TUBAN II',2,null,null,null,null);
Insert into QMUSER.V_DASHBOARD (ID_COMPANY,ID_PLANT,NM_PLANT,ID_GROUPAREA,ID_AREA,DATE_DATA,DATE_ENTRY,ID_PRODUCTION_DAILY) values (4,21,'TUBAN II',3,null,null,null,null);
Insert into QMUSER.V_DASHBOARD (ID_COMPANY,ID_PLANT,NM_PLANT,ID_GROUPAREA,ID_AREA,DATE_DATA,DATE_ENTRY,ID_PRODUCTION_DAILY) values (4,21,'TUBAN II',4,null,null,null,null);
Insert into QMUSER.V_DASHBOARD (ID_COMPANY,ID_PLANT,NM_PLANT,ID_GROUPAREA,ID_AREA,DATE_DATA,DATE_ENTRY,ID_PRODUCTION_DAILY) values (4,21,'TUBAN II',6,null,null,null,null);
Insert into QMUSER.V_DASHBOARD (ID_COMPANY,ID_PLANT,NM_PLANT,ID_GROUPAREA,ID_AREA,DATE_DATA,DATE_ENTRY,ID_PRODUCTION_DAILY) values (4,21,'TUBAN II',7,null,null,null,null);
Insert into QMUSER.V_DASHBOARD (ID_COMPANY,ID_PLANT,NM_PLANT,ID_GROUPAREA,ID_AREA,DATE_DATA,DATE_ENTRY,ID_PRODUCTION_DAILY) values (4,21,'TUBAN II',21,null,null,null,null);
Insert into QMUSER.V_DASHBOARD (ID_COMPANY,ID_PLANT,NM_PLANT,ID_GROUPAREA,ID_AREA,DATE_DATA,DATE_ENTRY,ID_PRODUCTION_DAILY) values (4,21,'TUBAN II',1,69,null,null,null);
Insert into QMUSER.V_DASHBOARD (ID_COMPANY,ID_PLANT,NM_PLANT,ID_GROUPAREA,ID_AREA,DATE_DATA,DATE_ENTRY,ID_PRODUCTION_DAILY) values (4,21,'TUBAN II',1,68,null,null,null);
Insert into QMUSER.V_DASHBOARD (ID_COMPANY,ID_PLANT,NM_PLANT,ID_GROUPAREA,ID_AREA,DATE_DATA,DATE_ENTRY,ID_PRODUCTION_DAILY) values (4,21,'TUBAN II',2,null,null,null,null);
Insert into QMUSER.V_DASHBOARD (ID_COMPANY,ID_PLANT,NM_PLANT,ID_GROUPAREA,ID_AREA,DATE_DATA,DATE_ENTRY,ID_PRODUCTION_DAILY) values (4,21,'TUBAN II',3,null,null,null,null);
Insert into QMUSER.V_DASHBOARD (ID_COMPANY,ID_PLANT,NM_PLANT,ID_GROUPAREA,ID_AREA,DATE_DATA,DATE_ENTRY,ID_PRODUCTION_DAILY) values (4,21,'TUBAN II',4,null,null,null,null);
Insert into QMUSER.V_DASHBOARD (ID_COMPANY,ID_PLANT,NM_PLANT,ID_GROUPAREA,ID_AREA,DATE_DATA,DATE_ENTRY,ID_PRODUCTION_DAILY) values (4,21,'TUBAN II',6,null,null,null,null);
Insert into QMUSER.V_DASHBOARD (ID_COMPANY,ID_PLANT,NM_PLANT,ID_GROUPAREA,ID_AREA,DATE_DATA,DATE_ENTRY,ID_PRODUCTION_DAILY) values (4,21,'TUBAN II',7,null,null,null,null);
Insert into QMUSER.V_DASHBOARD (ID_COMPANY,ID_PLANT,NM_PLANT,ID_GROUPAREA,ID_AREA,DATE_DATA,DATE_ENTRY,ID_PRODUCTION_DAILY) values (4,21,'TUBAN II',21,null,null,null,null);
Insert into QMUSER.V_DASHBOARD (ID_COMPANY,ID_PLANT,NM_PLANT,ID_GROUPAREA,ID_AREA,DATE_DATA,DATE_ENTRY,ID_PRODUCTION_DAILY) values (4,21,'TUBAN II',1,69,null,null,null);
Insert into QMUSER.V_DASHBOARD (ID_COMPANY,ID_PLANT,NM_PLANT,ID_GROUPAREA,ID_AREA,DATE_DATA,DATE_ENTRY,ID_PRODUCTION_DAILY) values (4,21,'TUBAN II',1,68,null,null,null);
Insert into QMUSER.V_DASHBOARD (ID_COMPANY,ID_PLANT,NM_PLANT,ID_GROUPAREA,ID_AREA,DATE_DATA,DATE_ENTRY,ID_PRODUCTION_DAILY) values (4,21,'TUBAN II',2,null,null,null,null);
Insert into QMUSER.V_DASHBOARD (ID_COMPANY,ID_PLANT,NM_PLANT,ID_GROUPAREA,ID_AREA,DATE_DATA,DATE_ENTRY,ID_PRODUCTION_DAILY) values (4,21,'TUBAN II',3,null,null,null,null);
Insert into QMUSER.V_DASHBOARD (ID_COMPANY,ID_PLANT,NM_PLANT,ID_GROUPAREA,ID_AREA,DATE_DATA,DATE_ENTRY,ID_PRODUCTION_DAILY) values (4,21,'TUBAN II',4,null,null,null,null);
Insert into QMUSER.V_DASHBOARD (ID_COMPANY,ID_PLANT,NM_PLANT,ID_GROUPAREA,ID_AREA,DATE_DATA,DATE_ENTRY,ID_PRODUCTION_DAILY) values (4,21,'TUBAN II',6,null,null,null,null);
Insert into QMUSER.V_DASHBOARD (ID_COMPANY,ID_PLANT,NM_PLANT,ID_GROUPAREA,ID_AREA,DATE_DATA,DATE_ENTRY,ID_PRODUCTION_DAILY) values (4,21,'TUBAN II',7,null,null,null,null);
Insert into QMUSER.V_DASHBOARD (ID_COMPANY,ID_PLANT,NM_PLANT,ID_GROUPAREA,ID_AREA,DATE_DATA,DATE_ENTRY,ID_PRODUCTION_DAILY) values (4,21,'TUBAN II',21,null,null,null,null);
Insert into QMUSER.V_DASHBOARD (ID_COMPANY,ID_PLANT,NM_PLANT,ID_GROUPAREA,ID_AREA,DATE_DATA,DATE_ENTRY,ID_PRODUCTION_DAILY) values (4,21,'TUBAN II',1,69,null,null,null);
Insert into QMUSER.V_DASHBOARD (ID_COMPANY,ID_PLANT,NM_PLANT,ID_GROUPAREA,ID_AREA,DATE_DATA,DATE_ENTRY,ID_PRODUCTION_DAILY) values (4,21,'TUBAN II',1,68,null,null,null);
Insert into QMUSER.V_DASHBOARD (ID_COMPANY,ID_PLANT,NM_PLANT,ID_GROUPAREA,ID_AREA,DATE_DATA,DATE_ENTRY,ID_PRODUCTION_DAILY) values (4,21,'TUBAN II',2,null,null,null,null);
Insert into QMUSER.V_DASHBOARD (ID_COMPANY,ID_PLANT,NM_PLANT,ID_GROUPAREA,ID_AREA,DATE_DATA,DATE_ENTRY,ID_PRODUCTION_DAILY) values (4,21,'TUBAN II',3,null,null,null,null);
Insert into QMUSER.V_DASHBOARD (ID_COMPANY,ID_PLANT,NM_PLANT,ID_GROUPAREA,ID_AREA,DATE_DATA,DATE_ENTRY,ID_PRODUCTION_DAILY) values (4,21,'TUBAN II',4,null,null,null,null);
Insert into QMUSER.V_DASHBOARD (ID_COMPANY,ID_PLANT,NM_PLANT,ID_GROUPAREA,ID_AREA,DATE_DATA,DATE_ENTRY,ID_PRODUCTION_DAILY) values (4,21,'TUBAN II',6,null,null,null,null);
Insert into QMUSER.V_DASHBOARD (ID_COMPANY,ID_PLANT,NM_PLANT,ID_GROUPAREA,ID_AREA,DATE_DATA,DATE_ENTRY,ID_PRODUCTION_DAILY) values (4,21,'TUBAN II',7,null,null,null,null);
Insert into QMUSER.V_DASHBOARD (ID_COMPANY,ID_PLANT,NM_PLANT,ID_GROUPAREA,ID_AREA,DATE_DATA,DATE_ENTRY,ID_PRODUCTION_DAILY) values (4,21,'TUBAN II',21,null,null,null,null);
Insert into QMUSER.V_DASHBOARD (ID_COMPANY,ID_PLANT,NM_PLANT,ID_GROUPAREA,ID_AREA,DATE_DATA,DATE_ENTRY,ID_PRODUCTION_DAILY) values (4,21,'TUBAN II',1,69,null,null,null);
Insert into QMUSER.V_DASHBOARD (ID_COMPANY,ID_PLANT,NM_PLANT,ID_GROUPAREA,ID_AREA,DATE_DATA,DATE_ENTRY,ID_PRODUCTION_DAILY) values (4,21,'TUBAN II',1,68,null,null,null);
Insert into QMUSER.V_DASHBOARD (ID_COMPANY,ID_PLANT,NM_PLANT,ID_GROUPAREA,ID_AREA,DATE_DATA,DATE_ENTRY,ID_PRODUCTION_DAILY) values (4,21,'TUBAN II',2,null,null,null,null);
Insert into QMUSER.V_DASHBOARD (ID_COMPANY,ID_PLANT,NM_PLANT,ID_GROUPAREA,ID_AREA,DATE_DATA,DATE_ENTRY,ID_PRODUCTION_DAILY) values (4,21,'TUBAN II',3,null,null,null,null);
Insert into QMUSER.V_DASHBOARD (ID_COMPANY,ID_PLANT,NM_PLANT,ID_GROUPAREA,ID_AREA,DATE_DATA,DATE_ENTRY,ID_PRODUCTION_DAILY) values (4,21,'TUBAN II',4,null,null,null,null);
Insert into QMUSER.V_DASHBOARD (ID_COMPANY,ID_PLANT,NM_PLANT,ID_GROUPAREA,ID_AREA,DATE_DATA,DATE_ENTRY,ID_PRODUCTION_DAILY) values (4,21,'TUBAN II',6,null,null,null,null);
Insert into QMUSER.V_DASHBOARD (ID_COMPANY,ID_PLANT,NM_PLANT,ID_GROUPAREA,ID_AREA,DATE_DATA,DATE_ENTRY,ID_PRODUCTION_DAILY) values (4,21,'TUBAN II',7,null,null,null,null);
Insert into QMUSER.V_DASHBOARD (ID_COMPANY,ID_PLANT,NM_PLANT,ID_GROUPAREA,ID_AREA,DATE_DATA,DATE_ENTRY,ID_PRODUCTION_DAILY) values (4,21,'TUBAN II',21,null,null,null,null);
Insert into QMUSER.V_DASHBOARD (ID_COMPANY,ID_PLANT,NM_PLANT,ID_GROUPAREA,ID_AREA,DATE_DATA,DATE_ENTRY,ID_PRODUCTION_DAILY) values (4,21,'TUBAN II',1,69,null,null,null);
Insert into QMUSER.V_DASHBOARD (ID_COMPANY,ID_PLANT,NM_PLANT,ID_GROUPAREA,ID_AREA,DATE_DATA,DATE_ENTRY,ID_PRODUCTION_DAILY) values (4,21,'TUBAN II',1,68,null,null,null);
Insert into QMUSER.V_DASHBOARD (ID_COMPANY,ID_PLANT,NM_PLANT,ID_GROUPAREA,ID_AREA,DATE_DATA,DATE_ENTRY,ID_PRODUCTION_DAILY) values (4,21,'TUBAN II',2,null,null,null,null);
Insert into QMUSER.V_DASHBOARD (ID_COMPANY,ID_PLANT,NM_PLANT,ID_GROUPAREA,ID_AREA,DATE_DATA,DATE_ENTRY,ID_PRODUCTION_DAILY) values (4,21,'TUBAN II',3,null,null,null,null);
Insert into QMUSER.V_DASHBOARD (ID_COMPANY,ID_PLANT,NM_PLANT,ID_GROUPAREA,ID_AREA,DATE_DATA,DATE_ENTRY,ID_PRODUCTION_DAILY) values (4,21,'TUBAN II',4,null,null,null,null);
Insert into QMUSER.V_DASHBOARD (ID_COMPANY,ID_PLANT,NM_PLANT,ID_GROUPAREA,ID_AREA,DATE_DATA,DATE_ENTRY,ID_PRODUCTION_DAILY) values (4,21,'TUBAN II',6,null,null,null,null);
Insert into QMUSER.V_DASHBOARD (ID_COMPANY,ID_PLANT,NM_PLANT,ID_GROUPAREA,ID_AREA,DATE_DATA,DATE_ENTRY,ID_PRODUCTION_DAILY) values (4,21,'TUBAN II',7,null,null,null,null);
Insert into QMUSER.V_DASHBOARD (ID_COMPANY,ID_PLANT,NM_PLANT,ID_GROUPAREA,ID_AREA,DATE_DATA,DATE_ENTRY,ID_PRODUCTION_DAILY) values (4,21,'TUBAN II',21,null,null,null,null);
Insert into QMUSER.V_DASHBOARD (ID_COMPANY,ID_PLANT,NM_PLANT,ID_GROUPAREA,ID_AREA,DATE_DATA,DATE_ENTRY,ID_PRODUCTION_DAILY) values (4,21,'TUBAN II',1,69,null,null,null);
Insert into QMUSER.V_DASHBOARD (ID_COMPANY,ID_PLANT,NM_PLANT,ID_GROUPAREA,ID_AREA,DATE_DATA,DATE_ENTRY,ID_PRODUCTION_DAILY) values (4,21,'TUBAN II',1,68,null,null,null);
Insert into QMUSER.V_DASHBOARD (ID_COMPANY,ID_PLANT,NM_PLANT,ID_GROUPAREA,ID_AREA,DATE_DATA,DATE_ENTRY,ID_PRODUCTION_DAILY) values (4,21,'TUBAN II',2,null,null,null,null);
Insert into QMUSER.V_DASHBOARD (ID_COMPANY,ID_PLANT,NM_PLANT,ID_GROUPAREA,ID_AREA,DATE_DATA,DATE_ENTRY,ID_PRODUCTION_DAILY) values (4,21,'TUBAN II',3,null,null,null,null);
Insert into QMUSER.V_DASHBOARD (ID_COMPANY,ID_PLANT,NM_PLANT,ID_GROUPAREA,ID_AREA,DATE_DATA,DATE_ENTRY,ID_PRODUCTION_DAILY) values (4,21,'TUBAN II',4,null,null,null,null);
Insert into QMUSER.V_DASHBOARD (ID_COMPANY,ID_PLANT,NM_PLANT,ID_GROUPAREA,ID_AREA,DATE_DATA,DATE_ENTRY,ID_PRODUCTION_DAILY) values (4,21,'TUBAN II',6,null,null,null,null);
Insert into QMUSER.V_DASHBOARD (ID_COMPANY,ID_PLANT,NM_PLANT,ID_GROUPAREA,ID_AREA,DATE_DATA,DATE_ENTRY,ID_PRODUCTION_DAILY) values (4,21,'TUBAN II',7,null,null,null,null);
Insert into QMUSER.V_DASHBOARD (ID_COMPANY,ID_PLANT,NM_PLANT,ID_GROUPAREA,ID_AREA,DATE_DATA,DATE_ENTRY,ID_PRODUCTION_DAILY) values (4,21,'TUBAN II',21,null,null,null,null);
Insert into QMUSER.V_DASHBOARD (ID_COMPANY,ID_PLANT,NM_PLANT,ID_GROUPAREA,ID_AREA,DATE_DATA,DATE_ENTRY,ID_PRODUCTION_DAILY) values (4,21,'TUBAN II',1,69,null,null,null);
Insert into QMUSER.V_DASHBOARD (ID_COMPANY,ID_PLANT,NM_PLANT,ID_GROUPAREA,ID_AREA,DATE_DATA,DATE_ENTRY,ID_PRODUCTION_DAILY) values (4,21,'TUBAN II',1,68,null,null,null);
Insert into QMUSER.V_DASHBOARD (ID_COMPANY,ID_PLANT,NM_PLANT,ID_GROUPAREA,ID_AREA,DATE_DATA,DATE_ENTRY,ID_PRODUCTION_DAILY) values (4,21,'TUBAN II',2,null,null,null,null);
Insert into QMUSER.V_DASHBOARD (ID_COMPANY,ID_PLANT,NM_PLANT,ID_GROUPAREA,ID_AREA,DATE_DATA,DATE_ENTRY,ID_PRODUCTION_DAILY) values (4,21,'TUBAN II',3,null,null,null,null);
Insert into QMUSER.V_DASHBOARD (ID_COMPANY,ID_PLANT,NM_PLANT,ID_GROUPAREA,ID_AREA,DATE_DATA,DATE_ENTRY,ID_PRODUCTION_DAILY) values (4,21,'TUBAN II',4,null,null,null,null);
Insert into QMUSER.V_DASHBOARD (ID_COMPANY,ID_PLANT,NM_PLANT,ID_GROUPAREA,ID_AREA,DATE_DATA,DATE_ENTRY,ID_PRODUCTION_DAILY) values (4,21,'TUBAN II',6,null,null,null,null);
Insert into QMUSER.V_DASHBOARD (ID_COMPANY,ID_PLANT,NM_PLANT,ID_GROUPAREA,ID_AREA,DATE_DATA,DATE_ENTRY,ID_PRODUCTION_DAILY) values (4,21,'TUBAN II',7,null,null,null,null);
Insert into QMUSER.V_DASHBOARD (ID_COMPANY,ID_PLANT,NM_PLANT,ID_GROUPAREA,ID_AREA,DATE_DATA,DATE_ENTRY,ID_PRODUCTION_DAILY) values (4,21,'TUBAN II',21,null,null,null,null);
Insert into QMUSER.V_DASHBOARD (ID_COMPANY,ID_PLANT,NM_PLANT,ID_GROUPAREA,ID_AREA,DATE_DATA,DATE_ENTRY,ID_PRODUCTION_DAILY) values (4,21,'TUBAN II',1,69,null,null,null);
Insert into QMUSER.V_DASHBOARD (ID_COMPANY,ID_PLANT,NM_PLANT,ID_GROUPAREA,ID_AREA,DATE_DATA,DATE_ENTRY,ID_PRODUCTION_DAILY) values (4,21,'TUBAN II',1,68,null,null,null);
Insert into QMUSER.V_DASHBOARD (ID_COMPANY,ID_PLANT,NM_PLANT,ID_GROUPAREA,ID_AREA,DATE_DATA,DATE_ENTRY,ID_PRODUCTION_DAILY) values (4,21,'TUBAN II',2,null,null,null,null);
Insert into QMUSER.V_DASHBOARD (ID_COMPANY,ID_PLANT,NM_PLANT,ID_GROUPAREA,ID_AREA,DATE_DATA,DATE_ENTRY,ID_PRODUCTION_DAILY) values (4,21,'TUBAN II',3,null,null,null,null);
Insert into QMUSER.V_DASHBOARD (ID_COMPANY,ID_PLANT,NM_PLANT,ID_GROUPAREA,ID_AREA,DATE_DATA,DATE_ENTRY,ID_PRODUCTION_DAILY) values (4,21,'TUBAN II',4,null,null,null,null);
Insert into QMUSER.V_DASHBOARD (ID_COMPANY,ID_PLANT,NM_PLANT,ID_GROUPAREA,ID_AREA,DATE_DATA,DATE_ENTRY,ID_PRODUCTION_DAILY) values (4,21,'TUBAN II',6,null,null,null,null);
Insert into QMUSER.V_DASHBOARD (ID_COMPANY,ID_PLANT,NM_PLANT,ID_GROUPAREA,ID_AREA,DATE_DATA,DATE_ENTRY,ID_PRODUCTION_DAILY) values (4,21,'TUBAN II',7,null,null,null,null);
Insert into QMUSER.V_DASHBOARD (ID_COMPANY,ID_PLANT,NM_PLANT,ID_GROUPAREA,ID_AREA,DATE_DATA,DATE_ENTRY,ID_PRODUCTION_DAILY) values (4,21,'TUBAN II',21,null,null,null,null);
Insert into QMUSER.V_DASHBOARD (ID_COMPANY,ID_PLANT,NM_PLANT,ID_GROUPAREA,ID_AREA,DATE_DATA,DATE_ENTRY,ID_PRODUCTION_DAILY) values (4,22,'TUBAN III',1,71,null,null,null);
Insert into QMUSER.V_DASHBOARD (ID_COMPANY,ID_PLANT,NM_PLANT,ID_GROUPAREA,ID_AREA,DATE_DATA,DATE_ENTRY,ID_PRODUCTION_DAILY) values (4,22,'TUBAN III',1,70,null,null,null);
Insert into QMUSER.V_DASHBOARD (ID_COMPANY,ID_PLANT,NM_PLANT,ID_GROUPAREA,ID_AREA,DATE_DATA,DATE_ENTRY,ID_PRODUCTION_DAILY) values (4,22,'TUBAN III',2,null,null,null,null);
Insert into QMUSER.V_DASHBOARD (ID_COMPANY,ID_PLANT,NM_PLANT,ID_GROUPAREA,ID_AREA,DATE_DATA,DATE_ENTRY,ID_PRODUCTION_DAILY) values (4,22,'TUBAN III',3,null,null,null,null);
Insert into QMUSER.V_DASHBOARD (ID_COMPANY,ID_PLANT,NM_PLANT,ID_GROUPAREA,ID_AREA,DATE_DATA,DATE_ENTRY,ID_PRODUCTION_DAILY) values (4,22,'TUBAN III',4,null,null,null,null);
Insert into QMUSER.V_DASHBOARD (ID_COMPANY,ID_PLANT,NM_PLANT,ID_GROUPAREA,ID_AREA,DATE_DATA,DATE_ENTRY,ID_PRODUCTION_DAILY) values (4,22,'TUBAN III',6,null,null,null,null);
Insert into QMUSER.V_DASHBOARD (ID_COMPANY,ID_PLANT,NM_PLANT,ID_GROUPAREA,ID_AREA,DATE_DATA,DATE_ENTRY,ID_PRODUCTION_DAILY) values (4,22,'TUBAN III',7,null,null,null,null);
Insert into QMUSER.V_DASHBOARD (ID_COMPANY,ID_PLANT,NM_PLANT,ID_GROUPAREA,ID_AREA,DATE_DATA,DATE_ENTRY,ID_PRODUCTION_DAILY) values (4,22,'TUBAN III',21,null,null,null,null);
Insert into QMUSER.V_DASHBOARD (ID_COMPANY,ID_PLANT,NM_PLANT,ID_GROUPAREA,ID_AREA,DATE_DATA,DATE_ENTRY,ID_PRODUCTION_DAILY) values (4,22,'TUBAN III',1,71,null,null,null);
Insert into QMUSER.V_DASHBOARD (ID_COMPANY,ID_PLANT,NM_PLANT,ID_GROUPAREA,ID_AREA,DATE_DATA,DATE_ENTRY,ID_PRODUCTION_DAILY) values (4,22,'TUBAN III',1,70,null,null,null);
Insert into QMUSER.V_DASHBOARD (ID_COMPANY,ID_PLANT,NM_PLANT,ID_GROUPAREA,ID_AREA,DATE_DATA,DATE_ENTRY,ID_PRODUCTION_DAILY) values (4,22,'TUBAN III',2,null,null,null,null);
Insert into QMUSER.V_DASHBOARD (ID_COMPANY,ID_PLANT,NM_PLANT,ID_GROUPAREA,ID_AREA,DATE_DATA,DATE_ENTRY,ID_PRODUCTION_DAILY) values (4,22,'TUBAN III',3,null,null,null,null);
Insert into QMUSER.V_DASHBOARD (ID_COMPANY,ID_PLANT,NM_PLANT,ID_GROUPAREA,ID_AREA,DATE_DATA,DATE_ENTRY,ID_PRODUCTION_DAILY) values (4,22,'TUBAN III',4,null,null,null,null);
Insert into QMUSER.V_DASHBOARD (ID_COMPANY,ID_PLANT,NM_PLANT,ID_GROUPAREA,ID_AREA,DATE_DATA,DATE_ENTRY,ID_PRODUCTION_DAILY) values (4,22,'TUBAN III',6,null,null,null,null);
Insert into QMUSER.V_DASHBOARD (ID_COMPANY,ID_PLANT,NM_PLANT,ID_GROUPAREA,ID_AREA,DATE_DATA,DATE_ENTRY,ID_PRODUCTION_DAILY) values (4,22,'TUBAN III',7,null,null,null,null);
Insert into QMUSER.V_DASHBOARD (ID_COMPANY,ID_PLANT,NM_PLANT,ID_GROUPAREA,ID_AREA,DATE_DATA,DATE_ENTRY,ID_PRODUCTION_DAILY) values (4,22,'TUBAN III',21,null,null,null,null);
Insert into QMUSER.V_DASHBOARD (ID_COMPANY,ID_PLANT,NM_PLANT,ID_GROUPAREA,ID_AREA,DATE_DATA,DATE_ENTRY,ID_PRODUCTION_DAILY) values (4,22,'TUBAN III',1,71,null,null,null);
Insert into QMUSER.V_DASHBOARD (ID_COMPANY,ID_PLANT,NM_PLANT,ID_GROUPAREA,ID_AREA,DATE_DATA,DATE_ENTRY,ID_PRODUCTION_DAILY) values (4,22,'TUBAN III',1,70,null,null,null);
Insert into QMUSER.V_DASHBOARD (ID_COMPANY,ID_PLANT,NM_PLANT,ID_GROUPAREA,ID_AREA,DATE_DATA,DATE_ENTRY,ID_PRODUCTION_DAILY) values (4,22,'TUBAN III',2,null,null,null,null);
Insert into QMUSER.V_DASHBOARD (ID_COMPANY,ID_PLANT,NM_PLANT,ID_GROUPAREA,ID_AREA,DATE_DATA,DATE_ENTRY,ID_PRODUCTION_DAILY) values (4,22,'TUBAN III',3,null,null,null,null);
Insert into QMUSER.V_DASHBOARD (ID_COMPANY,ID_PLANT,NM_PLANT,ID_GROUPAREA,ID_AREA,DATE_DATA,DATE_ENTRY,ID_PRODUCTION_DAILY) values (4,22,'TUBAN III',4,null,null,null,null);
Insert into QMUSER.V_DASHBOARD (ID_COMPANY,ID_PLANT,NM_PLANT,ID_GROUPAREA,ID_AREA,DATE_DATA,DATE_ENTRY,ID_PRODUCTION_DAILY) values (4,22,'TUBAN III',6,null,null,null,null);
Insert into QMUSER.V_DASHBOARD (ID_COMPANY,ID_PLANT,NM_PLANT,ID_GROUPAREA,ID_AREA,DATE_DATA,DATE_ENTRY,ID_PRODUCTION_DAILY) values (4,22,'TUBAN III',7,null,null,null,null);
Insert into QMUSER.V_DASHBOARD (ID_COMPANY,ID_PLANT,NM_PLANT,ID_GROUPAREA,ID_AREA,DATE_DATA,DATE_ENTRY,ID_PRODUCTION_DAILY) values (4,22,'TUBAN III',21,null,null,null,null);
Insert into QMUSER.V_DASHBOARD (ID_COMPANY,ID_PLANT,NM_PLANT,ID_GROUPAREA,ID_AREA,DATE_DATA,DATE_ENTRY,ID_PRODUCTION_DAILY) values (4,22,'TUBAN III',1,71,null,null,null);
Insert into QMUSER.V_DASHBOARD (ID_COMPANY,ID_PLANT,NM_PLANT,ID_GROUPAREA,ID_AREA,DATE_DATA,DATE_ENTRY,ID_PRODUCTION_DAILY) values (4,22,'TUBAN III',1,70,null,null,null);
Insert into QMUSER.V_DASHBOARD (ID_COMPANY,ID_PLANT,NM_PLANT,ID_GROUPAREA,ID_AREA,DATE_DATA,DATE_ENTRY,ID_PRODUCTION_DAILY) values (4,22,'TUBAN III',2,null,null,null,null);
Insert into QMUSER.V_DASHBOARD (ID_COMPANY,ID_PLANT,NM_PLANT,ID_GROUPAREA,ID_AREA,DATE_DATA,DATE_ENTRY,ID_PRODUCTION_DAILY) values (4,22,'TUBAN III',3,null,null,null,null);
Insert into QMUSER.V_DASHBOARD (ID_COMPANY,ID_PLANT,NM_PLANT,ID_GROUPAREA,ID_AREA,DATE_DATA,DATE_ENTRY,ID_PRODUCTION_DAILY) values (4,22,'TUBAN III',4,null,null,null,null);
Insert into QMUSER.V_DASHBOARD (ID_COMPANY,ID_PLANT,NM_PLANT,ID_GROUPAREA,ID_AREA,DATE_DATA,DATE_ENTRY,ID_PRODUCTION_DAILY) values (4,22,'TUBAN III',6,null,null,null,null);
Insert into QMUSER.V_DASHBOARD (ID_COMPANY,ID_PLANT,NM_PLANT,ID_GROUPAREA,ID_AREA,DATE_DATA,DATE_ENTRY,ID_PRODUCTION_DAILY) values (4,22,'TUBAN III',7,null,null,null,null);
Insert into QMUSER.V_DASHBOARD (ID_COMPANY,ID_PLANT,NM_PLANT,ID_GROUPAREA,ID_AREA,DATE_DATA,DATE_ENTRY,ID_PRODUCTION_DAILY) values (4,22,'TUBAN III',21,null,null,null,null);
Insert into QMUSER.V_DASHBOARD (ID_COMPANY,ID_PLANT,NM_PLANT,ID_GROUPAREA,ID_AREA,DATE_DATA,DATE_ENTRY,ID_PRODUCTION_DAILY) values (4,22,'TUBAN III',1,71,null,null,null);
Insert into QMUSER.V_DASHBOARD (ID_COMPANY,ID_PLANT,NM_PLANT,ID_GROUPAREA,ID_AREA,DATE_DATA,DATE_ENTRY,ID_PRODUCTION_DAILY) values (4,22,'TUBAN III',1,70,null,null,null);
Insert into QMUSER.V_DASHBOARD (ID_COMPANY,ID_PLANT,NM_PLANT,ID_GROUPAREA,ID_AREA,DATE_DATA,DATE_ENTRY,ID_PRODUCTION_DAILY) values (4,22,'TUBAN III',2,null,null,null,null);
Insert into QMUSER.V_DASHBOARD (ID_COMPANY,ID_PLANT,NM_PLANT,ID_GROUPAREA,ID_AREA,DATE_DATA,DATE_ENTRY,ID_PRODUCTION_DAILY) values (4,22,'TUBAN III',3,null,null,null,null);
Insert into QMUSER.V_DASHBOARD (ID_COMPANY,ID_PLANT,NM_PLANT,ID_GROUPAREA,ID_AREA,DATE_DATA,DATE_ENTRY,ID_PRODUCTION_DAILY) values (4,22,'TUBAN III',4,null,null,null,null);
Insert into QMUSER.V_DASHBOARD (ID_COMPANY,ID_PLANT,NM_PLANT,ID_GROUPAREA,ID_AREA,DATE_DATA,DATE_ENTRY,ID_PRODUCTION_DAILY) values (4,22,'TUBAN III',6,null,null,null,null);
Insert into QMUSER.V_DASHBOARD (ID_COMPANY,ID_PLANT,NM_PLANT,ID_GROUPAREA,ID_AREA,DATE_DATA,DATE_ENTRY,ID_PRODUCTION_DAILY) values (4,22,'TUBAN III',7,null,null,null,null);
Insert into QMUSER.V_DASHBOARD (ID_COMPANY,ID_PLANT,NM_PLANT,ID_GROUPAREA,ID_AREA,DATE_DATA,DATE_ENTRY,ID_PRODUCTION_DAILY) values (4,22,'TUBAN III',21,null,null,null,null);
Insert into QMUSER.V_DASHBOARD (ID_COMPANY,ID_PLANT,NM_PLANT,ID_GROUPAREA,ID_AREA,DATE_DATA,DATE_ENTRY,ID_PRODUCTION_DAILY) values (4,22,'TUBAN III',1,71,null,null,null);
Insert into QMUSER.V_DASHBOARD (ID_COMPANY,ID_PLANT,NM_PLANT,ID_GROUPAREA,ID_AREA,DATE_DATA,DATE_ENTRY,ID_PRODUCTION_DAILY) values (4,22,'TUBAN III',1,70,null,null,null);
Insert into QMUSER.V_DASHBOARD (ID_COMPANY,ID_PLANT,NM_PLANT,ID_GROUPAREA,ID_AREA,DATE_DATA,DATE_ENTRY,ID_PRODUCTION_DAILY) values (4,22,'TUBAN III',2,null,null,null,null);
Insert into QMUSER.V_DASHBOARD (ID_COMPANY,ID_PLANT,NM_PLANT,ID_GROUPAREA,ID_AREA,DATE_DATA,DATE_ENTRY,ID_PRODUCTION_DAILY) values (4,22,'TUBAN III',3,null,null,null,null);
Insert into QMUSER.V_DASHBOARD (ID_COMPANY,ID_PLANT,NM_PLANT,ID_GROUPAREA,ID_AREA,DATE_DATA,DATE_ENTRY,ID_PRODUCTION_DAILY) values (4,22,'TUBAN III',4,null,null,null,null);
Insert into QMUSER.V_DASHBOARD (ID_COMPANY,ID_PLANT,NM_PLANT,ID_GROUPAREA,ID_AREA,DATE_DATA,DATE_ENTRY,ID_PRODUCTION_DAILY) values (4,22,'TUBAN III',6,null,null,null,null);
Insert into QMUSER.V_DASHBOARD (ID_COMPANY,ID_PLANT,NM_PLANT,ID_GROUPAREA,ID_AREA,DATE_DATA,DATE_ENTRY,ID_PRODUCTION_DAILY) values (4,22,'TUBAN III',7,null,null,null,null);
Insert into QMUSER.V_DASHBOARD (ID_COMPANY,ID_PLANT,NM_PLANT,ID_GROUPAREA,ID_AREA,DATE_DATA,DATE_ENTRY,ID_PRODUCTION_DAILY) values (4,22,'TUBAN III',21,null,null,null,null);
Insert into QMUSER.V_DASHBOARD (ID_COMPANY,ID_PLANT,NM_PLANT,ID_GROUPAREA,ID_AREA,DATE_DATA,DATE_ENTRY,ID_PRODUCTION_DAILY) values (4,22,'TUBAN III',1,71,null,null,null);
Insert into QMUSER.V_DASHBOARD (ID_COMPANY,ID_PLANT,NM_PLANT,ID_GROUPAREA,ID_AREA,DATE_DATA,DATE_ENTRY,ID_PRODUCTION_DAILY) values (4,22,'TUBAN III',1,70,null,null,null);
Insert into QMUSER.V_DASHBOARD (ID_COMPANY,ID_PLANT,NM_PLANT,ID_GROUPAREA,ID_AREA,DATE_DATA,DATE_ENTRY,ID_PRODUCTION_DAILY) values (4,22,'TUBAN III',2,null,null,null,null);
Insert into QMUSER.V_DASHBOARD (ID_COMPANY,ID_PLANT,NM_PLANT,ID_GROUPAREA,ID_AREA,DATE_DATA,DATE_ENTRY,ID_PRODUCTION_DAILY) values (4,22,'TUBAN III',3,null,null,null,null);
Insert into QMUSER.V_DASHBOARD (ID_COMPANY,ID_PLANT,NM_PLANT,ID_GROUPAREA,ID_AREA,DATE_DATA,DATE_ENTRY,ID_PRODUCTION_DAILY) values (4,22,'TUBAN III',4,null,null,null,null);
Insert into QMUSER.V_DASHBOARD (ID_COMPANY,ID_PLANT,NM_PLANT,ID_GROUPAREA,ID_AREA,DATE_DATA,DATE_ENTRY,ID_PRODUCTION_DAILY) values (4,22,'TUBAN III',6,null,null,null,null);
Insert into QMUSER.V_DASHBOARD (ID_COMPANY,ID_PLANT,NM_PLANT,ID_GROUPAREA,ID_AREA,DATE_DATA,DATE_ENTRY,ID_PRODUCTION_DAILY) values (4,22,'TUBAN III',7,null,null,null,null);
Insert into QMUSER.V_DASHBOARD (ID_COMPANY,ID_PLANT,NM_PLANT,ID_GROUPAREA,ID_AREA,DATE_DATA,DATE_ENTRY,ID_PRODUCTION_DAILY) values (4,22,'TUBAN III',21,null,null,null,null);
Insert into QMUSER.V_DASHBOARD (ID_COMPANY,ID_PLANT,NM_PLANT,ID_GROUPAREA,ID_AREA,DATE_DATA,DATE_ENTRY,ID_PRODUCTION_DAILY) values (4,22,'TUBAN III',1,71,null,null,null);
Insert into QMUSER.V_DASHBOARD (ID_COMPANY,ID_PLANT,NM_PLANT,ID_GROUPAREA,ID_AREA,DATE_DATA,DATE_ENTRY,ID_PRODUCTION_DAILY) values (4,22,'TUBAN III',1,70,null,null,null);
Insert into QMUSER.V_DASHBOARD (ID_COMPANY,ID_PLANT,NM_PLANT,ID_GROUPAREA,ID_AREA,DATE_DATA,DATE_ENTRY,ID_PRODUCTION_DAILY) values (4,22,'TUBAN III',2,null,null,null,null);
Insert into QMUSER.V_DASHBOARD (ID_COMPANY,ID_PLANT,NM_PLANT,ID_GROUPAREA,ID_AREA,DATE_DATA,DATE_ENTRY,ID_PRODUCTION_DAILY) values (4,22,'TUBAN III',3,null,null,null,null);
Insert into QMUSER.V_DASHBOARD (ID_COMPANY,ID_PLANT,NM_PLANT,ID_GROUPAREA,ID_AREA,DATE_DATA,DATE_ENTRY,ID_PRODUCTION_DAILY) values (4,22,'TUBAN III',4,null,null,null,null);
Insert into QMUSER.V_DASHBOARD (ID_COMPANY,ID_PLANT,NM_PLANT,ID_GROUPAREA,ID_AREA,DATE_DATA,DATE_ENTRY,ID_PRODUCTION_DAILY) values (4,22,'TUBAN III',6,null,null,null,null);
Insert into QMUSER.V_DASHBOARD (ID_COMPANY,ID_PLANT,NM_PLANT,ID_GROUPAREA,ID_AREA,DATE_DATA,DATE_ENTRY,ID_PRODUCTION_DAILY) values (4,22,'TUBAN III',7,null,null,null,null);
Insert into QMUSER.V_DASHBOARD (ID_COMPANY,ID_PLANT,NM_PLANT,ID_GROUPAREA,ID_AREA,DATE_DATA,DATE_ENTRY,ID_PRODUCTION_DAILY) values (4,22,'TUBAN III',21,null,null,null,null);
Insert into QMUSER.V_DASHBOARD (ID_COMPANY,ID_PLANT,NM_PLANT,ID_GROUPAREA,ID_AREA,DATE_DATA,DATE_ENTRY,ID_PRODUCTION_DAILY) values (4,22,'TUBAN III',1,71,null,null,null);
Insert into QMUSER.V_DASHBOARD (ID_COMPANY,ID_PLANT,NM_PLANT,ID_GROUPAREA,ID_AREA,DATE_DATA,DATE_ENTRY,ID_PRODUCTION_DAILY) values (4,22,'TUBAN III',1,70,null,null,null);
Insert into QMUSER.V_DASHBOARD (ID_COMPANY,ID_PLANT,NM_PLANT,ID_GROUPAREA,ID_AREA,DATE_DATA,DATE_ENTRY,ID_PRODUCTION_DAILY) values (4,22,'TUBAN III',2,null,null,null,null);
Insert into QMUSER.V_DASHBOARD (ID_COMPANY,ID_PLANT,NM_PLANT,ID_GROUPAREA,ID_AREA,DATE_DATA,DATE_ENTRY,ID_PRODUCTION_DAILY) values (4,22,'TUBAN III',3,null,null,null,null);
Insert into QMUSER.V_DASHBOARD (ID_COMPANY,ID_PLANT,NM_PLANT,ID_GROUPAREA,ID_AREA,DATE_DATA,DATE_ENTRY,ID_PRODUCTION_DAILY) values (4,22,'TUBAN III',4,null,null,null,null);
Insert into QMUSER.V_DASHBOARD (ID_COMPANY,ID_PLANT,NM_PLANT,ID_GROUPAREA,ID_AREA,DATE_DATA,DATE_ENTRY,ID_PRODUCTION_DAILY) values (4,22,'TUBAN III',6,null,null,null,null);
Insert into QMUSER.V_DASHBOARD (ID_COMPANY,ID_PLANT,NM_PLANT,ID_GROUPAREA,ID_AREA,DATE_DATA,DATE_ENTRY,ID_PRODUCTION_DAILY) values (4,22,'TUBAN III',7,null,null,null,null);
Insert into QMUSER.V_DASHBOARD (ID_COMPANY,ID_PLANT,NM_PLANT,ID_GROUPAREA,ID_AREA,DATE_DATA,DATE_ENTRY,ID_PRODUCTION_DAILY) values (4,22,'TUBAN III',21,null,null,null,null);
Insert into QMUSER.V_DASHBOARD (ID_COMPANY,ID_PLANT,NM_PLANT,ID_GROUPAREA,ID_AREA,DATE_DATA,DATE_ENTRY,ID_PRODUCTION_DAILY) values (4,22,'TUBAN III',1,71,null,null,null);
Insert into QMUSER.V_DASHBOARD (ID_COMPANY,ID_PLANT,NM_PLANT,ID_GROUPAREA,ID_AREA,DATE_DATA,DATE_ENTRY,ID_PRODUCTION_DAILY) values (4,22,'TUBAN III',1,70,null,null,null);
Insert into QMUSER.V_DASHBOARD (ID_COMPANY,ID_PLANT,NM_PLANT,ID_GROUPAREA,ID_AREA,DATE_DATA,DATE_ENTRY,ID_PRODUCTION_DAILY) values (4,22,'TUBAN III',2,null,null,null,null);
Insert into QMUSER.V_DASHBOARD (ID_COMPANY,ID_PLANT,NM_PLANT,ID_GROUPAREA,ID_AREA,DATE_DATA,DATE_ENTRY,ID_PRODUCTION_DAILY) values (4,22,'TUBAN III',3,null,null,null,null);
Insert into QMUSER.V_DASHBOARD (ID_COMPANY,ID_PLANT,NM_PLANT,ID_GROUPAREA,ID_AREA,DATE_DATA,DATE_ENTRY,ID_PRODUCTION_DAILY) values (4,22,'TUBAN III',4,null,null,null,null);
Insert into QMUSER.V_DASHBOARD (ID_COMPANY,ID_PLANT,NM_PLANT,ID_GROUPAREA,ID_AREA,DATE_DATA,DATE_ENTRY,ID_PRODUCTION_DAILY) values (4,22,'TUBAN III',6,null,null,null,null);
Insert into QMUSER.V_DASHBOARD (ID_COMPANY,ID_PLANT,NM_PLANT,ID_GROUPAREA,ID_AREA,DATE_DATA,DATE_ENTRY,ID_PRODUCTION_DAILY) values (4,22,'TUBAN III',7,null,null,null,null);
Insert into QMUSER.V_DASHBOARD (ID_COMPANY,ID_PLANT,NM_PLANT,ID_GROUPAREA,ID_AREA,DATE_DATA,DATE_ENTRY,ID_PRODUCTION_DAILY) values (4,22,'TUBAN III',21,null,null,null,null);
Insert into QMUSER.V_DASHBOARD (ID_COMPANY,ID_PLANT,NM_PLANT,ID_GROUPAREA,ID_AREA,DATE_DATA,DATE_ENTRY,ID_PRODUCTION_DAILY) values (4,22,'TUBAN III',1,71,null,null,null);
Insert into QMUSER.V_DASHBOARD (ID_COMPANY,ID_PLANT,NM_PLANT,ID_GROUPAREA,ID_AREA,DATE_DATA,DATE_ENTRY,ID_PRODUCTION_DAILY) values (4,22,'TUBAN III',1,70,null,null,null);
Insert into QMUSER.V_DASHBOARD (ID_COMPANY,ID_PLANT,NM_PLANT,ID_GROUPAREA,ID_AREA,DATE_DATA,DATE_ENTRY,ID_PRODUCTION_DAILY) values (4,22,'TUBAN III',2,null,null,null,null);
Insert into QMUSER.V_DASHBOARD (ID_COMPANY,ID_PLANT,NM_PLANT,ID_GROUPAREA,ID_AREA,DATE_DATA,DATE_ENTRY,ID_PRODUCTION_DAILY) values (4,22,'TUBAN III',3,null,null,null,null);
Insert into QMUSER.V_DASHBOARD (ID_COMPANY,ID_PLANT,NM_PLANT,ID_GROUPAREA,ID_AREA,DATE_DATA,DATE_ENTRY,ID_PRODUCTION_DAILY) values (4,22,'TUBAN III',4,null,null,null,null);
Insert into QMUSER.V_DASHBOARD (ID_COMPANY,ID_PLANT,NM_PLANT,ID_GROUPAREA,ID_AREA,DATE_DATA,DATE_ENTRY,ID_PRODUCTION_DAILY) values (4,22,'TUBAN III',6,null,null,null,null);
Insert into QMUSER.V_DASHBOARD (ID_COMPANY,ID_PLANT,NM_PLANT,ID_GROUPAREA,ID_AREA,DATE_DATA,DATE_ENTRY,ID_PRODUCTION_DAILY) values (4,22,'TUBAN III',7,null,null,null,null);
Insert into QMUSER.V_DASHBOARD (ID_COMPANY,ID_PLANT,NM_PLANT,ID_GROUPAREA,ID_AREA,DATE_DATA,DATE_ENTRY,ID_PRODUCTION_DAILY) values (4,22,'TUBAN III',21,null,null,null,null);
Insert into QMUSER.V_DASHBOARD (ID_COMPANY,ID_PLANT,NM_PLANT,ID_GROUPAREA,ID_AREA,DATE_DATA,DATE_ENTRY,ID_PRODUCTION_DAILY) values (4,22,'TUBAN III',1,71,null,null,null);
Insert into QMUSER.V_DASHBOARD (ID_COMPANY,ID_PLANT,NM_PLANT,ID_GROUPAREA,ID_AREA,DATE_DATA,DATE_ENTRY,ID_PRODUCTION_DAILY) values (4,22,'TUBAN III',1,70,null,null,null);
Insert into QMUSER.V_DASHBOARD (ID_COMPANY,ID_PLANT,NM_PLANT,ID_GROUPAREA,ID_AREA,DATE_DATA,DATE_ENTRY,ID_PRODUCTION_DAILY) values (4,22,'TUBAN III',2,null,null,null,null);
Insert into QMUSER.V_DASHBOARD (ID_COMPANY,ID_PLANT,NM_PLANT,ID_GROUPAREA,ID_AREA,DATE_DATA,DATE_ENTRY,ID_PRODUCTION_DAILY) values (4,22,'TUBAN III',3,null,null,null,null);
Insert into QMUSER.V_DASHBOARD (ID_COMPANY,ID_PLANT,NM_PLANT,ID_GROUPAREA,ID_AREA,DATE_DATA,DATE_ENTRY,ID_PRODUCTION_DAILY) values (4,22,'TUBAN III',4,null,null,null,null);
Insert into QMUSER.V_DASHBOARD (ID_COMPANY,ID_PLANT,NM_PLANT,ID_GROUPAREA,ID_AREA,DATE_DATA,DATE_ENTRY,ID_PRODUCTION_DAILY) values (4,22,'TUBAN III',6,null,null,null,null);
Insert into QMUSER.V_DASHBOARD (ID_COMPANY,ID_PLANT,NM_PLANT,ID_GROUPAREA,ID_AREA,DATE_DATA,DATE_ENTRY,ID_PRODUCTION_DAILY) values (4,22,'TUBAN III',7,null,null,null,null);
Insert into QMUSER.V_DASHBOARD (ID_COMPANY,ID_PLANT,NM_PLANT,ID_GROUPAREA,ID_AREA,DATE_DATA,DATE_ENTRY,ID_PRODUCTION_DAILY) values (4,22,'TUBAN III',21,null,null,null,null);
Insert into QMUSER.V_DASHBOARD (ID_COMPANY,ID_PLANT,NM_PLANT,ID_GROUPAREA,ID_AREA,DATE_DATA,DATE_ENTRY,ID_PRODUCTION_DAILY) values (4,23,'TUBAN IV',1,72,null,null,null);
Insert into QMUSER.V_DASHBOARD (ID_COMPANY,ID_PLANT,NM_PLANT,ID_GROUPAREA,ID_AREA,DATE_DATA,DATE_ENTRY,ID_PRODUCTION_DAILY) values (4,23,'TUBAN IV',1,73,null,null,null);
Insert into QMUSER.V_DASHBOARD (ID_COMPANY,ID_PLANT,NM_PLANT,ID_GROUPAREA,ID_AREA,DATE_DATA,DATE_ENTRY,ID_PRODUCTION_DAILY) values (4,23,'TUBAN IV',2,null,null,null,null);
Insert into QMUSER.V_DASHBOARD (ID_COMPANY,ID_PLANT,NM_PLANT,ID_GROUPAREA,ID_AREA,DATE_DATA,DATE_ENTRY,ID_PRODUCTION_DAILY) values (4,23,'TUBAN IV',3,null,null,null,null);
Insert into QMUSER.V_DASHBOARD (ID_COMPANY,ID_PLANT,NM_PLANT,ID_GROUPAREA,ID_AREA,DATE_DATA,DATE_ENTRY,ID_PRODUCTION_DAILY) values (4,23,'TUBAN IV',4,null,null,null,null);
Insert into QMUSER.V_DASHBOARD (ID_COMPANY,ID_PLANT,NM_PLANT,ID_GROUPAREA,ID_AREA,DATE_DATA,DATE_ENTRY,ID_PRODUCTION_DAILY) values (4,23,'TUBAN IV',6,null,null,null,null);
Insert into QMUSER.V_DASHBOARD (ID_COMPANY,ID_PLANT,NM_PLANT,ID_GROUPAREA,ID_AREA,DATE_DATA,DATE_ENTRY,ID_PRODUCTION_DAILY) values (4,23,'TUBAN IV',7,null,null,null,null);
Insert into QMUSER.V_DASHBOARD (ID_COMPANY,ID_PLANT,NM_PLANT,ID_GROUPAREA,ID_AREA,DATE_DATA,DATE_ENTRY,ID_PRODUCTION_DAILY) values (4,23,'TUBAN IV',21,null,null,null,null);
Insert into QMUSER.V_DASHBOARD (ID_COMPANY,ID_PLANT,NM_PLANT,ID_GROUPAREA,ID_AREA,DATE_DATA,DATE_ENTRY,ID_PRODUCTION_DAILY) values (4,23,'TUBAN IV',1,72,null,null,null);
Insert into QMUSER.V_DASHBOARD (ID_COMPANY,ID_PLANT,NM_PLANT,ID_GROUPAREA,ID_AREA,DATE_DATA,DATE_ENTRY,ID_PRODUCTION_DAILY) values (4,23,'TUBAN IV',1,73,null,null,null);
Insert into QMUSER.V_DASHBOARD (ID_COMPANY,ID_PLANT,NM_PLANT,ID_GROUPAREA,ID_AREA,DATE_DATA,DATE_ENTRY,ID_PRODUCTION_DAILY) values (4,23,'TUBAN IV',2,null,null,null,null);
Insert into QMUSER.V_DASHBOARD (ID_COMPANY,ID_PLANT,NM_PLANT,ID_GROUPAREA,ID_AREA,DATE_DATA,DATE_ENTRY,ID_PRODUCTION_DAILY) values (4,23,'TUBAN IV',3,null,null,null,null);
Insert into QMUSER.V_DASHBOARD (ID_COMPANY,ID_PLANT,NM_PLANT,ID_GROUPAREA,ID_AREA,DATE_DATA,DATE_ENTRY,ID_PRODUCTION_DAILY) values (4,23,'TUBAN IV',4,null,null,null,null);
Insert into QMUSER.V_DASHBOARD (ID_COMPANY,ID_PLANT,NM_PLANT,ID_GROUPAREA,ID_AREA,DATE_DATA,DATE_ENTRY,ID_PRODUCTION_DAILY) values (4,23,'TUBAN IV',6,null,null,null,null);
Insert into QMUSER.V_DASHBOARD (ID_COMPANY,ID_PLANT,NM_PLANT,ID_GROUPAREA,ID_AREA,DATE_DATA,DATE_ENTRY,ID_PRODUCTION_DAILY) values (4,23,'TUBAN IV',7,null,null,null,null);
Insert into QMUSER.V_DASHBOARD (ID_COMPANY,ID_PLANT,NM_PLANT,ID_GROUPAREA,ID_AREA,DATE_DATA,DATE_ENTRY,ID_PRODUCTION_DAILY) values (4,23,'TUBAN IV',21,null,null,null,null);
Insert into QMUSER.V_DASHBOARD (ID_COMPANY,ID_PLANT,NM_PLANT,ID_GROUPAREA,ID_AREA,DATE_DATA,DATE_ENTRY,ID_PRODUCTION_DAILY) values (4,23,'TUBAN IV',1,72,null,null,null);
Insert into QMUSER.V_DASHBOARD (ID_COMPANY,ID_PLANT,NM_PLANT,ID_GROUPAREA,ID_AREA,DATE_DATA,DATE_ENTRY,ID_PRODUCTION_DAILY) values (4,23,'TUBAN IV',1,73,null,null,null);
Insert into QMUSER.V_DASHBOARD (ID_COMPANY,ID_PLANT,NM_PLANT,ID_GROUPAREA,ID_AREA,DATE_DATA,DATE_ENTRY,ID_PRODUCTION_DAILY) values (4,23,'TUBAN IV',2,null,null,null,null);
Insert into QMUSER.V_DASHBOARD (ID_COMPANY,ID_PLANT,NM_PLANT,ID_GROUPAREA,ID_AREA,DATE_DATA,DATE_ENTRY,ID_PRODUCTION_DAILY) values (4,23,'TUBAN IV',3,null,null,null,null);
Insert into QMUSER.V_DASHBOARD (ID_COMPANY,ID_PLANT,NM_PLANT,ID_GROUPAREA,ID_AREA,DATE_DATA,DATE_ENTRY,ID_PRODUCTION_DAILY) values (4,23,'TUBAN IV',4,null,null,null,null);
Insert into QMUSER.V_DASHBOARD (ID_COMPANY,ID_PLANT,NM_PLANT,ID_GROUPAREA,ID_AREA,DATE_DATA,DATE_ENTRY,ID_PRODUCTION_DAILY) values (4,23,'TUBAN IV',6,null,null,null,null);
Insert into QMUSER.V_DASHBOARD (ID_COMPANY,ID_PLANT,NM_PLANT,ID_GROUPAREA,ID_AREA,DATE_DATA,DATE_ENTRY,ID_PRODUCTION_DAILY) values (4,23,'TUBAN IV',7,null,null,null,null);
Insert into QMUSER.V_DASHBOARD (ID_COMPANY,ID_PLANT,NM_PLANT,ID_GROUPAREA,ID_AREA,DATE_DATA,DATE_ENTRY,ID_PRODUCTION_DAILY) values (4,23,'TUBAN IV',21,null,null,null,null);
Insert into QMUSER.V_DASHBOARD (ID_COMPANY,ID_PLANT,NM_PLANT,ID_GROUPAREA,ID_AREA,DATE_DATA,DATE_ENTRY,ID_PRODUCTION_DAILY) values (4,23,'TUBAN IV',1,72,null,null,null);
Insert into QMUSER.V_DASHBOARD (ID_COMPANY,ID_PLANT,NM_PLANT,ID_GROUPAREA,ID_AREA,DATE_DATA,DATE_ENTRY,ID_PRODUCTION_DAILY) values (4,23,'TUBAN IV',1,73,null,null,null);
Insert into QMUSER.V_DASHBOARD (ID_COMPANY,ID_PLANT,NM_PLANT,ID_GROUPAREA,ID_AREA,DATE_DATA,DATE_ENTRY,ID_PRODUCTION_DAILY) values (4,23,'TUBAN IV',2,null,null,null,null);
Insert into QMUSER.V_DASHBOARD (ID_COMPANY,ID_PLANT,NM_PLANT,ID_GROUPAREA,ID_AREA,DATE_DATA,DATE_ENTRY,ID_PRODUCTION_DAILY) values (4,23,'TUBAN IV',3,null,null,null,null);
Insert into QMUSER.V_DASHBOARD (ID_COMPANY,ID_PLANT,NM_PLANT,ID_GROUPAREA,ID_AREA,DATE_DATA,DATE_ENTRY,ID_PRODUCTION_DAILY) values (4,23,'TUBAN IV',4,null,null,null,null);
Insert into QMUSER.V_DASHBOARD (ID_COMPANY,ID_PLANT,NM_PLANT,ID_GROUPAREA,ID_AREA,DATE_DATA,DATE_ENTRY,ID_PRODUCTION_DAILY) values (4,23,'TUBAN IV',6,null,null,null,null);
Insert into QMUSER.V_DASHBOARD (ID_COMPANY,ID_PLANT,NM_PLANT,ID_GROUPAREA,ID_AREA,DATE_DATA,DATE_ENTRY,ID_PRODUCTION_DAILY) values (4,23,'TUBAN IV',7,null,null,null,null);
Insert into QMUSER.V_DASHBOARD (ID_COMPANY,ID_PLANT,NM_PLANT,ID_GROUPAREA,ID_AREA,DATE_DATA,DATE_ENTRY,ID_PRODUCTION_DAILY) values (4,23,'TUBAN IV',21,null,null,null,null);
Insert into QMUSER.V_DASHBOARD (ID_COMPANY,ID_PLANT,NM_PLANT,ID_GROUPAREA,ID_AREA,DATE_DATA,DATE_ENTRY,ID_PRODUCTION_DAILY) values (4,23,'TUBAN IV',1,72,null,null,null);
Insert into QMUSER.V_DASHBOARD (ID_COMPANY,ID_PLANT,NM_PLANT,ID_GROUPAREA,ID_AREA,DATE_DATA,DATE_ENTRY,ID_PRODUCTION_DAILY) values (4,23,'TUBAN IV',1,73,null,null,null);
Insert into QMUSER.V_DASHBOARD (ID_COMPANY,ID_PLANT,NM_PLANT,ID_GROUPAREA,ID_AREA,DATE_DATA,DATE_ENTRY,ID_PRODUCTION_DAILY) values (4,23,'TUBAN IV',2,null,null,null,null);
Insert into QMUSER.V_DASHBOARD (ID_COMPANY,ID_PLANT,NM_PLANT,ID_GROUPAREA,ID_AREA,DATE_DATA,DATE_ENTRY,ID_PRODUCTION_DAILY) values (4,23,'TUBAN IV',3,null,null,null,null);
Insert into QMUSER.V_DASHBOARD (ID_COMPANY,ID_PLANT,NM_PLANT,ID_GROUPAREA,ID_AREA,DATE_DATA,DATE_ENTRY,ID_PRODUCTION_DAILY) values (4,23,'TUBAN IV',4,null,null,null,null);
Insert into QMUSER.V_DASHBOARD (ID_COMPANY,ID_PLANT,NM_PLANT,ID_GROUPAREA,ID_AREA,DATE_DATA,DATE_ENTRY,ID_PRODUCTION_DAILY) values (4,23,'TUBAN IV',6,null,null,null,null);
Insert into QMUSER.V_DASHBOARD (ID_COMPANY,ID_PLANT,NM_PLANT,ID_GROUPAREA,ID_AREA,DATE_DATA,DATE_ENTRY,ID_PRODUCTION_DAILY) values (4,23,'TUBAN IV',7,null,null,null,null);
Insert into QMUSER.V_DASHBOARD (ID_COMPANY,ID_PLANT,NM_PLANT,ID_GROUPAREA,ID_AREA,DATE_DATA,DATE_ENTRY,ID_PRODUCTION_DAILY) values (4,23,'TUBAN IV',21,null,null,null,null);
Insert into QMUSER.V_DASHBOARD (ID_COMPANY,ID_PLANT,NM_PLANT,ID_GROUPAREA,ID_AREA,DATE_DATA,DATE_ENTRY,ID_PRODUCTION_DAILY) values (4,23,'TUBAN IV',1,72,null,null,null);
Insert into QMUSER.V_DASHBOARD (ID_COMPANY,ID_PLANT,NM_PLANT,ID_GROUPAREA,ID_AREA,DATE_DATA,DATE_ENTRY,ID_PRODUCTION_DAILY) values (4,23,'TUBAN IV',1,73,null,null,null);
Insert into QMUSER.V_DASHBOARD (ID_COMPANY,ID_PLANT,NM_PLANT,ID_GROUPAREA,ID_AREA,DATE_DATA,DATE_ENTRY,ID_PRODUCTION_DAILY) values (4,23,'TUBAN IV',2,null,null,null,null);
Insert into QMUSER.V_DASHBOARD (ID_COMPANY,ID_PLANT,NM_PLANT,ID_GROUPAREA,ID_AREA,DATE_DATA,DATE_ENTRY,ID_PRODUCTION_DAILY) values (4,23,'TUBAN IV',3,null,null,null,null);
Insert into QMUSER.V_DASHBOARD (ID_COMPANY,ID_PLANT,NM_PLANT,ID_GROUPAREA,ID_AREA,DATE_DATA,DATE_ENTRY,ID_PRODUCTION_DAILY) values (4,23,'TUBAN IV',4,null,null,null,null);
Insert into QMUSER.V_DASHBOARD (ID_COMPANY,ID_PLANT,NM_PLANT,ID_GROUPAREA,ID_AREA,DATE_DATA,DATE_ENTRY,ID_PRODUCTION_DAILY) values (4,23,'TUBAN IV',6,null,null,null,null);
Insert into QMUSER.V_DASHBOARD (ID_COMPANY,ID_PLANT,NM_PLANT,ID_GROUPAREA,ID_AREA,DATE_DATA,DATE_ENTRY,ID_PRODUCTION_DAILY) values (4,23,'TUBAN IV',7,null,null,null,null);
Insert into QMUSER.V_DASHBOARD (ID_COMPANY,ID_PLANT,NM_PLANT,ID_GROUPAREA,ID_AREA,DATE_DATA,DATE_ENTRY,ID_PRODUCTION_DAILY) values (4,23,'TUBAN IV',21,null,null,null,null);
Insert into QMUSER.V_DASHBOARD (ID_COMPANY,ID_PLANT,NM_PLANT,ID_GROUPAREA,ID_AREA,DATE_DATA,DATE_ENTRY,ID_PRODUCTION_DAILY) values (4,23,'TUBAN IV',1,72,null,null,null);
Insert into QMUSER.V_DASHBOARD (ID_COMPANY,ID_PLANT,NM_PLANT,ID_GROUPAREA,ID_AREA,DATE_DATA,DATE_ENTRY,ID_PRODUCTION_DAILY) values (4,23,'TUBAN IV',1,73,null,null,null);
Insert into QMUSER.V_DASHBOARD (ID_COMPANY,ID_PLANT,NM_PLANT,ID_GROUPAREA,ID_AREA,DATE_DATA,DATE_ENTRY,ID_PRODUCTION_DAILY) values (4,23,'TUBAN IV',2,null,null,null,null);
Insert into QMUSER.V_DASHBOARD (ID_COMPANY,ID_PLANT,NM_PLANT,ID_GROUPAREA,ID_AREA,DATE_DATA,DATE_ENTRY,ID_PRODUCTION_DAILY) values (4,23,'TUBAN IV',3,null,null,null,null);
Insert into QMUSER.V_DASHBOARD (ID_COMPANY,ID_PLANT,NM_PLANT,ID_GROUPAREA,ID_AREA,DATE_DATA,DATE_ENTRY,ID_PRODUCTION_DAILY) values (4,23,'TUBAN IV',4,null,null,null,null);
Insert into QMUSER.V_DASHBOARD (ID_COMPANY,ID_PLANT,NM_PLANT,ID_GROUPAREA,ID_AREA,DATE_DATA,DATE_ENTRY,ID_PRODUCTION_DAILY) values (4,23,'TUBAN IV',6,null,null,null,null);
Insert into QMUSER.V_DASHBOARD (ID_COMPANY,ID_PLANT,NM_PLANT,ID_GROUPAREA,ID_AREA,DATE_DATA,DATE_ENTRY,ID_PRODUCTION_DAILY) values (4,23,'TUBAN IV',7,null,null,null,null);
Insert into QMUSER.V_DASHBOARD (ID_COMPANY,ID_PLANT,NM_PLANT,ID_GROUPAREA,ID_AREA,DATE_DATA,DATE_ENTRY,ID_PRODUCTION_DAILY) values (4,23,'TUBAN IV',21,null,null,null,null);
Insert into QMUSER.V_DASHBOARD (ID_COMPANY,ID_PLANT,NM_PLANT,ID_GROUPAREA,ID_AREA,DATE_DATA,DATE_ENTRY,ID_PRODUCTION_DAILY) values (4,23,'TUBAN IV',1,72,null,null,null);
Insert into QMUSER.V_DASHBOARD (ID_COMPANY,ID_PLANT,NM_PLANT,ID_GROUPAREA,ID_AREA,DATE_DATA,DATE_ENTRY,ID_PRODUCTION_DAILY) values (4,23,'TUBAN IV',1,73,null,null,null);
Insert into QMUSER.V_DASHBOARD (ID_COMPANY,ID_PLANT,NM_PLANT,ID_GROUPAREA,ID_AREA,DATE_DATA,DATE_ENTRY,ID_PRODUCTION_DAILY) values (4,23,'TUBAN IV',2,null,null,null,null);
Insert into QMUSER.V_DASHBOARD (ID_COMPANY,ID_PLANT,NM_PLANT,ID_GROUPAREA,ID_AREA,DATE_DATA,DATE_ENTRY,ID_PRODUCTION_DAILY) values (4,23,'TUBAN IV',3,null,null,null,null);
Insert into QMUSER.V_DASHBOARD (ID_COMPANY,ID_PLANT,NM_PLANT,ID_GROUPAREA,ID_AREA,DATE_DATA,DATE_ENTRY,ID_PRODUCTION_DAILY) values (4,23,'TUBAN IV',4,null,null,null,null);
Insert into QMUSER.V_DASHBOARD (ID_COMPANY,ID_PLANT,NM_PLANT,ID_GROUPAREA,ID_AREA,DATE_DATA,DATE_ENTRY,ID_PRODUCTION_DAILY) values (4,23,'TUBAN IV',6,null,null,null,null);
Insert into QMUSER.V_DASHBOARD (ID_COMPANY,ID_PLANT,NM_PLANT,ID_GROUPAREA,ID_AREA,DATE_DATA,DATE_ENTRY,ID_PRODUCTION_DAILY) values (4,23,'TUBAN IV',7,null,null,null,null);
Insert into QMUSER.V_DASHBOARD (ID_COMPANY,ID_PLANT,NM_PLANT,ID_GROUPAREA,ID_AREA,DATE_DATA,DATE_ENTRY,ID_PRODUCTION_DAILY) values (4,23,'TUBAN IV',21,null,null,null,null);
Insert into QMUSER.V_DASHBOARD (ID_COMPANY,ID_PLANT,NM_PLANT,ID_GROUPAREA,ID_AREA,DATE_DATA,DATE_ENTRY,ID_PRODUCTION_DAILY) values (4,23,'TUBAN IV',1,72,null,null,null);
Insert into QMUSER.V_DASHBOARD (ID_COMPANY,ID_PLANT,NM_PLANT,ID_GROUPAREA,ID_AREA,DATE_DATA,DATE_ENTRY,ID_PRODUCTION_DAILY) values (4,23,'TUBAN IV',1,73,null,null,null);
Insert into QMUSER.V_DASHBOARD (ID_COMPANY,ID_PLANT,NM_PLANT,ID_GROUPAREA,ID_AREA,DATE_DATA,DATE_ENTRY,ID_PRODUCTION_DAILY) values (4,23,'TUBAN IV',2,null,null,null,null);
Insert into QMUSER.V_DASHBOARD (ID_COMPANY,ID_PLANT,NM_PLANT,ID_GROUPAREA,ID_AREA,DATE_DATA,DATE_ENTRY,ID_PRODUCTION_DAILY) values (4,23,'TUBAN IV',3,null,null,null,null);
Insert into QMUSER.V_DASHBOARD (ID_COMPANY,ID_PLANT,NM_PLANT,ID_GROUPAREA,ID_AREA,DATE_DATA,DATE_ENTRY,ID_PRODUCTION_DAILY) values (4,23,'TUBAN IV',4,null,null,null,null);
Insert into QMUSER.V_DASHBOARD (ID_COMPANY,ID_PLANT,NM_PLANT,ID_GROUPAREA,ID_AREA,DATE_DATA,DATE_ENTRY,ID_PRODUCTION_DAILY) values (4,23,'TUBAN IV',6,null,null,null,null);
Insert into QMUSER.V_DASHBOARD (ID_COMPANY,ID_PLANT,NM_PLANT,ID_GROUPAREA,ID_AREA,DATE_DATA,DATE_ENTRY,ID_PRODUCTION_DAILY) values (4,23,'TUBAN IV',7,null,null,null,null);
Insert into QMUSER.V_DASHBOARD (ID_COMPANY,ID_PLANT,NM_PLANT,ID_GROUPAREA,ID_AREA,DATE_DATA,DATE_ENTRY,ID_PRODUCTION_DAILY) values (4,23,'TUBAN IV',21,null,null,null,null);
Insert into QMUSER.V_DASHBOARD (ID_COMPANY,ID_PLANT,NM_PLANT,ID_GROUPAREA,ID_AREA,DATE_DATA,DATE_ENTRY,ID_PRODUCTION_DAILY) values (4,23,'TUBAN IV',1,72,null,null,null);
Insert into QMUSER.V_DASHBOARD (ID_COMPANY,ID_PLANT,NM_PLANT,ID_GROUPAREA,ID_AREA,DATE_DATA,DATE_ENTRY,ID_PRODUCTION_DAILY) values (4,23,'TUBAN IV',1,73,null,null,null);
Insert into QMUSER.V_DASHBOARD (ID_COMPANY,ID_PLANT,NM_PLANT,ID_GROUPAREA,ID_AREA,DATE_DATA,DATE_ENTRY,ID_PRODUCTION_DAILY) values (4,23,'TUBAN IV',2,null,null,null,null);
Insert into QMUSER.V_DASHBOARD (ID_COMPANY,ID_PLANT,NM_PLANT,ID_GROUPAREA,ID_AREA,DATE_DATA,DATE_ENTRY,ID_PRODUCTION_DAILY) values (4,23,'TUBAN IV',3,null,null,null,null);
Insert into QMUSER.V_DASHBOARD (ID_COMPANY,ID_PLANT,NM_PLANT,ID_GROUPAREA,ID_AREA,DATE_DATA,DATE_ENTRY,ID_PRODUCTION_DAILY) values (4,23,'TUBAN IV',4,null,null,null,null);
Insert into QMUSER.V_DASHBOARD (ID_COMPANY,ID_PLANT,NM_PLANT,ID_GROUPAREA,ID_AREA,DATE_DATA,DATE_ENTRY,ID_PRODUCTION_DAILY) values (4,23,'TUBAN IV',6,null,null,null,null);
Insert into QMUSER.V_DASHBOARD (ID_COMPANY,ID_PLANT,NM_PLANT,ID_GROUPAREA,ID_AREA,DATE_DATA,DATE_ENTRY,ID_PRODUCTION_DAILY) values (4,23,'TUBAN IV',7,null,null,null,null);
Insert into QMUSER.V_DASHBOARD (ID_COMPANY,ID_PLANT,NM_PLANT,ID_GROUPAREA,ID_AREA,DATE_DATA,DATE_ENTRY,ID_PRODUCTION_DAILY) values (4,23,'TUBAN IV',21,null,null,null,null);
Insert into QMUSER.V_DASHBOARD (ID_COMPANY,ID_PLANT,NM_PLANT,ID_GROUPAREA,ID_AREA,DATE_DATA,DATE_ENTRY,ID_PRODUCTION_DAILY) values (4,23,'TUBAN IV',1,72,null,null,null);
Insert into QMUSER.V_DASHBOARD (ID_COMPANY,ID_PLANT,NM_PLANT,ID_GROUPAREA,ID_AREA,DATE_DATA,DATE_ENTRY,ID_PRODUCTION_DAILY) values (4,23,'TUBAN IV',1,73,null,null,null);
Insert into QMUSER.V_DASHBOARD (ID_COMPANY,ID_PLANT,NM_PLANT,ID_GROUPAREA,ID_AREA,DATE_DATA,DATE_ENTRY,ID_PRODUCTION_DAILY) values (4,23,'TUBAN IV',2,null,null,null,null);
Insert into QMUSER.V_DASHBOARD (ID_COMPANY,ID_PLANT,NM_PLANT,ID_GROUPAREA,ID_AREA,DATE_DATA,DATE_ENTRY,ID_PRODUCTION_DAILY) values (4,23,'TUBAN IV',3,null,null,null,null);
Insert into QMUSER.V_DASHBOARD (ID_COMPANY,ID_PLANT,NM_PLANT,ID_GROUPAREA,ID_AREA,DATE_DATA,DATE_ENTRY,ID_PRODUCTION_DAILY) values (4,23,'TUBAN IV',4,null,null,null,null);
Insert into QMUSER.V_DASHBOARD (ID_COMPANY,ID_PLANT,NM_PLANT,ID_GROUPAREA,ID_AREA,DATE_DATA,DATE_ENTRY,ID_PRODUCTION_DAILY) values (4,23,'TUBAN IV',6,null,null,null,null);
Insert into QMUSER.V_DASHBOARD (ID_COMPANY,ID_PLANT,NM_PLANT,ID_GROUPAREA,ID_AREA,DATE_DATA,DATE_ENTRY,ID_PRODUCTION_DAILY) values (4,23,'TUBAN IV',7,null,null,null,null);
Insert into QMUSER.V_DASHBOARD (ID_COMPANY,ID_PLANT,NM_PLANT,ID_GROUPAREA,ID_AREA,DATE_DATA,DATE_ENTRY,ID_PRODUCTION_DAILY) values (4,23,'TUBAN IV',21,null,null,null,null);
Insert into QMUSER.V_DASHBOARD (ID_COMPANY,ID_PLANT,NM_PLANT,ID_GROUPAREA,ID_AREA,DATE_DATA,DATE_ENTRY,ID_PRODUCTION_DAILY) values (4,23,'TUBAN IV',1,72,null,null,null);
Insert into QMUSER.V_DASHBOARD (ID_COMPANY,ID_PLANT,NM_PLANT,ID_GROUPAREA,ID_AREA,DATE_DATA,DATE_ENTRY,ID_PRODUCTION_DAILY) values (4,23,'TUBAN IV',1,73,null,null,null);
Insert into QMUSER.V_DASHBOARD (ID_COMPANY,ID_PLANT,NM_PLANT,ID_GROUPAREA,ID_AREA,DATE_DATA,DATE_ENTRY,ID_PRODUCTION_DAILY) values (4,23,'TUBAN IV',2,null,null,null,null);
Insert into QMUSER.V_DASHBOARD (ID_COMPANY,ID_PLANT,NM_PLANT,ID_GROUPAREA,ID_AREA,DATE_DATA,DATE_ENTRY,ID_PRODUCTION_DAILY) values (4,23,'TUBAN IV',3,null,null,null,null);
Insert into QMUSER.V_DASHBOARD (ID_COMPANY,ID_PLANT,NM_PLANT,ID_GROUPAREA,ID_AREA,DATE_DATA,DATE_ENTRY,ID_PRODUCTION_DAILY) values (4,23,'TUBAN IV',4,null,null,null,null);
Insert into QMUSER.V_DASHBOARD (ID_COMPANY,ID_PLANT,NM_PLANT,ID_GROUPAREA,ID_AREA,DATE_DATA,DATE_ENTRY,ID_PRODUCTION_DAILY) values (4,23,'TUBAN IV',6,null,null,null,null);
Insert into QMUSER.V_DASHBOARD (ID_COMPANY,ID_PLANT,NM_PLANT,ID_GROUPAREA,ID_AREA,DATE_DATA,DATE_ENTRY,ID_PRODUCTION_DAILY) values (4,23,'TUBAN IV',7,null,null,null,null);
Insert into QMUSER.V_DASHBOARD (ID_COMPANY,ID_PLANT,NM_PLANT,ID_GROUPAREA,ID_AREA,DATE_DATA,DATE_ENTRY,ID_PRODUCTION_DAILY) values (4,23,'TUBAN IV',21,null,null,null,null);
Insert into QMUSER.V_DASHBOARD (ID_COMPANY,ID_PLANT,NM_PLANT,ID_GROUPAREA,ID_AREA,DATE_DATA,DATE_ENTRY,ID_PRODUCTION_DAILY) values (4,23,'TUBAN IV',1,72,null,null,null);
Insert into QMUSER.V_DASHBOARD (ID_COMPANY,ID_PLANT,NM_PLANT,ID_GROUPAREA,ID_AREA,DATE_DATA,DATE_ENTRY,ID_PRODUCTION_DAILY) values (4,23,'TUBAN IV',1,73,null,null,null);
Insert into QMUSER.V_DASHBOARD (ID_COMPANY,ID_PLANT,NM_PLANT,ID_GROUPAREA,ID_AREA,DATE_DATA,DATE_ENTRY,ID_PRODUCTION_DAILY) values (4,23,'TUBAN IV',2,null,null,null,null);
Insert into QMUSER.V_DASHBOARD (ID_COMPANY,ID_PLANT,NM_PLANT,ID_GROUPAREA,ID_AREA,DATE_DATA,DATE_ENTRY,ID_PRODUCTION_DAILY) values (4,23,'TUBAN IV',3,null,null,null,null);
Insert into QMUSER.V_DASHBOARD (ID_COMPANY,ID_PLANT,NM_PLANT,ID_GROUPAREA,ID_AREA,DATE_DATA,DATE_ENTRY,ID_PRODUCTION_DAILY) values (4,23,'TUBAN IV',4,null,null,null,null);
Insert into QMUSER.V_DASHBOARD (ID_COMPANY,ID_PLANT,NM_PLANT,ID_GROUPAREA,ID_AREA,DATE_DATA,DATE_ENTRY,ID_PRODUCTION_DAILY) values (4,23,'TUBAN IV',6,null,null,null,null);
Insert into QMUSER.V_DASHBOARD (ID_COMPANY,ID_PLANT,NM_PLANT,ID_GROUPAREA,ID_AREA,DATE_DATA,DATE_ENTRY,ID_PRODUCTION_DAILY) values (4,23,'TUBAN IV',7,null,null,null,null);
Insert into QMUSER.V_DASHBOARD (ID_COMPANY,ID_PLANT,NM_PLANT,ID_GROUPAREA,ID_AREA,DATE_DATA,DATE_ENTRY,ID_PRODUCTION_DAILY) values (4,23,'TUBAN IV',21,null,null,null,null);
Insert into QMUSER.V_DASHBOARD (ID_COMPANY,ID_PLANT,NM_PLANT,ID_GROUPAREA,ID_AREA,DATE_DATA,DATE_ENTRY,ID_PRODUCTION_DAILY) values (3,5,'TONASA II/III',1,null,null,null,null);
Insert into QMUSER.V_DASHBOARD (ID_COMPANY,ID_PLANT,NM_PLANT,ID_GROUPAREA,ID_AREA,DATE_DATA,DATE_ENTRY,ID_PRODUCTION_DAILY) values (3,5,'TONASA II/III',2,null,null,null,null);
Insert into QMUSER.V_DASHBOARD (ID_COMPANY,ID_PLANT,NM_PLANT,ID_GROUPAREA,ID_AREA,DATE_DATA,DATE_ENTRY,ID_PRODUCTION_DAILY) values (3,5,'TONASA II/III',3,null,null,null,null);
Insert into QMUSER.V_DASHBOARD (ID_COMPANY,ID_PLANT,NM_PLANT,ID_GROUPAREA,ID_AREA,DATE_DATA,DATE_ENTRY,ID_PRODUCTION_DAILY) values (3,5,'TONASA II/III',4,null,null,null,null);
Insert into QMUSER.V_DASHBOARD (ID_COMPANY,ID_PLANT,NM_PLANT,ID_GROUPAREA,ID_AREA,DATE_DATA,DATE_ENTRY,ID_PRODUCTION_DAILY) values (3,5,'TONASA II/III',6,null,null,null,null);
Insert into QMUSER.V_DASHBOARD (ID_COMPANY,ID_PLANT,NM_PLANT,ID_GROUPAREA,ID_AREA,DATE_DATA,DATE_ENTRY,ID_PRODUCTION_DAILY) values (3,5,'TONASA II/III',7,null,null,null,null);
Insert into QMUSER.V_DASHBOARD (ID_COMPANY,ID_PLANT,NM_PLANT,ID_GROUPAREA,ID_AREA,DATE_DATA,DATE_ENTRY,ID_PRODUCTION_DAILY) values (3,5,'TONASA II/III',21,null,null,null,null);
Insert into QMUSER.V_DASHBOARD (ID_COMPANY,ID_PLANT,NM_PLANT,ID_GROUPAREA,ID_AREA,DATE_DATA,DATE_ENTRY,ID_PRODUCTION_DAILY) values (6,26,'MAIN PLANT (QN)',1,null,null,null,null);
Insert into QMUSER.V_DASHBOARD (ID_COMPANY,ID_PLANT,NM_PLANT,ID_GROUPAREA,ID_AREA,DATE_DATA,DATE_ENTRY,ID_PRODUCTION_DAILY) values (6,26,'MAIN PLANT (QN)',2,null,null,null,null);
Insert into QMUSER.V_DASHBOARD (ID_COMPANY,ID_PLANT,NM_PLANT,ID_GROUPAREA,ID_AREA,DATE_DATA,DATE_ENTRY,ID_PRODUCTION_DAILY) values (6,26,'MAIN PLANT (QN)',3,null,null,null,null);
Insert into QMUSER.V_DASHBOARD (ID_COMPANY,ID_PLANT,NM_PLANT,ID_GROUPAREA,ID_AREA,DATE_DATA,DATE_ENTRY,ID_PRODUCTION_DAILY) values (6,26,'MAIN PLANT (QN)',4,null,null,null,null);
Insert into QMUSER.V_DASHBOARD (ID_COMPANY,ID_PLANT,NM_PLANT,ID_GROUPAREA,ID_AREA,DATE_DATA,DATE_ENTRY,ID_PRODUCTION_DAILY) values (6,26,'MAIN PLANT (QN)',6,null,null,null,null);
Insert into QMUSER.V_DASHBOARD (ID_COMPANY,ID_PLANT,NM_PLANT,ID_GROUPAREA,ID_AREA,DATE_DATA,DATE_ENTRY,ID_PRODUCTION_DAILY) values (6,26,'MAIN PLANT (QN)',7,null,null,null,null);
Insert into QMUSER.V_DASHBOARD (ID_COMPANY,ID_PLANT,NM_PLANT,ID_GROUPAREA,ID_AREA,DATE_DATA,DATE_ENTRY,ID_PRODUCTION_DAILY) values (6,26,'MAIN PLANT (QN)',21,null,null,null,null);
Insert into QMUSER.V_DASHBOARD (ID_COMPANY,ID_PLANT,NM_PLANT,ID_GROUPAREA,ID_AREA,DATE_DATA,DATE_ENTRY,ID_PRODUCTION_DAILY) values (2,3,'INDARUNG V',1,null,null,null,null);
Insert into QMUSER.V_DASHBOARD (ID_COMPANY,ID_PLANT,NM_PLANT,ID_GROUPAREA,ID_AREA,DATE_DATA,DATE_ENTRY,ID_PRODUCTION_DAILY) values (2,3,'INDARUNG V',2,null,null,null,null);
Insert into QMUSER.V_DASHBOARD (ID_COMPANY,ID_PLANT,NM_PLANT,ID_GROUPAREA,ID_AREA,DATE_DATA,DATE_ENTRY,ID_PRODUCTION_DAILY) values (2,3,'INDARUNG V',3,null,null,null,null);
Insert into QMUSER.V_DASHBOARD (ID_COMPANY,ID_PLANT,NM_PLANT,ID_GROUPAREA,ID_AREA,DATE_DATA,DATE_ENTRY,ID_PRODUCTION_DAILY) values (2,3,'INDARUNG V',4,null,null,null,null);
Insert into QMUSER.V_DASHBOARD (ID_COMPANY,ID_PLANT,NM_PLANT,ID_GROUPAREA,ID_AREA,DATE_DATA,DATE_ENTRY,ID_PRODUCTION_DAILY) values (2,3,'INDARUNG V',6,null,null,null,null);
Insert into QMUSER.V_DASHBOARD (ID_COMPANY,ID_PLANT,NM_PLANT,ID_GROUPAREA,ID_AREA,DATE_DATA,DATE_ENTRY,ID_PRODUCTION_DAILY) values (2,3,'INDARUNG V',7,null,null,null,null);
Insert into QMUSER.V_DASHBOARD (ID_COMPANY,ID_PLANT,NM_PLANT,ID_GROUPAREA,ID_AREA,DATE_DATA,DATE_ENTRY,ID_PRODUCTION_DAILY) values (2,3,'INDARUNG V',21,null,null,null,null);
Insert into QMUSER.V_DASHBOARD (ID_COMPANY,ID_PLANT,NM_PLANT,ID_GROUPAREA,ID_AREA,DATE_DATA,DATE_ENTRY,ID_PRODUCTION_DAILY) values (1,41,null,1,null,null,null,null);
Insert into QMUSER.V_DASHBOARD (ID_COMPANY,ID_PLANT,NM_PLANT,ID_GROUPAREA,ID_AREA,DATE_DATA,DATE_ENTRY,ID_PRODUCTION_DAILY) values (1,41,null,2,null,null,null,null);
Insert into QMUSER.V_DASHBOARD (ID_COMPANY,ID_PLANT,NM_PLANT,ID_GROUPAREA,ID_AREA,DATE_DATA,DATE_ENTRY,ID_PRODUCTION_DAILY) values (1,41,null,3,null,null,null,null);
Insert into QMUSER.V_DASHBOARD (ID_COMPANY,ID_PLANT,NM_PLANT,ID_GROUPAREA,ID_AREA,DATE_DATA,DATE_ENTRY,ID_PRODUCTION_DAILY) values (1,41,null,4,null,null,null,null);
Insert into QMUSER.V_DASHBOARD (ID_COMPANY,ID_PLANT,NM_PLANT,ID_GROUPAREA,ID_AREA,DATE_DATA,DATE_ENTRY,ID_PRODUCTION_DAILY) values (1,41,null,6,null,null,null,null);
Insert into QMUSER.V_DASHBOARD (ID_COMPANY,ID_PLANT,NM_PLANT,ID_GROUPAREA,ID_AREA,DATE_DATA,DATE_ENTRY,ID_PRODUCTION_DAILY) values (1,41,null,7,null,null,null,null);
Insert into QMUSER.V_DASHBOARD (ID_COMPANY,ID_PLANT,NM_PLANT,ID_GROUPAREA,ID_AREA,DATE_DATA,DATE_ENTRY,ID_PRODUCTION_DAILY) values (1,41,null,21,null,null,null,null);
Insert into QMUSER.V_DASHBOARD (ID_COMPANY,ID_PLANT,NM_PLANT,ID_GROUPAREA,ID_AREA,DATE_DATA,DATE_ENTRY,ID_PRODUCTION_DAILY) values (3,7,'TONASA V',1,null,null,null,null);
Insert into QMUSER.V_DASHBOARD (ID_COMPANY,ID_PLANT,NM_PLANT,ID_GROUPAREA,ID_AREA,DATE_DATA,DATE_ENTRY,ID_PRODUCTION_DAILY) values (3,7,'TONASA V',2,null,null,null,null);
Insert into QMUSER.V_DASHBOARD (ID_COMPANY,ID_PLANT,NM_PLANT,ID_GROUPAREA,ID_AREA,DATE_DATA,DATE_ENTRY,ID_PRODUCTION_DAILY) values (3,7,'TONASA V',3,null,null,null,null);
Insert into QMUSER.V_DASHBOARD (ID_COMPANY,ID_PLANT,NM_PLANT,ID_GROUPAREA,ID_AREA,DATE_DATA,DATE_ENTRY,ID_PRODUCTION_DAILY) values (3,7,'TONASA V',4,null,null,null,null);
Insert into QMUSER.V_DASHBOARD (ID_COMPANY,ID_PLANT,NM_PLANT,ID_GROUPAREA,ID_AREA,DATE_DATA,DATE_ENTRY,ID_PRODUCTION_DAILY) values (3,7,'TONASA V',6,null,null,null,null);
Insert into QMUSER.V_DASHBOARD (ID_COMPANY,ID_PLANT,NM_PLANT,ID_GROUPAREA,ID_AREA,DATE_DATA,DATE_ENTRY,ID_PRODUCTION_DAILY) values (3,7,'TONASA V',7,null,null,null,null);
Insert into QMUSER.V_DASHBOARD (ID_COMPANY,ID_PLANT,NM_PLANT,ID_GROUPAREA,ID_AREA,DATE_DATA,DATE_ENTRY,ID_PRODUCTION_DAILY) values (3,7,'TONASA V',21,null,null,null,null);
Insert into QMUSER.V_DASHBOARD (ID_COMPANY,ID_PLANT,NM_PLANT,ID_GROUPAREA,ID_AREA,DATE_DATA,DATE_ENTRY,ID_PRODUCTION_DAILY) values (2,4,'INDARUNG VI',1,null,null,null,null);
Insert into QMUSER.V_DASHBOARD (ID_COMPANY,ID_PLANT,NM_PLANT,ID_GROUPAREA,ID_AREA,DATE_DATA,DATE_ENTRY,ID_PRODUCTION_DAILY) values (2,4,'INDARUNG VI',2,null,null,null,null);
Insert into QMUSER.V_DASHBOARD (ID_COMPANY,ID_PLANT,NM_PLANT,ID_GROUPAREA,ID_AREA,DATE_DATA,DATE_ENTRY,ID_PRODUCTION_DAILY) values (2,4,'INDARUNG VI',3,null,null,null,null);
Insert into QMUSER.V_DASHBOARD (ID_COMPANY,ID_PLANT,NM_PLANT,ID_GROUPAREA,ID_AREA,DATE_DATA,DATE_ENTRY,ID_PRODUCTION_DAILY) values (2,4,'INDARUNG VI',4,null,null,null,null);
Insert into QMUSER.V_DASHBOARD (ID_COMPANY,ID_PLANT,NM_PLANT,ID_GROUPAREA,ID_AREA,DATE_DATA,DATE_ENTRY,ID_PRODUCTION_DAILY) values (2,4,'INDARUNG VI',6,null,null,null,null);
Insert into QMUSER.V_DASHBOARD (ID_COMPANY,ID_PLANT,NM_PLANT,ID_GROUPAREA,ID_AREA,DATE_DATA,DATE_ENTRY,ID_PRODUCTION_DAILY) values (2,4,'INDARUNG VI',7,null,null,null,null);
Insert into QMUSER.V_DASHBOARD (ID_COMPANY,ID_PLANT,NM_PLANT,ID_GROUPAREA,ID_AREA,DATE_DATA,DATE_ENTRY,ID_PRODUCTION_DAILY) values (2,4,'INDARUNG VI',21,null,null,null,null);
Insert into QMUSER.V_DASHBOARD (ID_COMPANY,ID_PLANT,NM_PLANT,ID_GROUPAREA,ID_AREA,DATE_DATA,DATE_ENTRY,ID_PRODUCTION_DAILY) values (2,28,'DUMAI',1,null,null,null,null);
Insert into QMUSER.V_DASHBOARD (ID_COMPANY,ID_PLANT,NM_PLANT,ID_GROUPAREA,ID_AREA,DATE_DATA,DATE_ENTRY,ID_PRODUCTION_DAILY) values (2,28,'DUMAI',2,null,null,null,null);
Insert into QMUSER.V_DASHBOARD (ID_COMPANY,ID_PLANT,NM_PLANT,ID_GROUPAREA,ID_AREA,DATE_DATA,DATE_ENTRY,ID_PRODUCTION_DAILY) values (2,28,'DUMAI',3,null,null,null,null);
Insert into QMUSER.V_DASHBOARD (ID_COMPANY,ID_PLANT,NM_PLANT,ID_GROUPAREA,ID_AREA,DATE_DATA,DATE_ENTRY,ID_PRODUCTION_DAILY) values (2,28,'DUMAI',4,null,null,null,null);
Insert into QMUSER.V_DASHBOARD (ID_COMPANY,ID_PLANT,NM_PLANT,ID_GROUPAREA,ID_AREA,DATE_DATA,DATE_ENTRY,ID_PRODUCTION_DAILY) values (2,28,'DUMAI',6,null,null,null,null);
Insert into QMUSER.V_DASHBOARD (ID_COMPANY,ID_PLANT,NM_PLANT,ID_GROUPAREA,ID_AREA,DATE_DATA,DATE_ENTRY,ID_PRODUCTION_DAILY) values (2,28,'DUMAI',7,null,null,null,null);
Insert into QMUSER.V_DASHBOARD (ID_COMPANY,ID_PLANT,NM_PLANT,ID_GROUPAREA,ID_AREA,DATE_DATA,DATE_ENTRY,ID_PRODUCTION_DAILY) values (2,28,'DUMAI',21,null,null,null,null);
Insert into QMUSER.V_DASHBOARD (ID_COMPANY,ID_PLANT,NM_PLANT,ID_GROUPAREA,ID_AREA,DATE_DATA,DATE_ENTRY,ID_PRODUCTION_DAILY) values (4,25,'CIGADING',1,null,null,null,null);
Insert into QMUSER.V_DASHBOARD (ID_COMPANY,ID_PLANT,NM_PLANT,ID_GROUPAREA,ID_AREA,DATE_DATA,DATE_ENTRY,ID_PRODUCTION_DAILY) values (4,25,'CIGADING',2,null,null,null,null);
Insert into QMUSER.V_DASHBOARD (ID_COMPANY,ID_PLANT,NM_PLANT,ID_GROUPAREA,ID_AREA,DATE_DATA,DATE_ENTRY,ID_PRODUCTION_DAILY) values (4,25,'CIGADING',3,null,null,null,null);
Insert into QMUSER.V_DASHBOARD (ID_COMPANY,ID_PLANT,NM_PLANT,ID_GROUPAREA,ID_AREA,DATE_DATA,DATE_ENTRY,ID_PRODUCTION_DAILY) values (4,25,'CIGADING',4,null,null,null,null);
Insert into QMUSER.V_DASHBOARD (ID_COMPANY,ID_PLANT,NM_PLANT,ID_GROUPAREA,ID_AREA,DATE_DATA,DATE_ENTRY,ID_PRODUCTION_DAILY) values (4,25,'CIGADING',6,null,null,null,null);
Insert into QMUSER.V_DASHBOARD (ID_COMPANY,ID_PLANT,NM_PLANT,ID_GROUPAREA,ID_AREA,DATE_DATA,DATE_ENTRY,ID_PRODUCTION_DAILY) values (4,25,'CIGADING',7,null,null,null,null);
Insert into QMUSER.V_DASHBOARD (ID_COMPANY,ID_PLANT,NM_PLANT,ID_GROUPAREA,ID_AREA,DATE_DATA,DATE_ENTRY,ID_PRODUCTION_DAILY) values (4,25,'CIGADING',21,null,null,null,null);
Insert into QMUSER.V_DASHBOARD (ID_COMPANY,ID_PLANT,NM_PLANT,ID_GROUPAREA,ID_AREA,DATE_DATA,DATE_ENTRY,ID_PRODUCTION_DAILY) values (2,2,'INDARUNG IV',1,null,null,null,null);
Insert into QMUSER.V_DASHBOARD (ID_COMPANY,ID_PLANT,NM_PLANT,ID_GROUPAREA,ID_AREA,DATE_DATA,DATE_ENTRY,ID_PRODUCTION_DAILY) values (2,2,'INDARUNG IV',2,null,null,null,null);
Insert into QMUSER.V_DASHBOARD (ID_COMPANY,ID_PLANT,NM_PLANT,ID_GROUPAREA,ID_AREA,DATE_DATA,DATE_ENTRY,ID_PRODUCTION_DAILY) values (2,2,'INDARUNG IV',3,null,null,null,null);
Insert into QMUSER.V_DASHBOARD (ID_COMPANY,ID_PLANT,NM_PLANT,ID_GROUPAREA,ID_AREA,DATE_DATA,DATE_ENTRY,ID_PRODUCTION_DAILY) values (2,2,'INDARUNG IV',4,null,null,null,null);
Insert into QMUSER.V_DASHBOARD (ID_COMPANY,ID_PLANT,NM_PLANT,ID_GROUPAREA,ID_AREA,DATE_DATA,DATE_ENTRY,ID_PRODUCTION_DAILY) values (2,2,'INDARUNG IV',6,null,null,null,null);
Insert into QMUSER.V_DASHBOARD (ID_COMPANY,ID_PLANT,NM_PLANT,ID_GROUPAREA,ID_AREA,DATE_DATA,DATE_ENTRY,ID_PRODUCTION_DAILY) values (2,2,'INDARUNG IV',7,null,null,null,null);
Insert into QMUSER.V_DASHBOARD (ID_COMPANY,ID_PLANT,NM_PLANT,ID_GROUPAREA,ID_AREA,DATE_DATA,DATE_ENTRY,ID_PRODUCTION_DAILY) values (2,2,'INDARUNG IV',21,null,null,null,null);
Insert into QMUSER.V_DASHBOARD (ID_COMPANY,ID_PLANT,NM_PLANT,ID_GROUPAREA,ID_AREA,DATE_DATA,DATE_ENTRY,ID_PRODUCTION_DAILY) values (4,24,'REMBANG',1,null,null,null,null);
Insert into QMUSER.V_DASHBOARD (ID_COMPANY,ID_PLANT,NM_PLANT,ID_GROUPAREA,ID_AREA,DATE_DATA,DATE_ENTRY,ID_PRODUCTION_DAILY) values (4,24,'REMBANG',2,null,null,null,null);
Insert into QMUSER.V_DASHBOARD (ID_COMPANY,ID_PLANT,NM_PLANT,ID_GROUPAREA,ID_AREA,DATE_DATA,DATE_ENTRY,ID_PRODUCTION_DAILY) values (4,24,'REMBANG',3,null,null,null,null);
Insert into QMUSER.V_DASHBOARD (ID_COMPANY,ID_PLANT,NM_PLANT,ID_GROUPAREA,ID_AREA,DATE_DATA,DATE_ENTRY,ID_PRODUCTION_DAILY) values (4,24,'REMBANG',4,null,null,null,null);
Insert into QMUSER.V_DASHBOARD (ID_COMPANY,ID_PLANT,NM_PLANT,ID_GROUPAREA,ID_AREA,DATE_DATA,DATE_ENTRY,ID_PRODUCTION_DAILY) values (4,24,'REMBANG',6,null,null,null,null);
Insert into QMUSER.V_DASHBOARD (ID_COMPANY,ID_PLANT,NM_PLANT,ID_GROUPAREA,ID_AREA,DATE_DATA,DATE_ENTRY,ID_PRODUCTION_DAILY) values (4,24,'REMBANG',7,null,null,null,null);
Insert into QMUSER.V_DASHBOARD (ID_COMPANY,ID_PLANT,NM_PLANT,ID_GROUPAREA,ID_AREA,DATE_DATA,DATE_ENTRY,ID_PRODUCTION_DAILY) values (4,24,'REMBANG',21,null,null,null,null);
Insert into QMUSER.V_DASHBOARD (ID_COMPANY,ID_PLANT,NM_PLANT,ID_GROUPAREA,ID_AREA,DATE_DATA,DATE_ENTRY,ID_PRODUCTION_DAILY) values (3,42,null,1,null,null,null,null);
Insert into QMUSER.V_DASHBOARD (ID_COMPANY,ID_PLANT,NM_PLANT,ID_GROUPAREA,ID_AREA,DATE_DATA,DATE_ENTRY,ID_PRODUCTION_DAILY) values (3,42,null,2,null,null,null,null);
Insert into QMUSER.V_DASHBOARD (ID_COMPANY,ID_PLANT,NM_PLANT,ID_GROUPAREA,ID_AREA,DATE_DATA,DATE_ENTRY,ID_PRODUCTION_DAILY) values (3,42,null,3,null,null,null,null);
Insert into QMUSER.V_DASHBOARD (ID_COMPANY,ID_PLANT,NM_PLANT,ID_GROUPAREA,ID_AREA,DATE_DATA,DATE_ENTRY,ID_PRODUCTION_DAILY) values (3,42,null,4,null,null,null,null);
Insert into QMUSER.V_DASHBOARD (ID_COMPANY,ID_PLANT,NM_PLANT,ID_GROUPAREA,ID_AREA,DATE_DATA,DATE_ENTRY,ID_PRODUCTION_DAILY) values (3,42,null,6,null,null,null,null);
Insert into QMUSER.V_DASHBOARD (ID_COMPANY,ID_PLANT,NM_PLANT,ID_GROUPAREA,ID_AREA,DATE_DATA,DATE_ENTRY,ID_PRODUCTION_DAILY) values (3,42,null,7,null,null,null,null);
Insert into QMUSER.V_DASHBOARD (ID_COMPANY,ID_PLANT,NM_PLANT,ID_GROUPAREA,ID_AREA,DATE_DATA,DATE_ENTRY,ID_PRODUCTION_DAILY) values (3,42,null,21,null,null,null,null);
Insert into QMUSER.V_DASHBOARD (ID_COMPANY,ID_PLANT,NM_PLANT,ID_GROUPAREA,ID_AREA,DATE_DATA,DATE_ENTRY,ID_PRODUCTION_DAILY) values (6,27,'GRINDING PLANT (HCM)',1,null,null,null,null);
Insert into QMUSER.V_DASHBOARD (ID_COMPANY,ID_PLANT,NM_PLANT,ID_GROUPAREA,ID_AREA,DATE_DATA,DATE_ENTRY,ID_PRODUCTION_DAILY) values (6,27,'GRINDING PLANT (HCM)',2,null,null,null,null);
Insert into QMUSER.V_DASHBOARD (ID_COMPANY,ID_PLANT,NM_PLANT,ID_GROUPAREA,ID_AREA,DATE_DATA,DATE_ENTRY,ID_PRODUCTION_DAILY) values (6,27,'GRINDING PLANT (HCM)',3,null,null,null,null);
Insert into QMUSER.V_DASHBOARD (ID_COMPANY,ID_PLANT,NM_PLANT,ID_GROUPAREA,ID_AREA,DATE_DATA,DATE_ENTRY,ID_PRODUCTION_DAILY) values (6,27,'GRINDING PLANT (HCM)',4,null,null,null,null);
Insert into QMUSER.V_DASHBOARD (ID_COMPANY,ID_PLANT,NM_PLANT,ID_GROUPAREA,ID_AREA,DATE_DATA,DATE_ENTRY,ID_PRODUCTION_DAILY) values (6,27,'GRINDING PLANT (HCM)',6,null,null,null,null);
Insert into QMUSER.V_DASHBOARD (ID_COMPANY,ID_PLANT,NM_PLANT,ID_GROUPAREA,ID_AREA,DATE_DATA,DATE_ENTRY,ID_PRODUCTION_DAILY) values (6,27,'GRINDING PLANT (HCM)',7,null,null,null,null);
Insert into QMUSER.V_DASHBOARD (ID_COMPANY,ID_PLANT,NM_PLANT,ID_GROUPAREA,ID_AREA,DATE_DATA,DATE_ENTRY,ID_PRODUCTION_DAILY) values (6,27,'GRINDING PLANT (HCM)',21,null,null,null,null);
REM INSERTING into QMUSER.V_INCIDENT
SET DEFINE OFF;
REM INSERTING into QMUSER.V_NOTICE_COMPANY
SET DEFINE OFF;
Insert into QMUSER.V_NOTICE_COMPANY (ID_COMPANY,ID_PLANT,ID_AREA,NM_PLANT,NM_AREA,MINOR1,MINOR2,MAYOR) values (2,1,1,'INDARUNG II/III','RAWMILL 1',0,0,0);
Insert into QMUSER.V_NOTICE_COMPANY (ID_COMPANY,ID_PLANT,ID_AREA,NM_PLANT,NM_AREA,MINOR1,MINOR2,MAYOR) values (2,1,3,'INDARUNG II/III','FINISH MILL 1',0,0,0);
Insert into QMUSER.V_NOTICE_COMPANY (ID_COMPANY,ID_PLANT,ID_AREA,NM_PLANT,NM_AREA,MINOR1,MINOR2,MAYOR) values (2,1,4,'INDARUNG II/III','CLINKER',0,0,0);
Insert into QMUSER.V_NOTICE_COMPANY (ID_COMPANY,ID_PLANT,ID_AREA,NM_PLANT,NM_AREA,MINOR1,MINOR2,MAYOR) values (2,1,5,'INDARUNG II/III','FINECOAL',0,0,0);
Insert into QMUSER.V_NOTICE_COMPANY (ID_COMPANY,ID_PLANT,ID_AREA,NM_PLANT,NM_AREA,MINOR1,MINOR2,MAYOR) values (3,6,21,'TONASA IV','FINISHMILL',0,0,0);
Insert into QMUSER.V_NOTICE_COMPANY (ID_COMPANY,ID_PLANT,ID_AREA,NM_PLANT,NM_AREA,MINOR1,MINOR2,MAYOR) values (3,6,41,'TONASA IV','RAWMILL1',0,0,0);
Insert into QMUSER.V_NOTICE_COMPANY (ID_COMPANY,ID_PLANT,ID_AREA,NM_PLANT,NM_AREA,MINOR1,MINOR2,MAYOR) values (4,8,64,'PLANT GRESIK','FINISH MILL A',0,0,0);
Insert into QMUSER.V_NOTICE_COMPANY (ID_COMPANY,ID_PLANT,ID_AREA,NM_PLANT,NM_AREA,MINOR1,MINOR2,MAYOR) values (4,8,65,'PLANT GRESIK','FINISH MILL B',0,0,0);
Insert into QMUSER.V_NOTICE_COMPANY (ID_COMPANY,ID_PLANT,ID_AREA,NM_PLANT,NM_AREA,MINOR1,MINOR2,MAYOR) values (4,8,66,'PLANT GRESIK','FINISH MILL C',0,0,0);
Insert into QMUSER.V_NOTICE_COMPANY (ID_COMPANY,ID_PLANT,ID_AREA,NM_PLANT,NM_AREA,MINOR1,MINOR2,MAYOR) values (4,8,67,'PLANT GRESIK','FINISH MILL D',0,0,0);
Insert into QMUSER.V_NOTICE_COMPANY (ID_COMPANY,ID_PLANT,ID_AREA,NM_PLANT,NM_AREA,MINOR1,MINOR2,MAYOR) values (4,9,61,'TUBAN I','FINISH MILL I',0,0,0);
Insert into QMUSER.V_NOTICE_COMPANY (ID_COMPANY,ID_PLANT,ID_AREA,NM_PLANT,NM_AREA,MINOR1,MINOR2,MAYOR) values (4,9,62,'TUBAN I','FINISH MILL 2',0,0,0);
Insert into QMUSER.V_NOTICE_COMPANY (ID_COMPANY,ID_PLANT,ID_AREA,NM_PLANT,NM_AREA,MINOR1,MINOR2,MAYOR) values (4,9,63,'TUBAN I','FINISH MILL 9',0,0,0);
Insert into QMUSER.V_NOTICE_COMPANY (ID_COMPANY,ID_PLANT,ID_AREA,NM_PLANT,NM_AREA,MINOR1,MINOR2,MAYOR) values (4,21,68,'TUBAN II','FINISH MILL 3',0,0,0);
Insert into QMUSER.V_NOTICE_COMPANY (ID_COMPANY,ID_PLANT,ID_AREA,NM_PLANT,NM_AREA,MINOR1,MINOR2,MAYOR) values (4,21,69,'TUBAN II','FINISH MILL 4',0,0,0);
Insert into QMUSER.V_NOTICE_COMPANY (ID_COMPANY,ID_PLANT,ID_AREA,NM_PLANT,NM_AREA,MINOR1,MINOR2,MAYOR) values (4,22,70,'TUBAN III','FINISH MILL 5',0,0,0);
Insert into QMUSER.V_NOTICE_COMPANY (ID_COMPANY,ID_PLANT,ID_AREA,NM_PLANT,NM_AREA,MINOR1,MINOR2,MAYOR) values (4,22,71,'TUBAN III','FINISH MILL 6',0,0,0);
Insert into QMUSER.V_NOTICE_COMPANY (ID_COMPANY,ID_PLANT,ID_AREA,NM_PLANT,NM_AREA,MINOR1,MINOR2,MAYOR) values (4,23,72,'TUBAN IV','FINISH MILL 7',0,0,0);
Insert into QMUSER.V_NOTICE_COMPANY (ID_COMPANY,ID_PLANT,ID_AREA,NM_PLANT,NM_AREA,MINOR1,MINOR2,MAYOR) values (4,23,73,'TUBAN IV','FINISH MILL 8',0,0,0);
--------------------------------------------------------
--  DDL for Index I_COMPANY_CODE
--------------------------------------------------------

  CREATE UNIQUE INDEX "QMUSER"."I_COMPANY_CODE" ON "QMUSER"."M_COMPANY" ("KD_COMPANY") 
  PCTFREE 10 INITRANS 2 MAXTRANS 255 COMPUTE STATISTICS 
  STORAGE(INITIAL 65536 NEXT 1048576 MINEXTENTS 1 MAXEXTENTS 2147483645
  PCTINCREASE 0 FREELISTS 1 FREELIST GROUPS 1
  BUFFER_POOL DEFAULT FLASH_CACHE DEFAULT CELL_FLASH_CACHE DEFAULT)
  TABLESPACE "USERS" ;
--------------------------------------------------------
--  DDL for Index I_KD_COMPONENT
--------------------------------------------------------

  CREATE UNIQUE INDEX "QMUSER"."I_KD_COMPONENT" ON "QMUSER"."M_COMPONENT" ("KD_COMPONENT") 
  PCTFREE 10 INITRANS 2 MAXTRANS 255 COMPUTE STATISTICS 
  STORAGE(INITIAL 65536 NEXT 1048576 MINEXTENTS 1 MAXEXTENTS 2147483645
  PCTINCREASE 0 FREELISTS 1 FREELIST GROUPS 1
  BUFFER_POOL DEFAULT FLASH_CACHE DEFAULT CELL_FLASH_CACHE DEFAULT)
  TABLESPACE "USERS" ;
--------------------------------------------------------
--  DDL for Index I_KD_GROUPAREA
--------------------------------------------------------

  CREATE UNIQUE INDEX "QMUSER"."I_KD_GROUPAREA" ON "QMUSER"."M_GROUPAREA" ("KD_GROUPAREA") 
  PCTFREE 10 INITRANS 2 MAXTRANS 255 COMPUTE STATISTICS 
  STORAGE(INITIAL 65536 NEXT 1048576 MINEXTENTS 1 MAXEXTENTS 2147483645
  PCTINCREASE 0 FREELISTS 1 FREELIST GROUPS 1
  BUFFER_POOL DEFAULT FLASH_CACHE DEFAULT CELL_FLASH_CACHE DEFAULT)
  TABLESPACE "USERS" ;
--------------------------------------------------------
--  DDL for Index I_KD_PRODUCT
--------------------------------------------------------

  CREATE UNIQUE INDEX "QMUSER"."I_KD_PRODUCT" ON "QMUSER"."M_PRODUCT" ("KD_PRODUCT") 
  PCTFREE 10 INITRANS 2 MAXTRANS 255 COMPUTE STATISTICS 
  STORAGE(INITIAL 65536 NEXT 1048576 MINEXTENTS 1 MAXEXTENTS 2147483645
  PCTINCREASE 0 FREELISTS 1 FREELIST GROUPS 1
  BUFFER_POOL DEFAULT FLASH_CACHE DEFAULT CELL_FLASH_CACHE DEFAULT)
  TABLESPACE "USERS" ;
--------------------------------------------------------
--  DDL for Index I_PARAMETER_UNIK
--------------------------------------------------------

  CREATE UNIQUE INDEX "QMUSER"."I_PARAMETER_UNIK" ON "QMUSER"."C_PARAMETER" ("ID_PLANT", "DISPLAY", "ID_COMPONENT", "ID_GROUPAREA") 
  PCTFREE 10 INITRANS 2 MAXTRANS 255 COMPUTE STATISTICS 
  STORAGE(INITIAL 65536 NEXT 1048576 MINEXTENTS 1 MAXEXTENTS 2147483645
  PCTINCREASE 0 FREELISTS 1 FREELIST GROUPS 1
  BUFFER_POOL DEFAULT FLASH_CACHE DEFAULT CELL_FLASH_CACHE DEFAULT)
  TABLESPACE "USERS" ;
--------------------------------------------------------
--  DDL for Index I_PLANT_CODE
--------------------------------------------------------

  CREATE UNIQUE INDEX "QMUSER"."I_PLANT_CODE" ON "QMUSER"."M_PLANT" ("KD_PLANT") 
  PCTFREE 10 INITRANS 2 MAXTRANS 255 COMPUTE STATISTICS 
  STORAGE(INITIAL 65536 NEXT 1048576 MINEXTENTS 1 MAXEXTENTS 2147483645
  PCTINCREASE 0 FREELISTS 1 FREELIST GROUPS 1
  BUFFER_POOL DEFAULT FLASH_CACHE DEFAULT CELL_FLASH_CACHE DEFAULT)
  TABLESPACE "USERS" ;
--------------------------------------------------------
--  DDL for Index M_ASPEK_PK
--------------------------------------------------------

  CREATE UNIQUE INDEX "QMUSER"."M_ASPEK_PK" ON "QMUSER"."M_ASPEK" ("ID_ASPEK") 
  PCTFREE 10 INITRANS 2 MAXTRANS 255 COMPUTE STATISTICS 
  STORAGE(INITIAL 65536 NEXT 1048576 MINEXTENTS 1 MAXEXTENTS 2147483645
  PCTINCREASE 0 FREELISTS 1 FREELIST GROUPS 1
  BUFFER_POOL DEFAULT FLASH_CACHE DEFAULT CELL_FLASH_CACHE DEFAULT)
  TABLESPACE "SYSTEM" ;
--------------------------------------------------------
--  DDL for Index M_BATASAN_PK
--------------------------------------------------------

  CREATE UNIQUE INDEX "QMUSER"."M_BATASAN_PK" ON "QMUSER"."M_BATASAN" ("ID_KRITERIA") 
  PCTFREE 10 INITRANS 2 MAXTRANS 255 COMPUTE STATISTICS 
  STORAGE(INITIAL 65536 NEXT 1048576 MINEXTENTS 1 MAXEXTENTS 2147483645
  PCTINCREASE 0 FREELISTS 1 FREELIST GROUPS 1
  BUFFER_POOL DEFAULT FLASH_CACHE DEFAULT CELL_FLASH_CACHE DEFAULT)
  TABLESPACE "SYSTEM" ;
--------------------------------------------------------
--  DDL for Index M_INCIDENT_PK
--------------------------------------------------------

  CREATE UNIQUE INDEX "QMUSER"."M_INCIDENT_PK" ON "QMUSER"."M_INCIDENT" ("ID_INCIDENT") 
  PCTFREE 10 INITRANS 2 MAXTRANS 255 COMPUTE STATISTICS 
  STORAGE(INITIAL 65536 NEXT 1048576 MINEXTENTS 1 MAXEXTENTS 2147483645
  PCTINCREASE 0 FREELISTS 1 FREELIST GROUPS 1
  BUFFER_POOL DEFAULT FLASH_CACHE DEFAULT CELL_FLASH_CACHE DEFAULT)
  TABLESPACE "USERS" ;
--------------------------------------------------------
--  DDL for Index M_INCIDENT_TYPE_PK
--------------------------------------------------------

  CREATE UNIQUE INDEX "QMUSER"."M_INCIDENT_TYPE_PK" ON "QMUSER"."M_INCIDENT_TYPE" ("ID_INCIDENT_TYPE") 
  PCTFREE 10 INITRANS 2 MAXTRANS 255 COMPUTE STATISTICS 
  STORAGE(INITIAL 65536 NEXT 1048576 MINEXTENTS 1 MAXEXTENTS 2147483645
  PCTINCREASE 0 FREELISTS 1 FREELIST GROUPS 1
  BUFFER_POOL DEFAULT FLASH_CACHE DEFAULT CELL_FLASH_CACHE DEFAULT)
  TABLESPACE "USERS" ;
--------------------------------------------------------
--  DDL for Index M_INDIKATOR_PK
--------------------------------------------------------

  CREATE UNIQUE INDEX "QMUSER"."M_INDIKATOR_PK" ON "QMUSER"."M_INDIKATOR" ("ID_INDIKATOR") 
  PCTFREE 10 INITRANS 2 MAXTRANS 255 COMPUTE STATISTICS 
  STORAGE(INITIAL 65536 NEXT 1048576 MINEXTENTS 1 MAXEXTENTS 2147483645
  PCTINCREASE 0 FREELISTS 1 FREELIST GROUPS 1
  BUFFER_POOL DEFAULT FLASH_CACHE DEFAULT CELL_FLASH_CACHE DEFAULT)
  TABLESPACE "SYSTEM" ;
--------------------------------------------------------
--  DDL for Index M_JABATAN_PK
--------------------------------------------------------

  CREATE UNIQUE INDEX "QMUSER"."M_JABATAN_PK" ON "QMUSER"."M_JABATAN" ("ID_JABATAN") 
  PCTFREE 10 INITRANS 2 MAXTRANS 255 COMPUTE STATISTICS 
  STORAGE(INITIAL 65536 NEXT 1048576 MINEXTENTS 1 MAXEXTENTS 2147483645
  PCTINCREASE 0 FREELISTS 1 FREELIST GROUPS 1
  BUFFER_POOL DEFAULT FLASH_CACHE DEFAULT CELL_FLASH_CACHE DEFAULT)
  TABLESPACE "USERS" ;
--------------------------------------------------------
--  DDL for Index M_JENIS_ASPEK_PK
--------------------------------------------------------

  CREATE UNIQUE INDEX "QMUSER"."M_JENIS_ASPEK_PK" ON "QMUSER"."M_JENIS_ASPEK" ("ID_JENIS_ASPEK") 
  PCTFREE 10 INITRANS 2 MAXTRANS 255 COMPUTE STATISTICS 
  STORAGE(INITIAL 65536 NEXT 1048576 MINEXTENTS 1 MAXEXTENTS 2147483645
  PCTINCREASE 0 FREELISTS 1 FREELIST GROUPS 1
  BUFFER_POOL DEFAULT FLASH_CACHE DEFAULT CELL_FLASH_CACHE DEFAULT)
  TABLESPACE "SYSTEM" ;
--------------------------------------------------------
--  DDL for Index M_KRITERIA_PK
--------------------------------------------------------

  CREATE UNIQUE INDEX "QMUSER"."M_KRITERIA_PK" ON "QMUSER"."M_KRITERIA" ("ID_KRITERIA") 
  PCTFREE 10 INITRANS 2 MAXTRANS 255 COMPUTE STATISTICS 
  STORAGE(INITIAL 65536 NEXT 1048576 MINEXTENTS 1 MAXEXTENTS 2147483645
  PCTINCREASE 0 FREELISTS 1 FREELIST GROUPS 1
  BUFFER_POOL DEFAULT FLASH_CACHE DEFAULT CELL_FLASH_CACHE DEFAULT)
  TABLESPACE "SYSTEM" ;
--------------------------------------------------------
--  DDL for Index M_SOLUTION_PK
--------------------------------------------------------

  CREATE UNIQUE INDEX "QMUSER"."M_SOLUTION_PK" ON "QMUSER"."M_SOLUTION" ("ID_SOLUTION") 
  PCTFREE 10 INITRANS 2 MAXTRANS 255 COMPUTE STATISTICS 
  STORAGE(INITIAL 65536 NEXT 1048576 MINEXTENTS 1 MAXEXTENTS 2147483645
  PCTINCREASE 0 FREELISTS 1 FREELIST GROUPS 1
  BUFFER_POOL DEFAULT FLASH_CACHE DEFAULT CELL_FLASH_CACHE DEFAULT)
  TABLESPACE "USERS" ;
--------------------------------------------------------
--  DDL for Index M_TEKNISI_PK
--------------------------------------------------------

  CREATE UNIQUE INDEX "QMUSER"."M_TEKNISI_PK" ON "QMUSER"."M_TEKNISI" ("ID_TEKNISI") 
  PCTFREE 10 INITRANS 2 MAXTRANS 255 COMPUTE STATISTICS 
  STORAGE(INITIAL 65536 NEXT 1048576 MINEXTENTS 1 MAXEXTENTS 2147483645
  PCTINCREASE 0 FREELISTS 1 FREELIST GROUPS 1
  BUFFER_POOL DEFAULT FLASH_CACHE DEFAULT CELL_FLASH_CACHE DEFAULT)
  TABLESPACE "USERS" ;
--------------------------------------------------------
--  DDL for Index PK_C_PARAMETER
--------------------------------------------------------

  CREATE UNIQUE INDEX "QMUSER"."PK_C_PARAMETER" ON "QMUSER"."C_PARAMETER" ("ID_PARAMETER") 
  PCTFREE 10 INITRANS 2 MAXTRANS 255 COMPUTE STATISTICS 
  STORAGE(INITIAL 65536 NEXT 1048576 MINEXTENTS 1 MAXEXTENTS 2147483645
  PCTINCREASE 0 FREELISTS 1 FREELIST GROUPS 1
  BUFFER_POOL DEFAULT FLASH_CACHE DEFAULT CELL_FLASH_CACHE DEFAULT)
  TABLESPACE "USERS" ;
--------------------------------------------------------
--  DDL for Index PK_C_PRODUCT
--------------------------------------------------------

  CREATE UNIQUE INDEX "QMUSER"."PK_C_PRODUCT" ON "QMUSER"."C_PRODUCT" ("ID_C_PRODUCT") 
  PCTFREE 10 INITRANS 2 MAXTRANS 255 COMPUTE STATISTICS 
  STORAGE(INITIAL 65536 NEXT 1048576 MINEXTENTS 1 MAXEXTENTS 2147483645
  PCTINCREASE 0 FREELISTS 1 FREELIST GROUPS 1
  BUFFER_POOL DEFAULT FLASH_CACHE DEFAULT CELL_FLASH_CACHE DEFAULT)
  TABLESPACE "USERS" ;
--------------------------------------------------------
--  DDL for Index PK_C_RANGE_COMPONENT
--------------------------------------------------------

  CREATE UNIQUE INDEX "QMUSER"."PK_C_RANGE_COMPONENT" ON "QMUSER"."C_RANGE_COMPONENT" ("ID_RANGE_COMPONENT") 
  PCTFREE 10 INITRANS 2 MAXTRANS 255 COMPUTE STATISTICS 
  STORAGE(INITIAL 65536 NEXT 1048576 MINEXTENTS 1 MAXEXTENTS 2147483645
  PCTINCREASE 0 FREELISTS 1 FREELIST GROUPS 1
  BUFFER_POOL DEFAULT FLASH_CACHE DEFAULT CELL_FLASH_CACHE DEFAULT)
  TABLESPACE "USERS" ;
--------------------------------------------------------
--  DDL for Index PK_M_AREA
--------------------------------------------------------

  CREATE UNIQUE INDEX "QMUSER"."PK_M_AREA" ON "QMUSER"."M_AREA" ("ID_AREA") 
  PCTFREE 10 INITRANS 2 MAXTRANS 255 COMPUTE STATISTICS 
  STORAGE(INITIAL 65536 NEXT 1048576 MINEXTENTS 1 MAXEXTENTS 2147483645
  PCTINCREASE 0 FREELISTS 1 FREELIST GROUPS 1
  BUFFER_POOL DEFAULT FLASH_CACHE DEFAULT CELL_FLASH_CACHE DEFAULT)
  TABLESPACE "USERS" ;
--------------------------------------------------------
--  DDL for Index PK_M_COMPANY
--------------------------------------------------------

  CREATE UNIQUE INDEX "QMUSER"."PK_M_COMPANY" ON "QMUSER"."M_COMPANY" ("ID_COMPANY") 
  PCTFREE 10 INITRANS 2 MAXTRANS 255 COMPUTE STATISTICS 
  STORAGE(INITIAL 65536 NEXT 1048576 MINEXTENTS 1 MAXEXTENTS 2147483645
  PCTINCREASE 0 FREELISTS 1 FREELIST GROUPS 1
  BUFFER_POOL DEFAULT FLASH_CACHE DEFAULT CELL_FLASH_CACHE DEFAULT)
  TABLESPACE "USERS" ;
--------------------------------------------------------
--  DDL for Index PK_M_COMPONENT
--------------------------------------------------------

  CREATE UNIQUE INDEX "QMUSER"."PK_M_COMPONENT" ON "QMUSER"."M_COMPONENT" ("ID_COMPONENT") 
  PCTFREE 10 INITRANS 2 MAXTRANS 255 COMPUTE STATISTICS 
  STORAGE(INITIAL 65536 NEXT 1048576 MINEXTENTS 1 MAXEXTENTS 2147483645
  PCTINCREASE 0 FREELISTS 1 FREELIST GROUPS 1
  BUFFER_POOL DEFAULT FLASH_CACHE DEFAULT CELL_FLASH_CACHE DEFAULT)
  TABLESPACE "USERS" ;
--------------------------------------------------------
--  DDL for Index PK_M_GROUPAREA
--------------------------------------------------------

  CREATE UNIQUE INDEX "QMUSER"."PK_M_GROUPAREA" ON "QMUSER"."M_GROUPAREA" ("ID_GROUPAREA") 
  PCTFREE 10 INITRANS 2 MAXTRANS 255 COMPUTE STATISTICS 
  STORAGE(INITIAL 65536 NEXT 1048576 MINEXTENTS 1 MAXEXTENTS 2147483645
  PCTINCREASE 0 FREELISTS 1 FREELIST GROUPS 1
  BUFFER_POOL DEFAULT FLASH_CACHE DEFAULT CELL_FLASH_CACHE DEFAULT)
  TABLESPACE "USERS" ;
--------------------------------------------------------
--  DDL for Index PK_M_LEVEL_USER
--------------------------------------------------------

  CREATE UNIQUE INDEX "QMUSER"."PK_M_LEVEL_USER" ON "QMUSER"."M_LEVEL_USER" ("ID_LEVEL_USER") 
  PCTFREE 10 INITRANS 2 MAXTRANS 255 COMPUTE STATISTICS 
  STORAGE(INITIAL 65536 NEXT 1048576 MINEXTENTS 1 MAXEXTENTS 2147483645
  PCTINCREASE 0 FREELISTS 1 FREELIST GROUPS 1
  BUFFER_POOL DEFAULT FLASH_CACHE DEFAULT CELL_FLASH_CACHE DEFAULT)
  TABLESPACE "USERS" ;
--------------------------------------------------------
--  DDL for Index PK_M_MENU
--------------------------------------------------------

  CREATE UNIQUE INDEX "QMUSER"."PK_M_MENU" ON "QMUSER"."M_MENU" ("ID_MENU") 
  PCTFREE 10 INITRANS 2 MAXTRANS 255 COMPUTE STATISTICS 
  STORAGE(INITIAL 65536 NEXT 1048576 MINEXTENTS 1 MAXEXTENTS 2147483645
  PCTINCREASE 0 FREELISTS 1 FREELIST GROUPS 1
  BUFFER_POOL DEFAULT FLASH_CACHE DEFAULT CELL_FLASH_CACHE DEFAULT)
  TABLESPACE "USERS" ;
--------------------------------------------------------
--  DDL for Index PK_M_MESIN_STATUS
--------------------------------------------------------

  CREATE UNIQUE INDEX "QMUSER"."PK_M_MESIN_STATUS" ON "QMUSER"."M_MESIN_STATUS" ("ID_MESIN_STATUS") 
  PCTFREE 10 INITRANS 2 MAXTRANS 255 COMPUTE STATISTICS 
  STORAGE(INITIAL 65536 NEXT 1048576 MINEXTENTS 1 MAXEXTENTS 2147483645
  PCTINCREASE 0 FREELISTS 1 FREELIST GROUPS 1
  BUFFER_POOL DEFAULT FLASH_CACHE DEFAULT CELL_FLASH_CACHE DEFAULT)
  TABLESPACE "USERS" ;
--------------------------------------------------------
--  DDL for Index PK_M_PLANT
--------------------------------------------------------

  CREATE UNIQUE INDEX "QMUSER"."PK_M_PLANT" ON "QMUSER"."M_PLANT" ("ID_PLANT") 
  PCTFREE 10 INITRANS 2 MAXTRANS 255 COMPUTE STATISTICS 
  STORAGE(INITIAL 65536 NEXT 1048576 MINEXTENTS 1 MAXEXTENTS 2147483645
  PCTINCREASE 0 FREELISTS 1 FREELIST GROUPS 1
  BUFFER_POOL DEFAULT FLASH_CACHE DEFAULT CELL_FLASH_CACHE DEFAULT)
  TABLESPACE "USERS" ;
--------------------------------------------------------
--  DDL for Index PK_M_PRODUCT
--------------------------------------------------------

  CREATE UNIQUE INDEX "QMUSER"."PK_M_PRODUCT" ON "QMUSER"."M_PRODUCT" ("ID_PRODUCT") 
  PCTFREE 10 INITRANS 2 MAXTRANS 255 COMPUTE STATISTICS 
  STORAGE(INITIAL 65536 NEXT 1048576 MINEXTENTS 1 MAXEXTENTS 2147483645
  PCTINCREASE 0 FREELISTS 1 FREELIST GROUPS 1
  BUFFER_POOL DEFAULT FLASH_CACHE DEFAULT CELL_FLASH_CACHE DEFAULT)
  TABLESPACE "USERS" ;
--------------------------------------------------------
--  DDL for Index PK_M_USERS
--------------------------------------------------------

  CREATE UNIQUE INDEX "QMUSER"."PK_M_USERS" ON "QMUSER"."M_USERS" ("ID_USER") 
  PCTFREE 10 INITRANS 2 MAXTRANS 255 COMPUTE STATISTICS 
  STORAGE(INITIAL 65536 NEXT 1048576 MINEXTENTS 1 MAXEXTENTS 2147483645
  PCTINCREASE 0 FREELISTS 1 FREELIST GROUPS 1
  BUFFER_POOL DEFAULT FLASH_CACHE DEFAULT CELL_FLASH_CACHE DEFAULT)
  TABLESPACE "USERS" ;
--------------------------------------------------------
--  DDL for Index PK_T_CEMENT_DAILY
--------------------------------------------------------

  CREATE UNIQUE INDEX "QMUSER"."PK_T_CEMENT_DAILY" ON "QMUSER"."T_CEMENT_DAILY" ("ID_CEMENT_DAILY") 
  PCTFREE 10 INITRANS 2 MAXTRANS 255 COMPUTE STATISTICS 
  STORAGE( INITIAL 65536 NEXT 1048576 MINEXTENTS 1
  FREELISTS 1 FREELIST GROUPS 1
  BUFFER_POOL DEFAULT FLASH_CACHE DEFAULT CELL_FLASH_CACHE DEFAULT)
  TABLESPACE "USERS" ;
--------------------------------------------------------
--  DDL for Index PK_T_CEMENT_HOURLY
--------------------------------------------------------

  CREATE UNIQUE INDEX "QMUSER"."PK_T_CEMENT_HOURLY" ON "QMUSER"."T_CEMENT_HOURLY" ("ID_CEMENT_HOURLY") 
  PCTFREE 10 INITRANS 2 MAXTRANS 255 COMPUTE STATISTICS 
  STORAGE( INITIAL 65536 NEXT 1048576 MINEXTENTS 1
  FREELISTS 1 FREELIST GROUPS 1
  BUFFER_POOL DEFAULT FLASH_CACHE DEFAULT CELL_FLASH_CACHE DEFAULT)
  TABLESPACE "USERS" ;
--------------------------------------------------------
--  DDL for Index PK_T_PRODUCTION
--------------------------------------------------------

  CREATE UNIQUE INDEX "QMUSER"."PK_T_PRODUCTION" ON "QMUSER"."T_PRODUCTION" ("ID_PRODUCTION") 
  PCTFREE 10 INITRANS 2 MAXTRANS 255 COMPUTE STATISTICS 
  STORAGE( INITIAL 65536 NEXT 1048576 MINEXTENTS 1
  FREELISTS 1 FREELIST GROUPS 1
  BUFFER_POOL DEFAULT FLASH_CACHE DEFAULT CELL_FLASH_CACHE DEFAULT)
  TABLESPACE "USERS" ;
--------------------------------------------------------
--  DDL for Index PK_T_PRODUCTION_DAILY
--------------------------------------------------------

  CREATE UNIQUE INDEX "QMUSER"."PK_T_PRODUCTION_DAILY" ON "QMUSER"."T_PRODUCTION_DAILY" ("ID_PRODUCTION_DAILY") 
  PCTFREE 10 INITRANS 2 MAXTRANS 255 COMPUTE STATISTICS 
  STORAGE(INITIAL 65536 NEXT 1048576 MINEXTENTS 1 MAXEXTENTS 2147483645
  PCTINCREASE 0 FREELISTS 1 FREELIST GROUPS 1
  BUFFER_POOL DEFAULT FLASH_CACHE DEFAULT CELL_FLASH_CACHE DEFAULT)
  TABLESPACE "USERS" ;
--------------------------------------------------------
--  DDL for Index PK_T_PRODUCTION_HOURLY
--------------------------------------------------------

  CREATE UNIQUE INDEX "QMUSER"."PK_T_PRODUCTION_HOURLY" ON "QMUSER"."T_PRODUCTION_HOURLY" ("ID_PRODUCTION_HOURLY") 
  PCTFREE 10 INITRANS 2 MAXTRANS 255 COMPUTE STATISTICS 
  STORAGE(INITIAL 65536 NEXT 1048576 MINEXTENTS 1 MAXEXTENTS 2147483645
  PCTINCREASE 0 FREELISTS 1 FREELIST GROUPS 1
  BUFFER_POOL DEFAULT FLASH_CACHE DEFAULT CELL_FLASH_CACHE DEFAULT)
  TABLESPACE "USERS" ;
--------------------------------------------------------
--  DDL for Index T_SKORING_RAMAH_PK
--------------------------------------------------------

  CREATE UNIQUE INDEX "QMUSER"."T_SKORING_RAMAH_PK" ON "QMUSER"."T_SKORING_RAMAH" ("ID_SKORING") 
  PCTFREE 10 INITRANS 2 MAXTRANS 255 COMPUTE STATISTICS 
  STORAGE(INITIAL 65536 NEXT 1048576 MINEXTENTS 1 MAXEXTENTS 2147483645
  PCTINCREASE 0 FREELISTS 1 FREELIST GROUPS 1
  BUFFER_POOL DEFAULT FLASH_CACHE DEFAULT CELL_FLASH_CACHE DEFAULT)
  TABLESPACE "SYSTEM" ;
--------------------------------------------------------
--  DDL for Procedure DASHBOARD
--------------------------------------------------------
set define off;

  CREATE OR REPLACE PROCEDURE "QMUSER"."DASHBOARD" (vPLANT VARCHAR2(4000)) IS 
BEGIN

  select a.ID_COMPANY, a.ID_PLANT, a.NM_PLANT, c.ID_GROUPAREA, d.ID_AREA, e.DATE_DATA, e.DATE_ENTRY, e.ID_PRODUCTION_DAILY
  from m_plant a
  left join c_parameter b on a.ID_PLANT=b.ID_PLANT
  left join m_grouparea c on c.ID_GROUPAREA=c.ID_GROUPAREA
  left join m_area d on a.ID_PLANT=d.ID_PLANT and d.ID_GROUPAREA=c.ID_GROUPAREA
  left join t_production_daily e on e.ID_AREA=d.ID_AREA
  WHERE d.ID_PLANT IN (vPLANT);
 END;

/
--------------------------------------------------------
--  DDL for Procedure NCQR_DASHBOARD
--------------------------------------------------------
set define off;

  CREATE OR REPLACE PROCEDURE "QMUSER"."NCQR_DASHBOARD" (vID_COMPANY INTEGER, vSTARTDATE DATE, vENDDATE DATE) is
BEGIN
SELECT SYSDATE as TANGGAL
from DUAL;
END;

/
--------------------------------------------------------
--  Constraints for Table C_PARAMETER
--------------------------------------------------------

  ALTER TABLE "QMUSER"."C_PARAMETER" ADD CONSTRAINT "PK_C_PARAMETER" PRIMARY KEY ("ID_PARAMETER")
  USING INDEX PCTFREE 10 INITRANS 2 MAXTRANS 255 COMPUTE STATISTICS 
  STORAGE(INITIAL 65536 NEXT 1048576 MINEXTENTS 1 MAXEXTENTS 2147483645
  PCTINCREASE 0 FREELISTS 1 FREELIST GROUPS 1
  BUFFER_POOL DEFAULT FLASH_CACHE DEFAULT CELL_FLASH_CACHE DEFAULT)
  TABLESPACE "USERS"  ENABLE;
  ALTER TABLE "QMUSER"."C_PARAMETER" MODIFY ("ID_PARAMETER" NOT NULL ENABLE);
--------------------------------------------------------
--  Constraints for Table C_PRODUCT
--------------------------------------------------------

  ALTER TABLE "QMUSER"."C_PRODUCT" ADD CONSTRAINT "PK_C_PRODUCT" PRIMARY KEY ("ID_C_PRODUCT")
  USING INDEX PCTFREE 10 INITRANS 2 MAXTRANS 255 COMPUTE STATISTICS 
  STORAGE(INITIAL 65536 NEXT 1048576 MINEXTENTS 1 MAXEXTENTS 2147483645
  PCTINCREASE 0 FREELISTS 1 FREELIST GROUPS 1
  BUFFER_POOL DEFAULT FLASH_CACHE DEFAULT CELL_FLASH_CACHE DEFAULT)
  TABLESPACE "USERS"  ENABLE;
  ALTER TABLE "QMUSER"."C_PRODUCT" MODIFY ("ID_C_PRODUCT" NOT NULL ENABLE);
--------------------------------------------------------
--  Constraints for Table C_RANGE_COMPONENT
--------------------------------------------------------

  ALTER TABLE "QMUSER"."C_RANGE_COMPONENT" ADD CONSTRAINT "PK_C_RANGE_COMPONENT" PRIMARY KEY ("ID_RANGE_COMPONENT")
  USING INDEX PCTFREE 10 INITRANS 2 MAXTRANS 255 COMPUTE STATISTICS 
  STORAGE(INITIAL 65536 NEXT 1048576 MINEXTENTS 1 MAXEXTENTS 2147483645
  PCTINCREASE 0 FREELISTS 1 FREELIST GROUPS 1
  BUFFER_POOL DEFAULT FLASH_CACHE DEFAULT CELL_FLASH_CACHE DEFAULT)
  TABLESPACE "USERS"  ENABLE;
  ALTER TABLE "QMUSER"."C_RANGE_COMPONENT" MODIFY ("ID_RANGE_COMPONENT" NOT NULL ENABLE);
--------------------------------------------------------
--  Constraints for Table D_PARAMETER
--------------------------------------------------------

  ALTER TABLE "QMUSER"."D_PARAMETER" MODIFY ("ID_PARAMETER" NOT NULL ENABLE);
--------------------------------------------------------
--  Constraints for Table M_AREA
--------------------------------------------------------

  ALTER TABLE "QMUSER"."M_AREA" ADD CONSTRAINT "PK_M_AREA" PRIMARY KEY ("ID_AREA")
  USING INDEX PCTFREE 10 INITRANS 2 MAXTRANS 255 COMPUTE STATISTICS 
  STORAGE(INITIAL 65536 NEXT 1048576 MINEXTENTS 1 MAXEXTENTS 2147483645
  PCTINCREASE 0 FREELISTS 1 FREELIST GROUPS 1
  BUFFER_POOL DEFAULT FLASH_CACHE DEFAULT CELL_FLASH_CACHE DEFAULT)
  TABLESPACE "USERS"  ENABLE;
  ALTER TABLE "QMUSER"."M_AREA" MODIFY ("ID_AREA" NOT NULL ENABLE);
--------------------------------------------------------
--  Constraints for Table M_ASPEK
--------------------------------------------------------

  ALTER TABLE "QMUSER"."M_ASPEK" ADD CONSTRAINT "M_ASPEK_PK" PRIMARY KEY ("ID_ASPEK")
  USING INDEX PCTFREE 10 INITRANS 2 MAXTRANS 255 COMPUTE STATISTICS 
  STORAGE(INITIAL 65536 NEXT 1048576 MINEXTENTS 1 MAXEXTENTS 2147483645
  PCTINCREASE 0 FREELISTS 1 FREELIST GROUPS 1
  BUFFER_POOL DEFAULT FLASH_CACHE DEFAULT CELL_FLASH_CACHE DEFAULT)
  TABLESPACE "SYSTEM"  ENABLE;
--------------------------------------------------------
--  Constraints for Table M_BATASAN
--------------------------------------------------------

  ALTER TABLE "QMUSER"."M_BATASAN" ADD CONSTRAINT "M_BATASAN_PK" PRIMARY KEY ("ID_KRITERIA")
  USING INDEX PCTFREE 10 INITRANS 2 MAXTRANS 255 COMPUTE STATISTICS 
  STORAGE(INITIAL 65536 NEXT 1048576 MINEXTENTS 1 MAXEXTENTS 2147483645
  PCTINCREASE 0 FREELISTS 1 FREELIST GROUPS 1
  BUFFER_POOL DEFAULT FLASH_CACHE DEFAULT CELL_FLASH_CACHE DEFAULT)
  TABLESPACE "SYSTEM"  ENABLE;
--------------------------------------------------------
--  Constraints for Table M_COMPANY
--------------------------------------------------------

  ALTER TABLE "QMUSER"."M_COMPANY" ADD CONSTRAINT "PK_M_COMPANY" PRIMARY KEY ("ID_COMPANY")
  USING INDEX PCTFREE 10 INITRANS 2 MAXTRANS 255 COMPUTE STATISTICS 
  STORAGE(INITIAL 65536 NEXT 1048576 MINEXTENTS 1 MAXEXTENTS 2147483645
  PCTINCREASE 0 FREELISTS 1 FREELIST GROUPS 1
  BUFFER_POOL DEFAULT FLASH_CACHE DEFAULT CELL_FLASH_CACHE DEFAULT)
  TABLESPACE "USERS"  ENABLE;
  ALTER TABLE "QMUSER"."M_COMPANY" MODIFY ("ID_COMPANY" NOT NULL ENABLE);
--------------------------------------------------------
--  Constraints for Table M_COMPONENT
--------------------------------------------------------

  ALTER TABLE "QMUSER"."M_COMPONENT" ADD CONSTRAINT "PK_M_COMPONENT" PRIMARY KEY ("ID_COMPONENT")
  USING INDEX PCTFREE 10 INITRANS 2 MAXTRANS 255 COMPUTE STATISTICS 
  STORAGE(INITIAL 65536 NEXT 1048576 MINEXTENTS 1 MAXEXTENTS 2147483645
  PCTINCREASE 0 FREELISTS 1 FREELIST GROUPS 1
  BUFFER_POOL DEFAULT FLASH_CACHE DEFAULT CELL_FLASH_CACHE DEFAULT)
  TABLESPACE "USERS"  ENABLE;
  ALTER TABLE "QMUSER"."M_COMPONENT" MODIFY ("ID_COMPONENT" NOT NULL ENABLE);
--------------------------------------------------------
--  Constraints for Table M_GROUPAREA
--------------------------------------------------------

  ALTER TABLE "QMUSER"."M_GROUPAREA" ADD CONSTRAINT "PK_M_GROUPAREA" PRIMARY KEY ("ID_GROUPAREA")
  USING INDEX PCTFREE 10 INITRANS 2 MAXTRANS 255 COMPUTE STATISTICS 
  STORAGE(INITIAL 65536 NEXT 1048576 MINEXTENTS 1 MAXEXTENTS 2147483645
  PCTINCREASE 0 FREELISTS 1 FREELIST GROUPS 1
  BUFFER_POOL DEFAULT FLASH_CACHE DEFAULT CELL_FLASH_CACHE DEFAULT)
  TABLESPACE "USERS"  ENABLE;
  ALTER TABLE "QMUSER"."M_GROUPAREA" MODIFY ("ID_GROUPAREA" NOT NULL ENABLE);
--------------------------------------------------------
--  Constraints for Table M_GROUPMENU
--------------------------------------------------------

  ALTER TABLE "QMUSER"."M_GROUPMENU" MODIFY ("NO_ORDER" NOT NULL ENABLE);
  ALTER TABLE "QMUSER"."M_GROUPMENU" MODIFY ("ID_GROUPMENU" NOT NULL ENABLE);
--------------------------------------------------------
--  Constraints for Table M_INCIDENT
--------------------------------------------------------

  ALTER TABLE "QMUSER"."M_INCIDENT" ADD CONSTRAINT "M_INCIDENT_PK" PRIMARY KEY ("ID_INCIDENT")
  USING INDEX PCTFREE 10 INITRANS 2 MAXTRANS 255 COMPUTE STATISTICS 
  STORAGE(INITIAL 65536 NEXT 1048576 MINEXTENTS 1 MAXEXTENTS 2147483645
  PCTINCREASE 0 FREELISTS 1 FREELIST GROUPS 1
  BUFFER_POOL DEFAULT FLASH_CACHE DEFAULT CELL_FLASH_CACHE DEFAULT)
  TABLESPACE "USERS"  ENABLE;
  ALTER TABLE "QMUSER"."M_INCIDENT" MODIFY ("ID_INCIDENT" NOT NULL ENABLE);
--------------------------------------------------------
--  Constraints for Table M_INCIDENT_TYPE
--------------------------------------------------------

  ALTER TABLE "QMUSER"."M_INCIDENT_TYPE" ADD CONSTRAINT "M_INCIDENT_TYPE_PK" PRIMARY KEY ("ID_INCIDENT_TYPE")
  USING INDEX PCTFREE 10 INITRANS 2 MAXTRANS 255 COMPUTE STATISTICS 
  STORAGE(INITIAL 65536 NEXT 1048576 MINEXTENTS 1 MAXEXTENTS 2147483645
  PCTINCREASE 0 FREELISTS 1 FREELIST GROUPS 1
  BUFFER_POOL DEFAULT FLASH_CACHE DEFAULT CELL_FLASH_CACHE DEFAULT)
  TABLESPACE "USERS"  ENABLE;
  ALTER TABLE "QMUSER"."M_INCIDENT_TYPE" MODIFY ("ID_INCIDENT_TYPE" NOT NULL ENABLE);
--------------------------------------------------------
--  Constraints for Table M_INDIKATOR
--------------------------------------------------------

  ALTER TABLE "QMUSER"."M_INDIKATOR" ADD CONSTRAINT "M_INDIKATOR_PK" PRIMARY KEY ("ID_INDIKATOR")
  USING INDEX PCTFREE 10 INITRANS 2 MAXTRANS 255 COMPUTE STATISTICS 
  STORAGE(INITIAL 65536 NEXT 1048576 MINEXTENTS 1 MAXEXTENTS 2147483645
  PCTINCREASE 0 FREELISTS 1 FREELIST GROUPS 1
  BUFFER_POOL DEFAULT FLASH_CACHE DEFAULT CELL_FLASH_CACHE DEFAULT)
  TABLESPACE "SYSTEM"  ENABLE;
--------------------------------------------------------
--  Constraints for Table M_JABATAN
--------------------------------------------------------

  ALTER TABLE "QMUSER"."M_JABATAN" MODIFY ("ID_JABATAN" NOT NULL ENABLE);
--------------------------------------------------------
--  Constraints for Table M_JENIS_ASPEK
--------------------------------------------------------

  ALTER TABLE "QMUSER"."M_JENIS_ASPEK" ADD CONSTRAINT "M_JENIS_ASPEK_PK" PRIMARY KEY ("ID_JENIS_ASPEK")
  USING INDEX PCTFREE 10 INITRANS 2 MAXTRANS 255 COMPUTE STATISTICS 
  STORAGE(INITIAL 65536 NEXT 1048576 MINEXTENTS 1 MAXEXTENTS 2147483645
  PCTINCREASE 0 FREELISTS 1 FREELIST GROUPS 1
  BUFFER_POOL DEFAULT FLASH_CACHE DEFAULT CELL_FLASH_CACHE DEFAULT)
  TABLESPACE "SYSTEM"  ENABLE;
--------------------------------------------------------
--  Constraints for Table M_KRITERIA
--------------------------------------------------------

  ALTER TABLE "QMUSER"."M_KRITERIA" ADD CONSTRAINT "M_KRITERIA_PK" PRIMARY KEY ("ID_KRITERIA")
  USING INDEX PCTFREE 10 INITRANS 2 MAXTRANS 255 COMPUTE STATISTICS 
  STORAGE(INITIAL 65536 NEXT 1048576 MINEXTENTS 1 MAXEXTENTS 2147483645
  PCTINCREASE 0 FREELISTS 1 FREELIST GROUPS 1
  BUFFER_POOL DEFAULT FLASH_CACHE DEFAULT CELL_FLASH_CACHE DEFAULT)
  TABLESPACE "SYSTEM"  ENABLE;
--------------------------------------------------------
--  Constraints for Table M_LEVEL_USER
--------------------------------------------------------

  ALTER TABLE "QMUSER"."M_LEVEL_USER" ADD CONSTRAINT "PK_M_LEVEL_USER" PRIMARY KEY ("ID_LEVEL_USER")
  USING INDEX PCTFREE 10 INITRANS 2 MAXTRANS 255 COMPUTE STATISTICS 
  STORAGE(INITIAL 65536 NEXT 1048576 MINEXTENTS 1 MAXEXTENTS 2147483645
  PCTINCREASE 0 FREELISTS 1 FREELIST GROUPS 1
  BUFFER_POOL DEFAULT FLASH_CACHE DEFAULT CELL_FLASH_CACHE DEFAULT)
  TABLESPACE "USERS"  ENABLE;
  ALTER TABLE "QMUSER"."M_LEVEL_USER" MODIFY ("ID_LEVEL_USER" NOT NULL ENABLE);
--------------------------------------------------------
--  Constraints for Table M_MENU
--------------------------------------------------------

  ALTER TABLE "QMUSER"."M_MENU" ADD CONSTRAINT "PK_M_MENU" PRIMARY KEY ("ID_MENU")
  USING INDEX PCTFREE 10 INITRANS 2 MAXTRANS 255 COMPUTE STATISTICS 
  STORAGE(INITIAL 65536 NEXT 1048576 MINEXTENTS 1 MAXEXTENTS 2147483645
  PCTINCREASE 0 FREELISTS 1 FREELIST GROUPS 1
  BUFFER_POOL DEFAULT FLASH_CACHE DEFAULT CELL_FLASH_CACHE DEFAULT)
  TABLESPACE "USERS"  ENABLE;
  ALTER TABLE "QMUSER"."M_MENU" MODIFY ("ID_MENU" NOT NULL ENABLE);
--------------------------------------------------------
--  Constraints for Table M_MESIN_STATUS
--------------------------------------------------------

  ALTER TABLE "QMUSER"."M_MESIN_STATUS" ADD CONSTRAINT "PK_M_MESIN_STATUS" PRIMARY KEY ("ID_MESIN_STATUS")
  USING INDEX PCTFREE 10 INITRANS 2 MAXTRANS 255 COMPUTE STATISTICS 
  STORAGE(INITIAL 65536 NEXT 1048576 MINEXTENTS 1 MAXEXTENTS 2147483645
  PCTINCREASE 0 FREELISTS 1 FREELIST GROUPS 1
  BUFFER_POOL DEFAULT FLASH_CACHE DEFAULT CELL_FLASH_CACHE DEFAULT)
  TABLESPACE "USERS"  ENABLE;
  ALTER TABLE "QMUSER"."M_MESIN_STATUS" MODIFY ("ID_MESIN_STATUS" NOT NULL ENABLE);
--------------------------------------------------------
--  Constraints for Table M_OPCO
--------------------------------------------------------

  ALTER TABLE "QMUSER"."M_OPCO" MODIFY ("ID_OPCO" NOT NULL ENABLE);
--------------------------------------------------------
--  Constraints for Table M_PLANT
--------------------------------------------------------

  ALTER TABLE "QMUSER"."M_PLANT" ADD CONSTRAINT "PK_M_PLANT" PRIMARY KEY ("ID_PLANT")
  USING INDEX PCTFREE 10 INITRANS 2 MAXTRANS 255 COMPUTE STATISTICS 
  STORAGE(INITIAL 65536 NEXT 1048576 MINEXTENTS 1 MAXEXTENTS 2147483645
  PCTINCREASE 0 FREELISTS 1 FREELIST GROUPS 1
  BUFFER_POOL DEFAULT FLASH_CACHE DEFAULT CELL_FLASH_CACHE DEFAULT)
  TABLESPACE "USERS"  ENABLE;
  ALTER TABLE "QMUSER"."M_PLANT" MODIFY ("ID_PLANT" NOT NULL ENABLE);
--------------------------------------------------------
--  Constraints for Table M_PRODUCT
--------------------------------------------------------

  ALTER TABLE "QMUSER"."M_PRODUCT" ADD CONSTRAINT "PK_M_PRODUCT" PRIMARY KEY ("ID_PRODUCT")
  USING INDEX PCTFREE 10 INITRANS 2 MAXTRANS 255 COMPUTE STATISTICS 
  STORAGE(INITIAL 65536 NEXT 1048576 MINEXTENTS 1 MAXEXTENTS 2147483645
  PCTINCREASE 0 FREELISTS 1 FREELIST GROUPS 1
  BUFFER_POOL DEFAULT FLASH_CACHE DEFAULT CELL_FLASH_CACHE DEFAULT)
  TABLESPACE "USERS"  ENABLE;
  ALTER TABLE "QMUSER"."M_PRODUCT" MODIFY ("ID_PRODUCT" NOT NULL ENABLE);
--------------------------------------------------------
--  Constraints for Table M_SCORE_PENANGANAN
--------------------------------------------------------

  ALTER TABLE "QMUSER"."M_SCORE_PENANGANAN" MODIFY ("ID_SCORE_PENANGANAN" NOT NULL ENABLE);
--------------------------------------------------------
--  Constraints for Table M_SOLUTION
--------------------------------------------------------

  ALTER TABLE "QMUSER"."M_SOLUTION" MODIFY ("ID_SOLUTION" NOT NULL ENABLE);
--------------------------------------------------------
--  Constraints for Table M_TEKNISI
--------------------------------------------------------

  ALTER TABLE "QMUSER"."M_TEKNISI" ADD CONSTRAINT "M_TEKNISI_PK" PRIMARY KEY ("ID_TEKNISI")
  USING INDEX PCTFREE 10 INITRANS 2 MAXTRANS 255 COMPUTE STATISTICS 
  STORAGE(INITIAL 65536 NEXT 1048576 MINEXTENTS 1 MAXEXTENTS 2147483645
  PCTINCREASE 0 FREELISTS 1 FREELIST GROUPS 1
  BUFFER_POOL DEFAULT FLASH_CACHE DEFAULT CELL_FLASH_CACHE DEFAULT)
  TABLESPACE "USERS"  ENABLE;
  ALTER TABLE "QMUSER"."M_TEKNISI" MODIFY ("ID_TEKNISI" NOT NULL ENABLE);
--------------------------------------------------------
--  Constraints for Table M_USERS
--------------------------------------------------------

  ALTER TABLE "QMUSER"."M_USERS" ADD CONSTRAINT "PK_M_USERS" PRIMARY KEY ("ID_USER")
  USING INDEX PCTFREE 10 INITRANS 2 MAXTRANS 255 COMPUTE STATISTICS 
  STORAGE(INITIAL 65536 NEXT 1048576 MINEXTENTS 1 MAXEXTENTS 2147483645
  PCTINCREASE 0 FREELISTS 1 FREELIST GROUPS 1
  BUFFER_POOL DEFAULT FLASH_CACHE DEFAULT CELL_FLASH_CACHE DEFAULT)
  TABLESPACE "USERS"  ENABLE;
  ALTER TABLE "QMUSER"."M_USERS" MODIFY ("ID_USER" NOT NULL ENABLE);
--------------------------------------------------------
--  Constraints for Table T_CEMENT_DAILY
--------------------------------------------------------

  ALTER TABLE "QMUSER"."T_CEMENT_DAILY" ADD CONSTRAINT "PK_T_CEMENT_DAILY" PRIMARY KEY ("ID_CEMENT_DAILY")
  USING INDEX PCTFREE 10 INITRANS 2 MAXTRANS 255 COMPUTE STATISTICS 
  STORAGE( INITIAL 65536 NEXT 1048576 MINEXTENTS 1
  FREELISTS 1 FREELIST GROUPS 1
  BUFFER_POOL DEFAULT FLASH_CACHE DEFAULT CELL_FLASH_CACHE DEFAULT)
  TABLESPACE "USERS"  ENABLE;
  ALTER TABLE "QMUSER"."T_CEMENT_DAILY" MODIFY ("ID_CEMENT_DAILY" NOT NULL ENABLE);
--------------------------------------------------------
--  Constraints for Table T_CEMENT_HOURLY
--------------------------------------------------------

  ALTER TABLE "QMUSER"."T_CEMENT_HOURLY" ADD CONSTRAINT "PK_T_CEMENT_HOURLY" PRIMARY KEY ("ID_CEMENT_HOURLY")
  USING INDEX PCTFREE 10 INITRANS 2 MAXTRANS 255 COMPUTE STATISTICS 
  STORAGE( INITIAL 65536 NEXT 1048576 MINEXTENTS 1
  FREELISTS 1 FREELIST GROUPS 1
  BUFFER_POOL DEFAULT FLASH_CACHE DEFAULT CELL_FLASH_CACHE DEFAULT)
  TABLESPACE "USERS"  ENABLE;
  ALTER TABLE "QMUSER"."T_CEMENT_HOURLY" MODIFY ("ID_CEMENT_HOURLY" NOT NULL ENABLE);
--------------------------------------------------------
--  Constraints for Table T_PRODUCTION
--------------------------------------------------------

  ALTER TABLE "QMUSER"."T_PRODUCTION" ADD CONSTRAINT "PK_T_PRODUCTION" PRIMARY KEY ("ID_PRODUCTION")
  USING INDEX PCTFREE 10 INITRANS 2 MAXTRANS 255 COMPUTE STATISTICS 
  STORAGE( INITIAL 65536 NEXT 1048576 MINEXTENTS 1
  FREELISTS 1 FREELIST GROUPS 1
  BUFFER_POOL DEFAULT FLASH_CACHE DEFAULT CELL_FLASH_CACHE DEFAULT)
  TABLESPACE "USERS"  ENABLE;
  ALTER TABLE "QMUSER"."T_PRODUCTION" MODIFY ("ID_PRODUCTION" NOT NULL ENABLE);
--------------------------------------------------------
--  Constraints for Table T_PRODUCTION_DAILY
--------------------------------------------------------

  ALTER TABLE "QMUSER"."T_PRODUCTION_DAILY" ADD CONSTRAINT "PK_T_PRODUCTION_DAILY" PRIMARY KEY ("ID_PRODUCTION_DAILY")
  USING INDEX PCTFREE 10 INITRANS 2 MAXTRANS 255 COMPUTE STATISTICS 
  STORAGE(INITIAL 65536 NEXT 1048576 MINEXTENTS 1 MAXEXTENTS 2147483645
  PCTINCREASE 0 FREELISTS 1 FREELIST GROUPS 1
  BUFFER_POOL DEFAULT FLASH_CACHE DEFAULT CELL_FLASH_CACHE DEFAULT)
  TABLESPACE "USERS"  ENABLE;
  ALTER TABLE "QMUSER"."T_PRODUCTION_DAILY" MODIFY ("ID_PRODUCTION_DAILY" NOT NULL ENABLE);
--------------------------------------------------------
--  Constraints for Table T_PRODUCTION_HOURLY
--------------------------------------------------------

  ALTER TABLE "QMUSER"."T_PRODUCTION_HOURLY" ADD CONSTRAINT "PK_T_PRODUCTION_HOURLY" PRIMARY KEY ("ID_PRODUCTION_HOURLY")
  USING INDEX PCTFREE 10 INITRANS 2 MAXTRANS 255 COMPUTE STATISTICS 
  STORAGE(INITIAL 65536 NEXT 1048576 MINEXTENTS 1 MAXEXTENTS 2147483645
  PCTINCREASE 0 FREELISTS 1 FREELIST GROUPS 1
  BUFFER_POOL DEFAULT FLASH_CACHE DEFAULT CELL_FLASH_CACHE DEFAULT)
  TABLESPACE "USERS"  ENABLE;
  ALTER TABLE "QMUSER"."T_PRODUCTION_HOURLY" MODIFY ("ID_PRODUCTION_HOURLY" NOT NULL ENABLE);
--------------------------------------------------------
--  Constraints for Table T_SKORING_RAMAH
--------------------------------------------------------

  ALTER TABLE "QMUSER"."T_SKORING_RAMAH" ADD CONSTRAINT "T_SKORING_RAMAH_PK" PRIMARY KEY ("ID_SKORING")
  USING INDEX PCTFREE 10 INITRANS 2 MAXTRANS 255 COMPUTE STATISTICS 
  STORAGE(INITIAL 65536 NEXT 1048576 MINEXTENTS 1 MAXEXTENTS 2147483645
  PCTINCREASE 0 FREELISTS 1 FREELIST GROUPS 1
  BUFFER_POOL DEFAULT FLASH_CACHE DEFAULT CELL_FLASH_CACHE DEFAULT)
  TABLESPACE "SYSTEM"  ENABLE;
